timestamp,solar_kw,wind_kw,demand_kw,battery_percent,temperature_c,fuel_liters,weather,scenario
2025-01-01 00:00:00,0.0,120.0,45.0,92.6,0.1,5000.0,Clear,normal
2025-01-01 01:00:00,3.1,94.7,45.0,95.0,-3.2,5000.0,Cloudy,normal
2025-01-01 02:00:00,6.0,120.0,45.0,95.0,0.3,5000.0,Cloudy,normal
2025-01-01 03:00:00,12.7,19.3,45.0,89.8,0.3,5000.0,Clear,normal
2025-01-01 04:00:00,15.0,0.3,45.0,78.0,-6.4,5000.0,Clear,normal
2025-01-01 05:00:00,19.1,0.5,45.6,67.6,-5.3,5000.0,Clear,normal
2025-01-01 06:00:00,22.3,2.0,45.0,59.3,-2.4,5000.0,Clear,normal
2025-01-01 07:00:00,12.6,0.0,45.0,46.3,-3.5,5000.0,Snow,normal
2025-01-01 08:00:00,21.8,31.6,47.0,48.7,-2.9,5000.0,Cloudy,normal
2025-01-01 09:00:00,25.4,13.0,45.0,46.0,-4.7,5000.0,Cloudy,normal
2025-01-01 10:00:00,20.1,3.6,45.0,37.5,-0.7,5000.0,Cloudy,normal
2025-01-01 11:00:00,30.2,8.2,52.2,32.0,-0.7,5000.0,Clear,normal
2025-01-01 12:00:00,11.2,1.1,47.2,18.0,-2.0,5000.0,Snow,normal
2025-01-01 13:00:00,27.2,120.0,53.7,52.4,0.7,5000.0,Storm,peak_solar
2025-01-01 14:00:00,16.0,0.0,45.0,40.8,-0.3,5000.0,Snow,normal
2025-01-01 15:00:00,26.0,0.0,54.1,29.6,-2.8,5000.0,Clear,normal
2025-01-01 16:00:00,13.9,80.3,45.0,47.7,0.2,5000.0,Snow,normal
2025-01-01 17:00:00,21.8,8.4,49.0,40.2,-2.4,5000.0,Cloudy,normal
2025-01-01 18:00:00,18.5,120.0,45.0,74.6,1.9,5000.0,Cloudy,normal
2025-01-01 19:00:00,11.7,20.6,45.0,69.5,0.0,5000.0,Cloudy,normal
2025-01-01 20:00:00,17.5,45.8,45.0,76.2,-0.3,5000.0,Clear,normal
2025-01-01 21:00:00,8.2,2.1,45.0,62.4,-1.4,5000.0,Cloudy,normal
2025-01-01 22:00:00,6.0,103.4,45.0,86.1,2.6,5000.0,Cloudy,normal
2025-01-01 23:00:00,3.6,0.0,45.0,69.5,-0.6,5000.0,Clear,normal
2025-01-02 00:00:00,0.0,15.1,45.0,57.6,-1.5,5000.0,Cloudy,normal
2025-01-02 01:00:00,3.5,0.3,45.0,41.1,-1.7,5000.0,Cloudy,normal
2025-01-02 02:00:00,6.5,18.6,45.0,33.1,-0.1,5000.0,Cloudy,normal
2025-01-02 03:00:00,6.7,120.0,45.0,63.2,-0.9,5000.0,Storm,normal
2025-01-02 04:00:00,14.8,3.2,45.0,52.4,-1.1,5000.0,Clear,normal
2025-01-02 05:00:00,12.5,2.3,45.0,40.3,-1.4,5000.0,Cloudy,normal
2025-01-02 06:00:00,7.4,43.6,45.0,42.5,2.1,5000.0,Snow,normal
2025-01-02 07:00:00,15.6,1.4,45.0,31.3,-3.6,5000.0,Cloudy,normal
2025-01-02 08:00:00,22.9,45.0,45.3,39.6,-3.9,5000.0,Cloudy,normal
2025-01-02 09:00:00,14.6,9.6,45.0,31.3,-4.5,5000.0,Snow,normal
2025-01-02 10:00:00,22.7,0.0,47.9,21.2,-1.2,5000.0,Cloudy,normal
2025-01-02 11:00:00,21.1,0.0,46.9,15.0,0.1,4996.2,Cloudy,critical
2025-01-02 12:00:00,25.4,0.0,48.3,15.0,-2.3,4988.2,Cloudy,storm
2025-01-02 13:00:00,28.9,0.0,45.0,15.0,-3.5,4982.5,Clear,storm
2025-01-02 14:00:00,24.3,7.5,45.3,15.0,-3.1,4977.6,Cloudy,storm
2025-01-02 15:00:00,14.2,0.0,48.0,15.0,0.5,4966.3,Snow,storm
2025-01-02 16:00:00,20.9,0.0,46.2,15.0,1.1,4957.6,Cloudy,storm
2025-01-02 17:00:00,19.2,0.2,48.1,15.0,1.0,4947.8,Cloudy,storm
2025-01-02 18:00:00,17.3,120.0,45.0,49.0,-1.5,4947.8,Cloudy,normal
2025-01-02 19:00:00,12.7,2.5,45.4,36.8,0.7,4947.8,Cloudy,normal
2025-01-02 20:00:00,8.7,17.0,45.7,28.8,0.5,4947.8,Snow,normal
2025-01-02 21:00:00,8.8,120.0,45.0,59.7,0.6,4947.8,Cloudy,normal
2025-01-02 22:00:00,8.1,0.0,45.0,44.9,1.9,4947.8,Clear,normal
2025-01-02 23:00:00,1.8,120.0,45.0,73.2,0.3,4947.8,Storm,normal
2025-01-03 00:00:00,0.0,0.0,45.0,55.2,1.0,4947.8,Clear,normal
2025-01-03 01:00:00,3.2,0.6,45.0,38.7,-0.7,4947.8,Cloudy,normal
2025-01-03 02:00:00,2.5,120.0,45.0,67.3,-0.6,4947.8,Storm,normal
2025-01-03 03:00:00,12.2,0.8,45.0,54.4,-0.3,4947.8,Clear,normal
2025-01-03 04:00:00,12.6,120.0,45.0,86.7,-5.2,4947.8,Storm,normal
2025-01-03 05:00:00,16.1,120.0,45.0,95.0,-3.0,4947.8,Cloudy,normal
2025-01-03 06:00:00,18.5,0.3,45.0,84.5,-3.6,4947.8,Cloudy,normal
2025-01-03 07:00:00,26.4,120.0,45.0,95.0,-4.1,4947.8,Clear,peak_solar
2025-01-03 08:00:00,29.3,0.0,45.3,88.6,-3.4,4947.8,Clear,normal
2025-01-03 09:00:00,22.1,2.8,47.5,79.6,0.6,4947.8,Cloudy,normal
2025-01-03 10:00:00,23.0,11.4,52.5,72.3,-4.5,4947.8,Cloudy,normal
2025-01-03 11:00:00,27.1,0.4,47.4,64.4,-0.2,4947.8,Cloudy,normal
2025-01-03 12:00:00,35.0,0.3,51.7,57.9,-5.7,4947.8,Clear,normal
2025-01-03 13:00:00,24.2,8.8,46.4,52.6,-2.4,4947.8,Cloudy,normal
2025-01-03 14:00:00,30.8,120.0,45.0,91.5,-0.9,4947.8,Storm,peak_solar
2025-01-03 15:00:00,35.5,120.0,45.0,95.0,0.4,4947.8,Storm,peak_solar
2025-01-03 16:00:00,22.5,0.2,47.1,85.2,1.1,4947.8,Cloudy,normal
2025-01-03 17:00:00,20.0,0.2,47.5,74.3,1.6,4947.8,Cloudy,normal
2025-01-03 18:00:00,13.8,40.6,45.0,77.8,-0.7,4947.8,Cloudy,normal
2025-01-03 19:00:00,14.7,39.7,45.0,81.2,-0.8,4947.8,Cloudy,normal
2025-01-03 20:00:00,11.0,120.0,45.0,95.0,2.1,4947.8,Cloudy,normal
2025-01-03 21:00:00,8.7,120.0,45.0,95.0,-0.2,4947.8,Cloudy,normal
2025-01-03 22:00:00,5.6,0.0,45.0,79.3,-2.8,4947.8,Cloudy,normal
2025-01-03 23:00:00,4.3,0.0,45.0,63.0,-2.7,4947.8,Clear,normal
2025-01-04 00:00:00,0.0,27.2,45.0,55.8,-2.5,4947.8,Snow,normal
2025-01-04 01:00:00,3.4,9.0,45.0,42.8,0.3,4947.8,Cloudy,normal
2025-01-04 02:00:00,9.3,0.0,45.0,28.5,-0.9,4947.8,Clear,normal
2025-01-04 03:00:00,10.4,0.0,45.0,15.0,-0.1,4947.5,Cloudy,storm
2025-01-04 04:00:00,10.4,23.8,45.0,15.0,-2.9,4943.6,Cloudy,storm
2025-01-04 05:00:00,15.5,2.4,45.0,15.0,-1.9,4934.3,Cloudy,storm
2025-01-04 06:00:00,17.5,25.4,45.0,15.0,-1.1,4933.5,Cloudy,storm
2025-01-04 07:00:00,27.4,0.0,45.0,15.0,-3.3,4927.2,Clear,storm
2025-01-04 08:00:00,16.8,30.8,45.0,16.0,-1.7,4927.2,Cloudy,normal
2025-01-04 09:00:00,34.2,13.3,45.8,16.6,-4.1,4927.2,Clear,peak_solar
2025-01-04 10:00:00,37.6,37.6,45.0,27.7,-3.3,4927.2,Clear,peak_solar
2025-01-04 11:00:00,33.7,0.4,48.4,22.0,-3.1,4927.2,Clear,normal
2025-01-04 12:00:00,33.2,0.1,53.1,15.0,-4.6,4926.3,Clear,storm
2025-01-04 13:00:00,24.6,0.0,45.6,15.0,-0.5,4919.0,Cloudy,storm
2025-01-04 14:00:00,22.3,1.0,46.6,15.0,-2.2,4910.9,Cloudy,storm
2025-01-04 15:00:00,30.9,86.6,45.0,41.7,-0.8,4910.9,Clear,peak_solar
2025-01-04 16:00:00,13.3,120.0,45.0,74.2,0.6,4910.9,Snow,normal
2025-01-04 17:00:00,26.4,0.0,45.6,66.5,0.8,4910.9,Clear,normal
2025-01-04 18:00:00,23.5,3.4,47.8,58.2,1.5,4910.9,Clear,normal
2025-01-04 19:00:00,7.4,120.0,45.4,88.3,0.0,4910.9,Storm,normal
2025-01-04 20:00:00,16.9,120.0,52.0,95.0,-0.6,4910.9,Storm,normal
2025-01-04 21:00:00,8.8,0.8,45.0,80.9,0.1,4910.9,Cloudy,normal
2025-01-04 22:00:00,5.9,106.2,45.0,95.0,-3.6,4910.9,Cloudy,normal
2025-01-04 23:00:00,2.6,69.5,45.0,95.0,-3.3,4910.9,Cloudy,normal
2025-01-05 00:00:00,0.0,56.5,45.0,95.0,-3.3,4910.9,Clear,normal
2025-01-05 01:00:00,3.7,0.0,45.0,78.5,-3.0,4910.9,Clear,normal
2025-01-05 02:00:00,3.9,0.1,45.0,62.1,-0.3,4910.9,Snow,normal
2025-01-05 03:00:00,13.8,2.1,45.0,50.5,-3.6,4910.9,Clear,normal
2025-01-05 04:00:00,14.9,1.9,45.0,39.2,-2.8,4910.9,Clear,normal
2025-01-05 05:00:00,12.5,3.3,45.0,27.5,0.6,4910.9,Cloudy,normal
2025-01-05 06:00:00,16.4,120.0,45.0,61.1,-3.3,4910.9,Storm,normal
2025-01-05 07:00:00,27.7,1.0,45.0,54.6,-1.0,4910.9,Clear,normal
2025-01-05 08:00:00,20.1,15.3,45.0,50.8,-4.7,4910.9,Cloudy,normal
2025-01-05 09:00:00,16.7,13.6,54.3,41.1,-3.1,4910.9,Snow,normal
2025-01-05 10:00:00,23.1,3.4,50.0,31.7,-4.6,4910.9,Cloudy,normal
2025-01-05 11:00:00,34.6,0.0,45.0,27.6,-3.0,4910.9,Clear,normal
2025-01-05 12:00:00,15.9,5.7,45.0,18.2,-0.1,4910.9,Snow,normal
2025-01-05 13:00:00,35.2,0.0,49.4,15.0,-5.4,4908.6,Clear,storm
2025-01-05 14:00:00,17.4,20.5,45.1,15.0,-0.2,4906.0,Snow,storm
2025-01-05 15:00:00,14.7,0.0,45.0,15.0,-0.3,4895.7,Snow,storm
2025-01-05 16:00:00,26.2,15.6,45.0,15.0,-1.7,4894.5,Clear,storm
2025-01-05 17:00:00,29.6,0.1,48.3,15.0,-3.3,4888.0,Clear,storm
2025-01-05 18:00:00,11.6,0.0,45.0,15.0,0.3,4876.8,Snow,storm
2025-01-05 19:00:00,22.6,41.9,45.0,22.2,-0.9,4876.8,Clear,normal
2025-01-05 20:00:00,14.6,0.5,45.0,15.0,0.8,4872.5,Clear,storm
2025-01-05 21:00:00,13.8,4.7,45.0,15.0,0.3,4863.4,Clear,storm
2025-01-05 22:00:00,9.0,0.0,45.0,15.0,3.6,4851.4,Clear,storm
2025-01-05 23:00:00,4.6,120.0,45.0,44.3,-0.6,4851.4,Clear,normal
2025-01-06 00:00:00,0.0,6.6,45.0,29.0,-2.6,4851.4,Snow,normal
2025-01-06 01:00:00,4.0,6.6,45.0,15.2,-0.4,4851.4,Clear,normal
2025-01-06 02:00:00,6.6,113.3,45.0,42.8,-0.7,4851.4,Cloudy,normal
2025-01-06 03:00:00,10.4,21.7,45.0,37.6,1.5,4851.4,Cloudy,normal
2025-01-06 04:00:00,7.3,0.0,45.0,22.5,-0.1,4851.4,Snow,normal
2025-01-06 05:00:00,20.3,120.0,45.0,57.6,-1.4,4851.4,Storm,normal
2025-01-06 06:00:00,16.1,0.8,45.0,46.3,0.8,4851.4,Cloudy,normal
2025-01-06 07:00:00,15.3,120.0,45.0,79.6,-5.2,4851.4,Cloudy,normal
2025-01-06 08:00:00,12.2,0.6,45.9,66.3,-4.1,4851.4,Snow,normal
2025-01-06 09:00:00,21.1,0.1,47.0,56.0,-4.6,4851.4,Cloudy,normal
2025-01-06 10:00:00,33.2,17.7,45.8,57.9,-3.3,4851.4,Clear,peak_solar
2025-01-06 11:00:00,18.8,120.0,47.2,91.6,-5.2,4851.4,Storm,normal
2025-01-06 12:00:00,28.1,105.5,45.0,95.0,-0.5,4851.4,Clear,peak_solar
2025-01-06 13:00:00,38.9,24.3,45.0,95.0,-2.0,4851.4,Clear,peak_solar
2025-01-06 14:00:00,27.2,16.9,46.6,94.0,-4.4,4851.4,Clear,normal
2025-01-06 15:00:00,15.3,5.4,45.0,84.3,-3.0,4851.4,Snow,normal
2025-01-06 16:00:00,27.8,120.0,45.0,95.0,0.3,4851.4,Clear,peak_solar
2025-01-06 17:00:00,10.8,44.6,45.0,95.0,1.8,4851.4,Snow,normal
2025-01-06 18:00:00,11.3,0.0,45.0,81.5,4.5,4851.4,Snow,normal
2025-01-06 19:00:00,9.4,0.0,45.0,67.3,6.7,4851.4,Snow,normal
2025-01-06 20:00:00,9.2,26.8,45.0,63.7,1.3,4851.4,Snow,normal
2025-01-06 21:00:00,6.3,0.0,45.0,48.2,-1.9,4851.4,Snow,normal
2025-01-06 22:00:00,4.1,6.5,45.3,34.3,-4.5,4851.4,Snow,normal
2025-01-06 23:00:00,3.2,55.1,45.0,39.2,0.5,4851.4,Cloudy,normal
2025-01-07 00:00:00,0.0,18.0,45.0,28.4,-2.2,4851.4,Snow,normal
2025-01-07 01:00:00,2.5,0.0,45.0,15.0,-1.6,4848.2,Cloudy,storm
2025-01-07 02:00:00,3.4,0.0,45.0,15.0,-2.5,4834.7,Snow,storm
2025-01-07 03:00:00,10.6,19.8,45.0,15.0,-1.8,4829.5,Clear,storm
2025-01-07 04:00:00,10.6,120.0,45.0,46.5,0.5,4829.5,Storm,normal
2025-01-07 05:00:00,13.7,2.8,45.0,35.1,-1.8,4829.5,Cloudy,normal
2025-01-07 06:00:00,18.6,60.0,45.0,47.5,-2.8,4829.5,Cloudy,normal
2025-01-07 07:00:00,17.0,18.6,45.0,43.7,-4.8,4829.5,Cloudy,normal
2025-01-07 08:00:00,20.0,0.1,45.0,33.8,-6.3,4829.5,Cloudy,normal
2025-01-07 09:00:00,32.5,61.7,45.0,51.8,-3.6,4829.5,Clear,peak_solar
2025-01-07 10:00:00,20.4,0.0,45.0,42.0,-2.5,4829.5,Cloudy,normal
2025-01-07 11:00:00,29.7,51.2,45.0,55.2,1.7,4829.5,Clear,peak_solar
2025-01-07 12:00:00,23.8,22.2,45.0,55.6,-1.6,4829.5,Cloudy,normal
2025-01-07 13:00:00,22.4,0.2,45.0,46.6,0.7,4829.5,Cloudy,normal
2025-01-07 14:00:00,19.9,0.0,45.0,36.6,-2.2,4829.5,Cloudy,normal
2025-01-07 15:00:00,28.1,0.4,45.0,30.0,-3.3,4829.5,Clear,normal
2025-01-07 16:00:00,24.9,0.0,47.9,20.8,-2.5,4829.5,Clear,normal
2025-01-07 17:00:00,13.0,1.3,45.0,15.0,-1.6,4823.7,Snow,storm
2025-01-07 18:00:00,18.7,0.7,47.1,15.0,4.9,4814.2,Cloudy,storm
2025-01-07 19:00:00,9.8,0.2,45.0,15.0,-1.5,4802.5,Snow,storm
2025-01-07 20:00:00,16.9,0.0,45.0,15.0,2.2,4792.9,Clear,storm
2025-01-07 21:00:00,10.6,0.0,45.0,15.0,-1.7,4781.5,Clear,storm
2025-01-07 22:00:00,10.2,90.0,45.0,35.3,2.2,4781.5,Clear,normal
2025-01-07 23:00:00,1.6,0.2,45.0,18.0,0.8,4781.5,Snow,normal
2025-01-08 00:00:00,0.0,1.4,45.0,15.0,-0.7,4769.5,Cloudy,storm
2025-01-08 01:00:00,1.7,0.5,46.3,15.0,-0.8,4755.4,Snow,storm
2025-01-08 02:00:00,5.2,120.0,45.0,44.5,-2.5,4755.4,Cloudy,normal
2025-01-08 03:00:00,13.2,0.0,45.0,31.8,-0.5,4755.4,Clear,normal
2025-01-08 04:00:00,6.8,0.0,45.0,16.5,-2.8,4755.4,Snow,normal
2025-01-08 05:00:00,22.3,23.5,45.0,16.8,-4.8,4755.4,Clear,normal
2025-01-08 06:00:00,12.5,8.4,45.0,15.0,-5.2,4748.5,Snow,storm
2025-01-08 07:00:00,17.4,25.4,45.0,15.0,-2.2,4747.7,Cloudy,storm
2025-01-08 08:00:00,21.0,21.2,45.0,15.0,0.9,4746.6,Cloudy,storm
2025-01-08 09:00:00,26.8,65.7,45.0,32.5,-2.2,4746.6,Clear,peak_solar
2025-01-08 10:00:00,13.6,0.0,45.0,19.9,-2.6,4746.6,Snow,normal
2025-01-08 11:00:00,14.8,17.7,45.0,15.0,-1.5,4746.5,Snow,storm
2025-01-08 12:00:00,20.3,0.0,45.0,15.0,1.0,4738.0,Cloudy,storm
2025-01-08 13:00:00,13.4,0.0,45.0,15.0,-1.0,4727.3,Snow,storm
2025-01-08 14:00:00,29.1,20.7,51.2,15.0,-2.0,4726.8,Clear,storm
2025-01-08 15:00:00,24.0,17.5,45.0,15.0,1.7,4725.5,Cloudy,storm
2025-01-08 16:00:00,28.4,4.0,45.0,15.0,0.6,4720.9,Clear,storm
2025-01-08 17:00:00,11.5,68.5,45.0,27.9,3.4,4720.9,Snow,normal
2025-01-08 18:00:00,10.9,0.0,45.0,15.0,0.6,4720.2,Snow,storm
2025-01-08 19:00:00,8.4,32.4,45.0,15.0,-2.3,4718.7,Snow,storm
2025-01-08 20:00:00,11.6,2.1,45.0,15.0,-2.6,4708.1,Cloudy,storm
2025-01-08 21:00:00,8.7,3.0,45.0,15.0,4.0,4696.9,Cloudy,storm
2025-01-08 22:00:00,7.7,0.0,45.0,15.0,4.0,4684.6,Clear,storm
2025-01-08 23:00:00,2.0,70.3,45.0,25.0,-0.4,4684.6,Snow,normal
2025-01-09 00:00:00,0.0,15.5,45.0,15.0,-1.2,4683.0,Clear,storm
2025-01-09 01:00:00,1.9,29.0,45.0,15.0,2.5,4677.9,Snow,storm
2025-01-09 02:00:00,7.5,0.0,45.0,15.0,-3.5,4665.5,Clear,storm
2025-01-09 03:00:00,8.1,10.7,45.0,15.0,-3.4,4656.5,Cloudy,storm
2025-01-09 04:00:00,13.2,2.1,45.0,15.0,-0.4,4646.4,Cloudy,storm
2025-01-09 05:00:00,15.7,18.1,45.0,15.0,-3.0,4642.4,Cloudy,storm
2025-01-09 06:00:00,12.5,9.2,45.0,15.0,-2.4,4634.3,Snow,storm
2025-01-09 07:00:00,29.4,120.0,45.0,53.4,-2.9,4634.3,Storm,peak_solar
2025-01-09 08:00:00,24.7,120.0,45.0,90.1,-1.8,4634.3,Clear,peak_solar
2025-01-09 09:00:00,29.7,1.2,45.0,84.5,0.6,4634.3,Clear,normal
2025-01-09 10:00:00,33.3,20.6,45.0,87.8,-2.2,4634.3,Clear,peak_solar
2025-01-09 11:00:00,21.7,0.8,48.5,77.3,-0.7,4634.3,Cloudy,normal
2025-01-09 12:00:00,28.4,64.2,46.3,94.4,-6.3,4634.3,Clear,peak_solar
2025-01-09 13:00:00,35.8,2.5,45.8,91.4,-1.6,4634.3,Clear,normal
2025-01-09 14:00:00,30.6,0.3,45.0,85.7,-2.9,4634.3,Clear,normal
2025-01-09 15:00:00,22.5,10.2,45.5,80.6,-3.4,4634.3,Cloudy,normal
2025-01-09 16:00:00,30.0,113.3,45.0,95.0,-2.2,4634.3,Clear,peak_solar
2025-01-09 17:00:00,15.6,77.2,48.6,95.0,-0.7,4634.3,Cloudy,normal
2025-01-09 18:00:00,7.0,0.5,45.0,80.0,2.3,4634.3,Snow,normal
2025-01-09 19:00:00,20.7,120.0,45.0,95.0,-2.5,4634.3,Storm,normal
2025-01-09 20:00:00,15.6,0.0,45.0,83.2,0.5,4634.3,Clear,normal
2025-01-09 21:00:00,10.9,0.1,45.0,69.6,-0.7,4634.3,Clear,normal
2025-01-09 22:00:00,8.0,57.6,45.0,77.2,-0.5,4634.3,Clear,normal
2025-01-09 23:00:00,4.4,0.0,45.0,61.0,2.2,4634.3,Clear,normal
2025-01-10 00:00:00,0.0,4.6,45.0,44.8,0.9,4634.3,Clear,normal
2025-01-10 01:00:00,4.2,1.2,45.0,29.0,2.3,4634.3,Clear,normal
2025-01-10 02:00:00,3.8,120.0,45.0,58.0,-1.4,4634.3,Storm,normal
2025-01-10 03:00:00,9.3,0.0,45.0,43.7,-3.0,4634.3,Cloudy,normal
2025-01-10 04:00:00,8.8,0.0,45.0,29.2,-2.3,4634.3,Snow,normal
2025-01-10 05:00:00,14.6,120.0,45.0,62.2,-1.6,4634.3,Storm,normal
2025-01-10 06:00:00,19.2,1.2,45.0,52.4,-2.0,4634.3,Cloudy,normal
2025-01-10 07:00:00,20.8,103.4,45.0,81.5,-4.9,4634.3,Cloudy,normal
2025-01-10 08:00:00,22.5,0.5,45.0,72.7,-2.3,4634.3,Cloudy,normal
2025-01-10 09:00:00,22.1,0.1,45.0,63.6,-2.0,4634.3,Cloudy,normal
2025-01-10 10:00:00,18.8,115.9,45.0,95.0,3.2,4634.3,Cloudy,normal
2025-01-10 11:00:00,25.0,120.0,45.7,95.0,2.0,4634.3,Storm,peak_solar
2025-01-10 12:00:00,27.9,120.0,45.0,95.0,-3.7,4634.3,Clear,peak_solar
2025-01-10 13:00:00,22.8,0.3,45.0,86.2,-2.1,4634.3,Cloudy,normal
2025-01-10 14:00:00,18.1,3.9,49.6,75.2,-4.3,4634.3,Cloudy,normal
2025-01-10 15:00:00,12.6,0.0,47.7,61.2,-2.0,4634.3,Snow,normal
2025-01-10 16:00:00,21.8,0.0,45.0,51.9,0.4,4634.3,Cloudy,normal
2025-01-10 17:00:00,14.9,0.0,45.0,39.9,2.7,4634.3,Cloudy,normal
2025-01-10 18:00:00,16.6,0.6,48.1,27.5,-1.3,4634.3,Cloudy,normal
2025-01-10 19:00:00,20.8,7.0,45.0,20.6,-1.0,4634.3,Clear,normal
2025-01-10 20:00:00,13.1,4.6,50.3,15.0,-4.3,4627.7,Cloudy,storm
2025-01-10 21:00:00,6.6,39.3,45.0,15.4,0.0,4627.7,Snow,normal
2025-01-10 22:00:00,8.5,8.3,45.0,15.0,-2.1,4618.3,Clear,storm
2025-01-10 23:00:00,2.6,30.4,45.0,15.0,-1.1,4613.9,Cloudy,storm
2025-01-11 00:00:00,0.0,45.4,45.0,15.1,-2.2,4613.9,Cloudy,normal
2025-01-11 01:00:00,2.0,0.4,45.0,15.0,-0.8,4600.3,Snow,storm
2025-01-11 02:00:00,8.4,2.3,45.0,15.0,-4.9,4588.8,Clear,storm
2025-01-11 03:00:00,11.7,0.0,45.0,15.0,-4.6,4577.7,Storm,storm
2025-01-11 04:00:00,9.9,0.2,45.0,15.0,2.9,4566.0,Cloudy,storm
2025-01-11 05:00:00,11.2,35.3,45.0,15.6,-4.9,4566.0,Snow,normal
2025-01-11 06:00:00,11.6,0.0,45.0,15.0,-4.7,4555.3,Snow,storm
2025-01-11 07:00:00,10.8,48.8,45.0,20.4,1.6,4555.3,Snow,normal
2025-01-11 08:00:00,16.2,0.0,45.0,15.0,3.9,4549.8,Cloudy,storm
2025-01-11 09:00:00,12.4,5.2,55.0,15.0,-5.1,4537.5,Snow,storm
2025-01-11 10:00:00,30.6,0.0,45.0,15.0,-3.1,4532.3,Clear,storm
2025-01-11 11:00:00,12.8,3.5,45.0,15.0,-1.3,4522.5,Snow,storm
2025-01-11 12:00:00,24.1,3.8,45.0,15.0,2.0,4516.4,Cloudy,storm
2025-01-11 13:00:00,22.3,1.9,45.0,15.0,-3.6,4509.2,Cloudy,storm
2025-01-11 14:00:00,28.3,18.6,46.4,15.2,-1.6,4509.2,Clear,peak_solar
2025-01-11 15:00:00,14.5,94.4,45.0,38.7,1.1,4509.2,Snow,normal
2025-01-11 16:00:00,28.4,0.0,45.0,32.0,0.7,4509.2,Clear,normal
2025-01-11 17:00:00,16.2,2.2,45.0,21.4,-0.8,4509.2,Cloudy,normal
2025-01-11 18:00:00,23.1,0.0,45.0,15.0,0.0,4506.9,Clear,storm
2025-01-11 19:00:00,17.5,0.0,45.0,15.0,-2.6,4497.5,Clear,storm
2025-01-11 20:00:00,12.4,7.9,45.0,15.0,-0.1,4489.0,Cloudy,storm
2025-01-11 21:00:00,5.9,0.0,45.0,15.0,-0.2,4476.2,Snow,storm
2025-01-11 22:00:00,5.2,4.4,45.0,15.0,0.8,4464.4,Cloudy,storm
2025-01-11 23:00:00,4.8,9.1,45.0,15.0,-1.2,4453.9,Clear,storm
2025-01-12 00:00:00,0.0,0.0,45.0,15.0,0.8,4439.5,Snow,storm
2025-01-12 01:00:00,2.3,14.5,45.0,15.0,1.6,4429.9,Snow,storm
2025-01-12 02:00:00,7.3,84.2,45.0,32.1,-0.7,4429.9,Clear,normal
2025-01-12 03:00:00,9.3,27.3,45.0,28.7,-0.6,4429.9,Cloudy,normal
2025-01-12 04:00:00,15.9,0.0,45.0,17.1,-1.6,4429.9,Clear,normal
2025-01-12 05:00:00,10.8,3.4,45.0,15.0,-2.1,4421.1,Snow,storm
2025-01-12 06:00:00,23.7,5.2,45.0,15.0,-3.9,4415.3,Clear,storm
2025-01-12 07:00:00,16.7,2.4,45.0,15.0,-1.8,4406.4,Cloudy,storm
2025-01-12 08:00:00,13.5,0.0,45.6,15.0,-2.7,4395.6,Snow,storm
2025-01-12 09:00:00,18.6,0.0,45.0,15.0,2.1,4386.5,Cloudy,storm
2025-01-12 10:00:00,17.7,1.6,45.0,15.0,1.1,4377.6,Snow,storm
2025-01-12 11:00:00,12.8,8.7,45.0,15.0,-1.2,4369.5,Snow,storm
2025-01-12 12:00:00,21.6,0.2,48.9,15.0,-3.4,4360.2,Cloudy,storm
2025-01-12 13:00:00,26.5,0.0,53.5,15.0,-3.9,4350.9,Cloudy,storm
2025-01-12 14:00:00,25.0,0.3,52.0,15.0,1.6,4341.8,Cloudy,storm
2025-01-12 15:00:00,25.9,120.0,46.6,51.5,0.0,4341.8,Storm,peak_solar
2025-01-12 16:00:00,14.6,14.8,45.0,45.3,0.8,4341.8,Snow,normal
2025-01-12 17:00:00,26.9,7.9,50.7,38.9,-3.8,4341.8,Clear,normal
2025-01-12 18:00:00,20.0,0.0,45.0,28.9,2.3,4341.8,Clear,normal
2025-01-12 19:00:00,9.5,0.4,45.0,15.0,1.4,4341.7,Snow,storm
2025-01-12 20:00:00,10.3,0.0,52.8,15.0,-2.0,4327.9,Cloudy,storm
2025-01-12 21:00:00,9.5,0.0,45.0,15.0,-0.6,4316.1,Cloudy,storm
2025-01-12 22:00:00,6.8,12.7,45.0,15.0,0.9,4307.3,Cloudy,storm
2025-01-12 23:00:00,3.3,8.0,45.0,15.0,0.2,4296.1,Cloudy,storm
2025-01-13 00:00:00,0.0,0.1,45.0,15.0,-0.9,4281.7,Snow,storm
2025-01-13 01:00:00,1.6,2.4,45.0,15.0,-0.8,4268.3,Snow,storm
2025-01-13 02:00:00,7.9,4.6,45.0,15.0,-1.6,4257.4,Clear,storm
2025-01-13 03:00:00,8.2,0.1,45.0,15.0,-1.1,4245.3,Cloudy,storm
2025-01-13 04:00:00,10.7,17.6,45.0,15.0,1.5,4239.3,Cloudy,storm
2025-01-13 05:00:00,20.4,7.6,45.0,15.0,-7.7,4233.3,Clear,storm
2025-01-13 06:00:00,23.2,0.5,45.0,15.0,-2.8,4225.8,Clear,storm
2025-01-13 07:00:00,12.3,0.0,45.0,15.0,-2.1,4214.9,Snow,storm
2025-01-13 08:00:00,33.0,0.3,47.2,15.0,-1.9,4209.9,Clear,storm
2025-01-13 09:00:00,28.4,0.2,51.4,15.0,-3.3,4202.0,Clear,storm
2025-01-13 10:00:00,23.6,0.1,45.0,15.0,-6.2,4194.5,Cloudy,storm
2025-01-13 11:00:00,35.3,0.0,50.7,15.0,-1.3,4188.9,Clear,storm
2025-01-13 12:00:00,24.1,120.0,45.0,51.5,2.0,4188.9,Cloudy,peak_solar
2025-01-13 13:00:00,23.0,120.0,49.3,85.9,-4.8,4188.9,Cloudy,normal
2025-01-13 14:00:00,21.1,2.0,50.8,74.9,0.9,4188.9,Cloudy,normal
2025-01-13 15:00:00,31.1,8.5,48.2,71.5,-1.3,4188.9,Clear,normal
2025-01-13 16:00:00,21.7,16.8,45.0,68.8,-0.4,4188.9,Cloudy,normal
2025-01-13 17:00:00,15.4,2.1,45.0,57.8,-2.3,4188.9,Cloudy,normal
2025-01-13 18:00:00,14.8,10.7,45.0,50.1,-0.4,4188.9,Cloudy,normal
2025-01-13 19:00:00,13.3,24.8,45.0,47.3,3.3,4188.9,Cloudy,normal
2025-01-13 20:00:00,18.0,6.6,48.0,37.9,1.8,4188.9,Clear,normal
2025-01-13 21:00:00,14.1,39.3,45.0,41.0,4.3,4188.9,Clear,normal
2025-01-13 22:00:00,4.1,0.0,45.0,24.7,2.9,4188.9,Snow,normal
2025-01-13 23:00:00,3.3,3.4,45.0,15.0,1.0,4183.9,Cloudy,storm
2025-01-14 00:00:00,0.0,120.0,45.0,42.6,3.6,4183.9,Storm,normal
2025-01-14 01:00:00,1.9,69.0,45.0,52.1,0.4,4183.9,Snow,normal
2025-01-14 02:00:00,5.6,7.2,45.0,39.3,0.8,4183.9,Cloudy,normal
2025-01-14 03:00:00,9.9,0.0,45.0,25.2,-2.0,4183.9,Cloudy,normal
2025-01-14 04:00:00,18.4,4.2,45.0,16.2,-1.6,4183.9,Clear,normal
2025-01-14 05:00:00,14.7,58.3,45.0,26.6,-3.6,4183.9,Cloudy,normal
2025-01-14 06:00:00,23.0,33.5,45.0,30.8,-0.1,4183.9,Clear,normal
2025-01-14 07:00:00,14.7,0.0,45.0,18.7,-5.0,4183.9,Snow,normal
2025-01-14 08:00:00,21.5,0.0,49.1,15.0,-0.8,4177.4,Cloudy,storm
2025-01-14 09:00:00,16.9,0.0,49.9,15.0,-2.9,4166.3,Snow,storm
2025-01-14 10:00:00,17.4,17.5,45.0,15.0,0.3,4162.6,Snow,storm
2025-01-14 11:00:00,27.3,0.0,45.0,15.0,-0.4,4156.3,Cloudy,storm
2025-01-14 12:00:00,17.4,0.0,45.0,15.0,2.3,4146.9,Snow,storm
2025-01-14 13:00:00,30.8,1.8,45.0,15.0,0.2,4142.4,Clear,storm
2025-01-14 14:00:00,26.1,86.0,46.5,39.1,-4.5,4142.4,Cloudy,peak_solar
2025-01-14 15:00:00,20.6,20.1,45.0,37.4,-0.8,4142.4,Cloudy,normal
2025-01-14 16:00:00,23.5,1.0,48.8,27.7,-2.8,4142.4,Cloudy,normal
2025-01-14 17:00:00,11.4,42.5,45.0,30.9,-1.1,4142.4,Snow,normal
2025-01-14 18:00:00,25.0,120.0,47.8,66.7,3.6,4142.4,Storm,peak_solar
2025-01-14 19:00:00,10.8,4.3,45.0,54.7,1.8,4142.4,Snow,normal
2025-01-14 20:00:00,13.8,0.0,45.0,42.3,-1.0,4142.4,Clear,normal
2025-01-14 21:00:00,8.5,0.0,45.0,27.7,-1.8,4142.4,Cloudy,normal
2025-01-14 22:00:00,5.2,0.0,45.0,15.0,0.4,4139.4,Cloudy,storm
2025-01-14 23:00:00,3.4,0.0,45.0,15.0,-2.6,4125.9,Cloudy,storm
2025-01-15 00:00:00,0.0,0.7,45.0,15.0,-1.7,4111.7,Clear,storm
2025-01-15 01:00:00,2.6,9.5,45.0,15.0,0.1,4100.6,Cloudy,storm
2025-01-15 02:00:00,8.4,0.0,45.0,15.0,1.5,4088.5,Clear,storm
2025-01-15 03:00:00,12.6,0.0,45.0,15.0,0.0,4077.6,Clear,storm
2025-01-15 04:00:00,14.0,24.3,49.2,15.0,-6.8,4073.7,Clear,storm
2025-01-15 05:00:00,8.4,0.2,45.0,15.0,-1.4,4061.6,Snow,storm
2025-01-15 06:00:00,16.1,0.0,45.0,15.0,-2.1,4051.8,Cloudy,storm
2025-01-15 07:00:00,16.2,1.2,45.0,15.0,-1.5,4042.3,Cloudy,storm
2025-01-15 08:00:00,21.4,120.0,45.0,50.5,1.1,4042.3,Cloudy,normal
2025-01-15 09:00:00,30.8,35.0,45.7,57.9,-7.0,4042.3,Clear,peak_solar
2025-01-15 10:00:00,24.3,29.0,47.3,60.1,-3.6,4042.3,Cloudy,peak_solar
2025-01-15 11:00:00,28.9,120.0,45.0,95.0,-0.8,4042.3,Storm,peak_solar
2025-01-15 12:00:00,16.7,11.1,50.6,85.9,-5.2,4042.3,Snow,normal
2025-01-15 13:00:00,16.7,120.0,45.0,95.0,1.9,4042.3,Storm,normal
2025-01-15 14:00:00,19.7,120.0,45.0,95.0,-0.2,4042.3,Storm,normal
2025-01-15 15:00:00,13.4,0.0,45.0,82.4,1.3,4042.3,Snow,normal
2025-01-15 16:00:00,19.2,0.0,45.0,72.1,-1.5,4042.3,Cloudy,normal
2025-01-15 17:00:00,27.0,0.0,45.0,64.8,1.9,4042.3,Clear,normal
2025-01-15 18:00:00,18.8,100.3,45.0,92.1,2.6,4042.3,Cloudy,normal
2025-01-15 19:00:00,20.1,1.4,45.0,82.7,1.0,4042.3,Clear,normal
2025-01-15 20:00:00,13.8,0.7,45.0,70.5,1.0,4042.3,Clear,normal
2025-01-15 21:00:00,9.4,45.4,45.0,74.1,1.0,4042.3,Cloudy,normal
2025-01-15 22:00:00,7.3,0.1,45.0,59.1,-1.6,4042.3,Clear,normal
2025-01-15 23:00:00,2.1,7.2,45.0,44.8,-0.3,4042.3,Snow,normal
2025-01-16 00:00:00,0.0,24.2,45.0,36.4,-0.6,4042.3,Clear,normal
2025-01-16 01:00:00,4.2,0.0,45.0,20.2,0.2,4042.3,Clear,normal
2025-01-16 02:00:00,8.6,0.0,45.0,15.0,1.2,4034.2,Clear,storm
2025-01-16 03:00:00,5.8,4.2,45.0,15.0,-3.7,4022.5,Snow,storm
2025-01-16 04:00:00,16.7,6.6,45.0,15.0,-2.0,4014.9,Clear,storm
2025-01-16 05:00:00,13.4,37.0,45.0,17.0,1.2,4014.9,Cloudy,normal
2025-01-16 06:00:00,16.6,0.0,45.0,15.0,-3.9,4006.8,Cloudy,storm
2025-01-16 07:00:00,26.3,0.0,45.0,15.0,-4.3,4000.2,Clear,storm
2025-01-16 08:00:00,30.0,120.0,46.3,53.2,-2.1,4000.2,Storm,peak_solar
2025-01-16 09:00:00,33.1,65.2,45.0,72.8,-0.6,4000.2,Clear,peak_solar
2025-01-16 10:00:00,19.4,2.1,46.2,62.9,-2.3,4000.2,Cloudy,normal
2025-01-16 11:00:00,14.5,94.7,45.0,86.5,0.9,4000.2,Snow,normal
2025-01-16 12:00:00,26.0,0.0,47.0,78.1,0.1,4000.2,Cloudy,normal
2025-01-16 13:00:00,28.1,1.2,48.6,70.4,0.5,4000.2,Clear,normal
2025-01-16 14:00:00,36.8,6.5,45.0,69.7,0.2,4000.2,Clear,normal
2025-01-16 15:00:00,18.1,0.6,46.6,58.6,4.5,4000.2,Cloudy,normal
2025-01-16 16:00:00,22.3,0.8,45.0,49.8,-0.7,4000.2,Cloudy,normal
2025-01-16 17:00:00,27.6,32.2,45.0,55.3,-4.3,4000.2,Clear,peak_solar
2025-01-16 18:00:00,9.1,67.4,45.0,66.9,3.8,4000.2,Snow,normal
2025-01-16 19:00:00,17.9,0.3,45.0,56.2,-0.6,4000.2,Clear,normal
2025-01-16 20:00:00,8.6,0.0,47.2,40.7,0.7,4000.2,Snow,normal
2025-01-16 21:00:00,7.9,0.0,45.0,25.9,3.3,4000.2,Cloudy,normal
2025-01-16 22:00:00,3.9,0.0,45.0,15.0,-3.2,3995.2,Snow,storm
2025-01-16 23:00:00,4.1,120.0,45.0,44.1,-2.7,3995.2,Storm,normal
2025-01-17 00:00:00,0.0,32.7,45.0,39.2,-3.8,3995.2,Cloudy,normal
2025-01-17 01:00:00,3.2,17.1,45.0,29.3,-2.4,3995.2,Cloudy,normal
2025-01-17 02:00:00,5.6,0.1,45.0,15.0,0.0,3993.9,Cloudy,storm
2025-01-17 03:00:00,11.9,0.1,45.0,15.0,-0.2,3982.8,Clear,storm
2025-01-17 04:00:00,13.1,73.0,45.0,30.1,-1.1,3982.8,Cloudy,normal
2025-01-17 05:00:00,18.2,0.0,45.0,19.4,-5.2,3982.8,Clear,normal
2025-01-17 06:00:00,13.3,0.4,47.6,15.0,-7.4,3974.8,Cloudy,storm
2025-01-17 07:00:00,29.2,102.4,45.0,46.8,-2.3,3974.8,Clear,peak_solar
2025-01-17 08:00:00,25.4,0.4,49.1,37.6,-3.5,3974.8,Clear,normal
2025-01-17 09:00:00,34.0,28.3,45.0,43.9,-1.4,3974.8,Clear,peak_solar
2025-01-17 10:00:00,34.8,2.5,46.4,40.3,-0.8,3974.8,Clear,normal
2025-01-17 11:00:00,21.1,0.0,46.0,30.3,-1.8,3974.8,Cloudy,normal
2025-01-17 12:00:00,30.5,2.1,45.0,25.3,-0.1,3974.8,Clear,normal
2025-01-17 13:00:00,19.1,4.5,45.6,16.5,-0.9,3974.8,Cloudy,normal
2025-01-17 14:00:00,37.3,1.4,45.0,15.0,0.2,3973.9,Clear,storm
2025-01-17 15:00:00,26.8,0.0,45.0,15.0,-2.2,3967.5,Clear,storm
2025-01-17 16:00:00,31.1,1.5,45.0,15.0,-0.7,3963.0,Clear,storm
2025-01-17 17:00:00,23.8,0.0,47.6,15.0,0.5,3954.7,Clear,storm
2025-01-17 18:00:00,13.0,0.4,45.0,15.0,2.1,3944.1,Snow,storm
2025-01-17 19:00:00,18.2,35.2,45.0,18.1,-0.4,3944.1,Clear,normal
2025-01-17 20:00:00,12.0,120.0,45.0,50.1,1.6,3944.1,Storm,normal
2025-01-17 21:00:00,9.7,120.0,45.0,81.2,-0.1,3944.1,Cloudy,normal
2025-01-17 22:00:00,8.7,0.0,45.0,66.7,0.0,3944.1,Clear,normal
2025-01-17 23:00:00,3.1,0.0,45.0,49.9,1.9,3944.1,Cloudy,normal
2025-01-18 00:00:00,0.0,6.5,45.0,34.5,-4.7,3944.1,Cloudy,normal
2025-01-18 01:00:00,2.4,3.5,45.0,18.9,-3.5,3944.1,Snow,normal
2025-01-18 02:00:00,7.0,22.9,45.0,15.0,-4.3,3942.1,Cloudy,storm
2025-01-18 03:00:00,8.3,0.0,45.0,15.0,-6.5,3929.9,Cloudy,storm
2025-01-18 04:00:00,12.6,4.0,45.0,15.0,-3.3,3920.2,Cloudy,storm
2025-01-18 05:00:00,9.7,3.2,45.0,15.0,-0.4,3909.4,Snow,storm
2025-01-18 06:00:00,11.9,0.5,45.0,15.0,-2.9,3898.5,Snow,storm
2025-01-18 07:00:00,10.6,0.0,45.0,15.0,-2.0,3887.0,Snow,storm
2025-01-18 08:00:00,29.4,33.8,45.0,21.7,-0.1,3887.0,Clear,peak_solar
2025-01-18 09:00:00,15.0,6.6,45.0,15.0,0.5,3884.6,Snow,storm
2025-01-18 10:00:00,32.4,40.6,45.0,25.3,-2.5,3884.6,Clear,peak_solar
2025-01-18 11:00:00,23.7,73.0,45.0,44.3,0.9,3884.6,Cloudy,normal
2025-01-18 12:00:00,26.9,2.2,46.1,37.5,-1.6,3884.6,Cloudy,normal
2025-01-18 13:00:00,29.2,34.3,48.4,43.1,-3.2,3884.6,Clear,peak_solar
2025-01-18 14:00:00,19.2,120.0,47.2,76.9,-2.3,3884.6,Storm,normal
2025-01-18 15:00:00,27.2,120.0,52.1,95.0,-3.9,3884.6,Storm,peak_solar
2025-01-18 16:00:00,21.4,10.0,47.9,88.4,-2.2,3884.6,Cloudy,normal
2025-01-18 17:00:00,18.5,12.8,51.7,80.2,-0.7,3884.6,Cloudy,normal
2025-01-18 18:00:00,20.0,9.4,47.1,73.2,2.1,3884.6,Clear,normal
2025-01-18 19:00:00,12.4,20.7,47.0,67.6,4.2,3884.6,Cloudy,normal
2025-01-18 20:00:00,10.7,65.4,45.0,79.1,-2.6,3884.6,Cloudy,normal
2025-01-18 21:00:00,5.6,8.8,45.0,66.8,1.3,3884.6,Snow,normal
2025-01-18 22:00:00,9.2,120.0,45.0,95.0,-2.0,3884.6,Storm,normal
2025-01-18 23:00:00,4.4,120.0,45.0,95.0,1.1,3884.6,Storm,normal
2025-01-19 00:00:00,0.0,4.5,45.0,78.8,-0.6,3884.6,Clear,normal
2025-01-19 01:00:00,2.3,4.4,45.0,63.5,-4.7,3884.6,Snow,normal
2025-01-19 02:00:00,7.1,0.3,45.0,48.4,1.0,3884.6,Cloudy,normal
2025-01-19 03:00:00,10.5,24.2,45.0,44.3,-2.7,3884.6,Cloudy,normal
2025-01-19 04:00:00,6.6,0.8,45.0,29.3,-3.0,3884.6,Snow,normal
2025-01-19 05:00:00,23.3,0.2,45.0,20.7,-4.4,3884.6,Clear,normal
2025-01-19 06:00:00,21.0,22.7,45.0,20.2,-3.8,3884.6,Clear,normal
2025-01-19 07:00:00,20.3,0.0,45.0,15.0,-1.5,3880.3,Cloudy,storm
2025-01-19 08:00:00,34.1,68.5,54.2,32.8,-2.9,3880.3,Clear,peak_solar
2025-01-19 09:00:00,12.1,25.5,46.8,29.1,-1.8,3880.3,Snow,normal
2025-01-19 10:00:00,10.8,120.0,45.0,60.7,-1.5,3880.3,Storm,normal
2025-01-19 11:00:00,35.5,10.6,45.0,61.1,0.8,3880.3,Clear,peak_solar
2025-01-19 12:00:00,30.8,38.6,45.0,70.1,-2.5,3880.3,Clear,peak_solar
2025-01-19 13:00:00,21.8,0.0,45.2,60.8,-4.7,3880.3,Cloudy,normal
2025-01-19 14:00:00,18.1,53.8,45.0,70.6,1.3,3880.3,Cloudy,normal
2025-01-19 15:00:00,25.6,120.0,45.0,95.0,-1.4,3880.3,Clear,peak_solar
2025-01-19 16:00:00,12.0,7.2,45.0,84.7,2.2,3880.3,Snow,normal
2025-01-19 17:00:00,13.9,0.3,45.0,72.4,0.9,3880.3,Snow,normal
2025-01-19 18:00:00,11.4,11.4,45.0,63.5,0.0,3880.3,Snow,normal
2025-01-19 19:00:00,12.2,68.2,45.0,76.6,1.2,3880.3,Cloudy,normal
2025-01-19 20:00:00,12.9,93.8,45.0,95.0,4.8,3880.3,Cloudy,normal
2025-01-19 21:00:00,13.5,0.0,45.0,82.4,5.0,3880.3,Clear,normal
2025-01-19 22:00:00,6.6,120.0,45.0,95.0,0.4,3880.3,Storm,normal
2025-01-19 23:00:00,2.6,0.2,45.0,78.1,0.4,3880.3,Cloudy,normal
2025-01-20 00:00:00,0.0,40.4,45.0,76.3,2.1,3880.3,Clear,normal
2025-01-20 01:00:00,4.7,120.0,45.0,95.0,-2.5,3880.3,Clear,normal
2025-01-20 02:00:00,7.9,3.1,45.0,81.4,-0.3,3880.3,Clear,normal
2025-01-20 03:00:00,7.4,103.1,45.0,95.0,-1.5,3880.3,Cloudy,normal
2025-01-20 04:00:00,6.5,0.0,45.0,79.6,-1.1,3880.3,Snow,normal
2025-01-20 05:00:00,18.5,0.0,45.0,69.0,-3.9,3880.3,Clear,normal
2025-01-20 06:00:00,15.8,112.2,45.0,95.0,-5.8,3880.3,Cloudy,normal
2025-01-20 07:00:00,14.4,83.0,46.0,95.0,-7.1,3880.3,Snow,normal
2025-01-20 08:00:00,16.1,16.9,45.0,90.2,-5.0,3880.3,Snow,normal
2025-01-20 09:00:00,29.2,69.0,50.2,95.0,-3.5,3880.3,Clear,peak_solar
2025-01-20 10:00:00,16.9,120.0,45.0,95.0,-3.0,3880.3,Storm,normal
2025-01-20 11:00:00,23.6,120.0,47.5,95.0,2.2,3880.3,Cloudy,normal
2025-01-20 12:00:00,32.5,3.9,45.0,91.6,0.6,3880.3,Clear,normal
2025-01-20 13:00:00,23.4,11.1,48.2,86.1,-3.5,3880.3,Cloudy,normal
2025-01-20 14:00:00,19.7,1.8,45.0,76.8,-0.3,3880.3,Cloudy,normal
2025-01-20 15:00:00,24.0,1.0,48.7,67.2,-1.6,3880.3,Cloudy,normal
2025-01-20 16:00:00,30.5,53.1,45.0,81.5,-0.9,3880.3,Clear,peak_solar
2025-01-20 17:00:00,13.8,1.8,49.3,68.0,0.4,3880.3,Snow,normal
2025-01-20 18:00:00,20.6,52.7,45.0,78.4,1.6,3880.3,Clear,normal
2025-01-20 19:00:00,16.6,3.1,45.0,68.3,-0.3,3880.3,Cloudy,normal
2025-01-20 20:00:00,14.5,5.4,45.0,58.2,2.8,3880.3,Clear,normal
2025-01-20 21:00:00,6.9,0.0,45.0,43.0,-2.1,3880.3,Snow,normal
2025-01-20 22:00:00,7.7,49.2,45.0,47.4,0.3,3880.3,Clear,normal
2025-01-20 23:00:00,4.4,0.0,45.0,31.1,5.7,3880.3,Clear,normal
2025-01-21 00:00:00,0.0,120.0,45.0,58.7,0.2,3880.3,Snow,normal
2025-01-21 01:00:00,4.3,120.0,45.0,87.9,2.5,3880.3,Storm,normal
2025-01-21 02:00:00,8.2,6.2,45.0,75.7,-0.9,3880.3,Clear,normal
2025-01-21 03:00:00,9.5,5.3,45.0,63.6,-0.2,3880.3,Cloudy,normal
2025-01-21 04:00:00,13.7,0.0,45.0,51.1,-1.9,3880.3,Cloudy,normal
2025-01-21 05:00:00,8.6,0.3,45.0,36.6,-2.5,3880.3,Snow,normal
2025-01-21 06:00:00,16.5,70.9,45.0,52.2,-4.1,3880.3,Cloudy,normal
2025-01-21 07:00:00,13.3,99.3,45.0,77.1,-1.6,3880.3,Snow,normal
2025-01-21 08:00:00,16.2,9.6,45.0,69.4,-4.4,3880.3,Cloudy,normal
2025-01-21 09:00:00,14.6,61.0,45.0,80.7,-1.0,3880.3,Snow,normal
2025-01-21 10:00:00,18.2,0.0,45.0,70.0,0.0,3880.3,Cloudy,normal
2025-01-21 11:00:00,32.6,19.3,45.0,72.5,-1.3,3880.3,Clear,peak_solar
2025-01-21 12:00:00,37.9,120.0,51.2,95.0,-2.4,3880.3,Storm,peak_solar
2025-01-21 13:00:00,19.2,32.9,45.0,95.0,-0.5,3880.3,Cloudy,normal
2025-01-21 14:00:00,32.1,120.0,45.0,95.0,-1.7,3880.3,Storm,peak_solar
2025-01-21 15:00:00,17.0,120.0,45.0,95.0,1.4,3880.3,Storm,normal
2025-01-21 16:00:00,15.5,23.3,45.0,92.5,-4.3,3880.3,Snow,normal
2025-01-21 17:00:00,22.3,0.0,51.0,81.0,-0.7,3880.3,Clear,normal
2025-01-21 18:00:00,12.6,94.4,45.6,95.0,-4.1,3880.3,Snow,normal
2025-01-21 19:00:00,18.6,0.0,53.3,81.1,-2.9,3880.3,Clear,normal
2025-01-21 20:00:00,18.8,0.0,45.0,70.6,3.4,3880.3,Clear,normal
2025-01-21 21:00:00,11.0,0.0,45.0,57.0,2.4,3880.3,Clear,normal
2025-01-21 22:00:00,7.4,111.5,45.0,84.2,-1.3,3880.3,Clear,normal
2025-01-21 23:00:00,2.3,23.8,45.0,76.7,-3.3,3880.3,Snow,normal
2025-01-22 00:00:00,0.0,10.5,45.0,62.9,-6.9,3880.3,Cloudy,normal
2025-01-22 01:00:00,4.9,31.2,45.0,59.3,-1.9,3880.3,Clear,normal
2025-01-22 02:00:00,8.6,0.0,45.0,44.7,4.2,3880.3,Clear,normal
2025-01-22 03:00:00,5.8,1.8,45.0,29.8,-0.5,3880.3,Snow,normal
2025-01-22 04:00:00,15.3,0.1,45.0,18.0,-3.1,3880.3,Clear,normal
2025-01-22 05:00:00,14.9,8.0,45.0,15.0,-1.1,3875.0,Cloudy,storm
2025-01-22 06:00:00,25.3,9.1,45.0,15.0,-5.8,3871.1,Clear,storm
2025-01-22 07:00:00,30.0,27.6,45.0,19.6,-3.2,3871.1,Clear,peak_solar
2025-01-22 08:00:00,21.1,41.4,48.0,25.0,-2.4,3871.1,Cloudy,normal
2025-01-22 09:00:00,28.9,0.0,45.0,18.5,-2.7,3871.1,Clear,normal
2025-01-22 10:00:00,23.9,1.9,45.0,15.0,-0.6,3867.4,Cloudy,storm
2025-01-22 11:00:00,26.4,4.8,46.2,15.0,-1.4,3862.0,Cloudy,storm
2025-01-22 12:00:00,34.1,0.0,46.0,15.0,-0.4,3857.6,Clear,storm
2025-01-22 13:00:00,23.3,0.0,45.0,15.0,-3.0,3850.1,Cloudy,storm
2025-01-22 14:00:00,13.2,0.0,49.7,15.0,0.9,3838.0,Snow,storm
2025-01-22 15:00:00,23.3,0.0,45.0,15.0,2.9,3830.4,Cloudy,storm
2025-01-22 16:00:00,22.0,60.2,45.4,28.6,-2.5,3830.4,Cloudy,normal
2025-01-22 17:00:00,27.8,0.0,45.0,21.7,-2.0,3830.4,Clear,normal
2025-01-22 18:00:00,13.9,0.0,45.0,15.0,3.2,3825.2,Cloudy,storm
2025-01-22 19:00:00,23.7,6.9,45.0,15.0,-0.1,3820.1,Clear,storm
2025-01-22 20:00:00,15.4,19.1,45.0,15.0,3.5,3816.3,Clear,storm
2025-01-22 21:00:00,8.4,4.3,45.0,15.0,-0.6,3805.4,Cloudy,storm
2025-01-22 22:00:00,5.4,0.0,45.0,15.0,3.4,3792.4,Cloudy,storm
2025-01-22 23:00:00,2.9,0.0,45.0,15.0,0.3,3778.8,Cloudy,storm
2025-01-23 00:00:00,0.0,6.3,45.0,15.0,0.2,3766.1,Cloudy,storm
2025-01-23 01:00:00,4.1,2.7,45.0,15.0,2.7,3753.5,Clear,storm
2025-01-23 02:00:00,8.9,0.7,45.0,15.0,-1.9,3741.8,Clear,storm
2025-01-23 03:00:00,10.2,53.8,45.0,22.0,-3.6,3741.8,Cloudy,normal
2025-01-23 04:00:00,8.4,2.0,45.0,15.0,-2.9,3735.7,Snow,storm
2025-01-23 05:00:00,17.1,0.0,45.0,15.0,-1.2,3726.1,Clear,storm
2025-01-23 06:00:00,13.3,0.7,45.0,15.0,-5.9,3715.7,Cloudy,storm
2025-01-23 07:00:00,7.8,26.5,45.0,15.0,-1.2,3711.8,Snow,storm
2025-01-23 08:00:00,30.4,1.5,49.4,15.0,-3.8,3705.6,Clear,storm
2025-01-23 09:00:00,30.3,25.1,45.0,18.8,0.0,3705.6,Clear,peak_solar
2025-01-23 10:00:00,27.8,42.7,45.0,28.2,-7.7,3705.6,Clear,peak_solar
2025-01-23 11:00:00,25.8,2.0,49.1,19.7,-3.9,3705.6,Cloudy,normal
2025-01-23 12:00:00,26.8,4.2,49.9,15.0,-5.6,3703.0,Cloudy,storm
2025-01-23 13:00:00,33.6,1.1,45.0,15.0,-3.3,3699.2,Clear,storm
2025-01-23 14:00:00,37.4,26.9,45.0,22.1,-0.6,3699.2,Clear,peak_solar
2025-01-23 15:00:00,26.0,0.9,45.0,15.0,-1.1,3699.1,Clear,storm
2025-01-23 16:00:00,20.8,20.0,45.0,15.0,-0.9,3697.5,Cloudy,storm
2025-01-23 17:00:00,14.6,9.6,45.0,15.0,-0.4,3690.2,Snow,storm
2025-01-23 18:00:00,19.6,0.0,45.0,15.0,0.6,3681.5,Clear,storm
2025-01-23 19:00:00,8.4,23.5,45.0,15.0,-1.9,3676.7,Snow,storm
2025-01-23 20:00:00,8.8,7.0,45.0,15.0,1.9,3666.8,Snow,storm
2025-01-23 21:00:00,8.4,120.0,45.0,45.7,1.8,3666.8,Cloudy,normal
2025-01-23 22:00:00,3.5,0.0,45.0,29.1,1.0,3666.8,Snow,normal
2025-01-23 23:00:00,1.8,10.2,45.0,15.9,1.2,3666.8,Snow,normal
2025-01-24 00:00:00,0.0,0.4,45.0,15.0,0.3,3653.1,Clear,storm
2025-01-24 01:00:00,2.5,0.0,45.0,15.0,3.7,3639.4,Cloudy,storm
2025-01-24 02:00:00,4.7,0.0,45.0,15.0,-1.3,3626.2,Snow,storm
2025-01-24 03:00:00,7.0,120.0,45.0,45.2,-2.2,3626.2,Snow,normal
2025-01-24 04:00:00,13.2,10.4,45.0,36.6,-3.6,3626.2,Cloudy,normal
2025-01-24 05:00:00,11.0,1.8,45.0,23.7,-4.5,3626.2,Snow,normal
2025-01-24 06:00:00,16.4,0.0,45.0,15.0,-5.2,3623.7,Cloudy,storm
2025-01-24 07:00:00,16.9,120.0,45.0,48.8,-4.5,3623.7,Cloudy,normal
2025-01-24 08:00:00,20.1,0.0,53.9,35.3,-2.8,3623.7,Cloudy,normal
2025-01-24 09:00:00,23.7,12.1,47.1,30.8,-1.9,3623.7,Cloudy,normal
2025-01-24 10:00:00,25.2,6.0,45.0,25.2,-2.3,3623.7,Cloudy,normal
2025-01-24 11:00:00,27.6,120.0,51.4,60.6,-3.9,3623.7,Storm,peak_solar
2025-01-24 12:00:00,22.1,3.9,45.0,53.0,0.1,3623.7,Cloudy,normal
2025-01-24 13:00:00,22.8,0.2,45.0,44.3,0.1,3623.7,Cloudy,normal
2025-01-24 14:00:00,33.5,10.9,53.4,40.7,-1.5,3623.7,Clear,normal
2025-01-24 15:00:00,19.8,15.3,45.0,36.7,-2.2,3623.7,Cloudy,normal
2025-01-24 16:00:00,13.8,120.0,45.0,69.4,0.8,3623.7,Storm,normal
2025-01-24 17:00:00,17.0,3.6,50.9,57.2,0.3,3623.7,Cloudy,normal
2025-01-24 18:00:00,22.4,0.0,49.8,46.3,-3.0,3623.7,Clear,normal
2025-01-24 19:00:00,14.0,0.7,45.8,33.9,0.2,3623.7,Cloudy,normal
2025-01-24 20:00:00,7.4,10.8,45.0,23.2,0.9,3623.7,Snow,normal
2025-01-24 21:00:00,14.6,18.8,45.0,18.5,-1.7,3623.7,Clear,normal
2025-01-24 22:00:00,8.0,0.0,45.0,15.0,0.6,3614.1,Clear,storm
2025-01-24 23:00:00,3.5,0.3,45.0,15.0,-3.3,3600.7,Cloudy,storm
2025-01-25 00:00:00,0.0,120.0,45.0,42.6,2.5,3600.7,Storm,normal
2025-01-25 01:00:00,2.6,0.0,45.0,25.6,2.0,3600.7,Cloudy,normal
2025-01-25 02:00:00,3.3,57.4,45.0,31.4,-1.7,3600.7,Snow,normal
2025-01-25 03:00:00,10.2,0.9,45.0,17.8,-0.8,3600.7,Cloudy,normal
2025-01-25 04:00:00,17.0,4.5,45.1,15.0,-7.2,3594.8,Clear,storm
2025-01-25 05:00:00,16.6,0.0,45.0,15.0,-4.8,3585.2,Cloudy,storm
2025-01-25 06:00:00,13.3,1.4,45.0,15.0,-3.1,3574.9,Cloudy,storm
2025-01-25 07:00:00,19.8,10.4,45.0,15.0,-5.0,3569.6,Cloudy,storm
2025-01-25 08:00:00,17.8,3.8,45.0,15.0,-1.1,3561.5,Cloudy,storm
2025-01-25 09:00:00,22.9,2.0,45.0,15.0,1.8,3554.4,Cloudy,storm
2025-01-25 10:00:00,21.6,27.4,45.0,16.5,-5.1,3554.4,Cloudy,normal
2025-01-25 11:00:00,17.6,0.0,47.6,15.0,-4.1,3545.3,Snow,storm
2025-01-25 12:00:00,17.1,12.1,47.4,15.0,-1.4,3538.9,Snow,storm
2025-01-25 13:00:00,18.6,0.0,45.0,15.0,2.0,3529.8,Cloudy,storm
2025-01-25 14:00:00,10.7,109.7,45.0,42.8,-3.9,3529.8,Snow,normal
2025-01-25 15:00:00,25.8,2.3,45.0,36.0,-0.2,3529.8,Clear,normal
2025-01-25 16:00:00,21.7,48.2,45.0,45.1,3.6,3529.8,Cloudy,normal
2025-01-25 17:00:00,21.4,0.0,49.5,33.9,-3.8,3529.8,Cloudy,normal
2025-01-25 18:00:00,16.8,32.6,45.0,35.5,-2.7,3529.8,Cloudy,normal
2025-01-25 19:00:00,10.9,0.0,45.0,21.8,-0.7,3529.8,Snow,normal
2025-01-25 20:00:00,11.8,4.7,45.0,15.0,-0.8,3525.7,Cloudy,storm
2025-01-25 21:00:00,7.0,34.2,45.0,15.0,2.1,3524.2,Snow,storm
2025-01-25 22:00:00,7.6,3.2,45.0,15.0,0.7,3512.8,Clear,storm
2025-01-25 23:00:00,2.2,24.2,45.0,15.0,-4.0,3506.2,Snow,storm
2025-01-26 00:00:00,0.0,1.0,45.0,15.0,0.7,3492.1,Cloudy,storm
2025-01-26 01:00:00,2.2,120.0,45.0,43.4,-2.1,3492.1,Clear,normal
2025-01-26 02:00:00,2.9,2.3,45.0,27.5,1.6,3492.1,Snow,normal
2025-01-26 03:00:00,10.1,2.5,45.0,15.0,-3.0,3491.7,Clear,storm
2025-01-26 04:00:00,14.2,2.7,45.0,15.0,-3.4,3482.1,Clear,storm
2025-01-26 05:00:00,10.8,4.2,45.0,15.0,-1.1,3471.9,Cloudy,storm
2025-01-26 06:00:00,18.1,0.0,45.0,15.0,-0.8,3462.7,Cloudy,storm
2025-01-26 07:00:00,18.2,0.0,45.0,15.0,-1.7,3453.5,Cloudy,storm
2025-01-26 08:00:00,26.9,69.8,50.0,32.2,-6.4,3453.5,Clear,peak_solar
2025-01-26 09:00:00,31.0,48.4,45.0,44.9,-1.5,3453.5,Clear,peak_solar
2025-01-26 10:00:00,25.8,40.8,47.2,52.0,-4.8,3453.5,Cloudy,peak_solar
2025-01-26 11:00:00,29.2,18.6,45.0,53.0,-1.8,3453.5,Clear,peak_solar
2025-01-26 12:00:00,28.9,0.3,49.6,44.9,-5.1,3453.5,Clear,normal
2025-01-26 13:00:00,20.9,0.1,45.0,35.3,-0.6,3453.5,Cloudy,normal
2025-01-26 14:00:00,14.1,3.6,50.3,22.2,-3.0,3453.5,Snow,normal
2025-01-26 15:00:00,23.8,100.3,51.6,48.9,-3.6,3453.5,Cloudy,normal
2025-01-26 16:00:00,17.2,8.6,52.7,38.2,1.1,3453.5,Cloudy,normal
2025-01-26 17:00:00,11.0,0.0,45.0,24.6,0.4,3453.5,Snow,normal
2025-01-26 18:00:00,18.4,0.0,45.0,15.0,-1.3,3452.5,Cloudy,storm
2025-01-26 19:00:00,15.8,52.5,45.0,23.6,3.4,3452.5,Cloudy,normal
2025-01-26 20:00:00,15.3,120.0,46.1,56.4,-0.7,3452.5,Clear,normal
2025-01-26 21:00:00,9.7,0.0,45.0,42.3,0.3,3452.5,Clear,normal
2025-01-26 22:00:00,3.7,57.0,45.0,48.0,0.7,3452.5,Snow,normal
2025-01-26 23:00:00,1.9,17.3,45.0,37.7,-1.5,3452.5,Clear,normal
2025-01-27 00:00:00,0.0,0.0,45.0,19.7,0.5,3452.5,Clear,normal
2025-01-27 01:00:00,0.6,9.0,45.0,15.0,-2.0,3444.3,Cloudy,storm
2025-01-27 02:00:00,3.2,0.0,45.0,15.0,-2.2,3430.8,Cloudy,storm
2025-01-27 03:00:00,5.3,1.6,45.0,15.0,1.4,3418.2,Snow,storm
2025-01-27 04:00:00,11.5,4.5,45.1,15.0,-4.3,3408.3,Cloudy,storm
2025-01-27 05:00:00,9.9,120.0,45.0,46.2,-7.6,3408.3,Snow,normal
2025-01-27 06:00:00,15.6,1.3,45.0,35.0,1.0,3408.3,Cloudy,normal
2025-01-27 07:00:00,20.4,0.0,45.0,25.2,2.9,3408.3,Cloudy,normal
2025-01-27 08:00:00,17.2,13.7,45.0,19.5,-3.6,3408.3,Cloudy,normal
2025-01-27 09:00:00,21.9,26.3,53.9,17.2,-7.0,3408.3,Cloudy,normal
2025-01-27 10:00:00,25.5,0.0,47.8,15.0,-3.2,3402.4,Cloudy,storm
2025-01-27 11:00:00,21.0,0.0,45.0,15.0,-2.9,3394.1,Cloudy,storm
2025-01-27 12:00:00,29.1,0.0,45.0,15.0,-2.4,3388.4,Clear,storm
2025-01-27 13:00:00,15.1,120.0,45.2,48.1,-4.1,3388.4,Snow,normal
2025-01-27 14:00:00,27.2,23.3,45.0,50.1,0.0,3388.4,Clear,peak_solar
2025-01-27 15:00:00,22.6,0.9,45.0,41.5,0.3,3388.4,Cloudy,normal
2025-01-27 16:00:00,30.9,86.6,45.0,68.2,-3.8,3388.4,Clear,peak_solar
2025-01-27 17:00:00,13.8,0.0,45.0,55.7,1.3,3388.4,Snow,normal
2025-01-27 18:00:00,25.5,3.0,45.0,49.1,4.6,3388.4,Clear,normal
2025-01-27 19:00:00,14.2,0.0,45.3,36.7,0.6,3388.4,Cloudy,normal
2025-01-27 20:00:00,12.4,78.0,45.0,53.4,-0.5,3388.4,Clear,normal
2025-01-27 21:00:00,4.5,0.0,45.0,37.2,-0.1,3388.4,Snow,normal
2025-01-27 22:00:00,4.4,0.0,45.0,21.0,1.4,3388.4,Cloudy,normal
2025-01-27 23:00:00,0.6,14.7,45.0,15.0,-4.0,3383.2,Cloudy,storm
2025-01-28 00:00:00,0.0,0.0,45.0,15.0,-0.2,3368.8,Cloudy,storm
2025-01-28 01:00:00,0.0,0.0,45.0,15.0,-1.8,3354.4,Cloudy,storm
2025-01-28 02:00:00,4.4,37.7,45.0,15.0,2.8,3353.3,Clear,storm
2025-01-28 03:00:00,6.6,0.0,45.0,15.0,-2.1,3340.7,Cloudy,storm
2025-01-28 04:00:00,12.7,120.0,45.0,47.3,1.6,3340.7,Storm,normal
2025-01-28 05:00:00,18.7,7.6,45.0,39.8,-4.8,3340.7,Clear,normal
2025-01-28 06:00:00,14.4,0.0,45.0,27.6,-1.3,3340.7,Cloudy,normal
2025-01-28 07:00:00,14.6,0.0,45.0,15.4,-2.0,3340.7,Cloudy,normal
2025-01-28 08:00:00,25.7,120.0,47.0,51.7,-4.7,3340.7,Storm,peak_solar
2025-01-28 09:00:00,29.6,7.6,45.0,48.6,-2.4,3340.7,Clear,normal
2025-01-28 10:00:00,25.4,1.8,47.9,40.4,0.1,3340.7,Cloudy,normal
2025-01-28 11:00:00,24.2,7.5,45.0,35.0,-3.1,3340.7,Cloudy,normal
2025-01-28 12:00:00,17.8,0.0,52.5,21.2,-5.8,3340.7,Snow,normal
2025-01-28 13:00:00,25.1,3.5,45.0,15.0,-1.7,3340.3,Cloudy,storm
2025-01-28 14:00:00,28.5,0.0,45.0,15.0,-3.3,3334.4,Clear,storm
2025-01-28 15:00:00,34.3,2.7,45.9,15.0,-1.7,3331.2,Clear,storm
2025-01-28 16:00:00,20.2,0.3,49.4,15.0,-0.7,3321.3,Cloudy,storm
2025-01-28 17:00:00,15.6,6.2,47.6,15.0,-4.0,3312.5,Cloudy,storm
2025-01-28 18:00:00,20.8,0.9,45.0,15.0,-3.6,3304.3,Clear,storm
2025-01-28 19:00:00,16.1,0.2,45.8,15.0,1.2,3294.3,Clear,storm
2025-01-28 20:00:00,6.8,0.0,45.0,15.0,-0.9,3281.7,Snow,storm
2025-01-28 21:00:00,9.7,0.0,45.0,15.0,-5.5,3270.0,Clear,storm
2025-01-28 22:00:00,1.8,0.0,45.0,15.0,1.7,3256.1,Snow,storm
2025-01-28 23:00:00,0.0,0.0,45.0,15.0,0.4,3241.7,Snow,storm
2025-01-29 00:00:00,0.0,30.5,45.0,15.0,-2.2,3236.5,Snow,storm
2025-01-29 01:00:00,0.0,0.0,45.0,15.0,-3.9,3222.1,Cloudy,storm
2025-01-29 02:00:00,4.0,0.0,45.0,15.0,0.5,3208.8,Clear,storm
2025-01-29 03:00:00,3.7,0.0,45.0,15.0,-1.0,3195.4,Snow,storm
2025-01-29 04:00:00,10.7,0.4,45.0,15.0,3.1,3184.0,Cloudy,storm
2025-01-29 05:00:00,18.3,18.4,45.0,15.0,-1.5,3181.0,Clear,storm
2025-01-29 06:00:00,14.6,0.8,45.0,15.0,-1.8,3171.0,Cloudy,storm
2025-01-29 07:00:00,13.4,49.7,45.0,21.6,-3.2,3171.0,Snow,normal
2025-01-29 08:00:00,30.9,0.0,53.3,15.0,-1.0,3168.8,Clear,storm
2025-01-29 09:00:00,12.9,37.4,45.0,16.9,-1.4,3168.8,Snow,normal
2025-01-29 10:00:00,23.2,120.0,45.0,53.1,0.1,3168.8,Cloudy,normal
2025-01-29 11:00:00,24.8,3.3,49.7,44.5,-3.6,3168.8,Cloudy,normal
2025-01-29 12:00:00,31.2,0.0,46.0,38.6,-3.1,3168.8,Clear,normal
2025-01-29 13:00:00,25.6,19.4,45.0,38.6,-2.8,3168.8,Cloudy,peak_solar
2025-01-29 14:00:00,28.8,3.6,45.0,33.6,0.4,3168.8,Clear,normal
2025-01-29 15:00:00,24.9,11.0,45.0,29.9,2.3,3168.8,Cloudy,normal
2025-01-29 16:00:00,20.7,53.6,45.0,40.7,-1.6,3168.8,Cloudy,normal
2025-01-29 17:00:00,27.1,0.5,47.4,32.8,-1.2,3168.8,Clear,normal
2025-01-29 18:00:00,19.8,0.2,45.0,22.7,0.6,3168.8,Clear,normal
2025-01-29 19:00:00,13.5,120.0,45.2,55.2,-0.4,3168.8,Storm,normal
2025-01-29 20:00:00,11.8,20.2,45.0,50.0,2.2,3168.8,Clear,normal
2025-01-29 21:00:00,3.8,81.5,45.0,64.8,-4.9,3168.8,Snow,normal
2025-01-29 22:00:00,2.9,46.0,45.0,66.3,-1.9,3168.8,Cloudy,normal
2025-01-29 23:00:00,0.0,83.8,45.0,80.6,-2.0,3168.8,Clear,normal
2025-01-30 00:00:00,0.0,12.4,45.0,67.5,-5.8,3168.8,Snow,normal
2025-01-30 01:00:00,0.0,61.9,45.0,73.8,-3.1,3168.8,Snow,normal
2025-01-30 02:00:00,2.1,0.0,45.0,56.6,-3.4,3168.8,Cloudy,normal
2025-01-30 03:00:00,6.8,0.0,45.0,41.3,-2.2,3168.8,Clear,normal
2025-01-30 04:00:00,8.0,0.0,45.0,26.5,0.3,3168.8,Cloudy,normal
2025-01-30 05:00:00,13.7,1.9,45.0,15.0,-3.0,3168.6,Cloudy,storm
2025-01-30 06:00:00,15.7,1.0,45.0,15.0,-5.0,3158.9,Cloudy,storm
2025-01-30 07:00:00,22.5,3.7,45.0,15.0,-3.0,3152.3,Clear,storm
2025-01-30 08:00:00,12.1,0.0,46.6,15.0,-0.6,3140.8,Snow,storm
2025-01-30 09:00:00,33.4,0.0,45.0,15.0,-5.0,3136.6,Clear,storm
2025-01-30 10:00:00,36.4,0.4,51.2,15.0,-4.7,3131.4,Clear,storm
2025-01-30 11:00:00,28.2,0.0,45.0,15.0,-1.2,3125.4,Clear,storm
2025-01-30 12:00:00,27.0,3.1,45.0,15.0,-2.6,3120.1,Cloudy,storm
2025-01-30 13:00:00,22.3,14.4,46.0,15.0,-0.4,3116.7,Cloudy,storm
2025-01-30 14:00:00,26.9,0.4,47.6,15.0,-1.4,3109.6,Clear,storm
2025-01-30 15:00:00,26.3,0.0,45.3,15.0,0.5,3102.8,Clear,storm
2025-01-30 16:00:00,22.9,4.5,45.0,15.0,-2.9,3096.6,Clear,storm
2025-01-30 17:00:00,21.4,120.0,45.0,50.5,-0.4,3096.6,Storm,normal
2025-01-30 18:00:00,21.1,20.2,45.0,49.0,-0.6,3096.6,Clear,normal
2025-01-30 19:00:00,10.7,25.1,45.0,45.4,-2.6,3096.6,Cloudy,normal
2025-01-30 20:00:00,5.8,0.2,47.4,28.8,-3.3,3096.6,Snow,normal
2025-01-30 21:00:00,6.1,0.0,45.0,15.0,1.6,3094.9,Cloudy,storm
2025-01-30 22:00:00,2.3,84.8,45.0,30.5,-0.9,3094.9,Cloudy,normal
2025-01-30 23:00:00,0.0,0.0,45.0,15.0,-2.6,3092.6,Clear,storm
2025-01-31 00:00:00,0.0,0.0,45.0,15.0,-0.9,3078.2,Clear,storm
2025-01-31 01:00:00,0.0,120.0,45.0,42.6,1.4,3078.2,Storm,normal
2025-01-31 02:00:00,2.1,2.4,45.0,26.4,-6.5,3078.2,Clear,normal
2025-01-31 03:00:00,3.2,0.0,45.0,15.0,-5.1,3073.4,Snow,storm
2025-01-31 04:00:00,5.6,15.9,45.0,15.0,-4.2,3065.2,Snow,storm
2025-01-31 05:00:00,18.2,0.4,45.0,15.0,0.7,3056.1,Clear,storm
2025-01-31 06:00:00,16.4,0.0,45.0,15.0,-2.1,3046.4,Cloudy,storm
2025-01-31 07:00:00,22.9,8.4,45.0,15.0,-1.2,3041.5,Clear,storm
2025-01-31 08:00:00,30.7,4.8,49.0,15.0,-5.5,3036.6,Clear,storm
2025-01-31 09:00:00,21.5,3.9,59.2,15.0,-5.4,3025.3,Cloudy,storm
2025-01-31 10:00:00,25.6,19.6,45.0,15.1,-1.8,3025.3,Cloudy,peak_solar
2025-01-31 11:00:00,19.1,0.0,51.4,15.0,-2.4,3014.5,Cloudy,storm
2025-01-31 12:00:00,10.6,11.8,46.2,15.0,-1.0,3006.3,Snow,storm
2025-01-31 13:00:00,20.8,6.4,54.5,15.0,-2.3,2996.9,Cloudy,storm
2025-01-31 14:00:00,23.8,80.9,45.0,37.0,-0.8,2996.9,Cloudy,normal
2025-01-31 15:00:00,27.8,0.0,49.8,28.2,-0.7,2996.9,Clear,normal
2025-01-31 16:00:00,12.1,120.0,49.6,58.6,1.0,2996.9,Snow,normal
2025-01-31 17:00:00,24.5,44.2,45.0,67.3,1.4,2996.9,Clear,peak_solar
2025-01-31 18:00:00,20.0,2.0,45.0,58.1,-3.7,2996.9,Clear,normal
2025-01-31 19:00:00,6.8,3.9,56.4,39.8,-4.9,2996.9,Snow,normal
2025-01-31 20:00:00,5.7,0.0,45.0,24.1,2.3,2996.9,Snow,normal
2025-01-31 21:00:00,4.2,3.4,45.0,15.0,2.6,2991.7,Cloudy,storm
2025-01-31 22:00:00,1.7,36.7,45.0,15.0,-2.4,2989.2,Cloudy,storm
2025-01-31 23:00:00,0.0,0.9,45.0,15.0,-4.5,2975.1,Cloudy,storm
2025-02-01 00:00:00,0.0,80.9,45.0,28.2,-0.5,2975.1,Clear,normal
2025-02-01 01:00:00,0.0,16.9,45.0,17.0,0.9,2975.1,Cloudy,normal
2025-02-01 02:00:00,1.9,120.0,45.0,45.2,2.4,2975.1,Storm,normal
2025-02-01 03:00:00,2.4,0.0,45.0,28.2,-0.8,2975.1,Snow,normal
2025-02-01 04:00:00,6.8,28.2,45.0,24.2,-3.1,2975.1,Cloudy,normal
2025-02-01 05:00:00,15.8,0.0,45.0,15.0,-4.5,2972.8,Clear,storm
2025-02-01 06:00:00,12.9,1.5,45.0,15.0,-2.8,2962.4,Cloudy,storm
2025-02-01 07:00:00,11.3,20.1,45.0,15.0,-3.6,2957.5,Snow,storm
2025-02-01 08:00:00,22.0,33.5,47.6,17.9,-5.2,2957.5,Cloudy,normal
2025-02-01 09:00:00,17.0,0.6,48.3,15.0,1.5,2949.3,Cloudy,storm
2025-02-01 10:00:00,22.6,104.4,48.5,43.9,1.1,2949.3,Cloudy,normal
2025-02-01 11:00:00,32.8,120.0,45.0,83.6,-0.1,2949.3,Clear,peak_solar
2025-02-01 12:00:00,16.9,0.0,45.4,72.2,-4.3,2949.3,Snow,normal
2025-02-01 13:00:00,27.0,1.7,45.3,65.5,0.0,2949.3,Cloudy,normal
2025-02-01 14:00:00,9.8,1.0,48.7,50.4,-0.1,2949.3,Snow,normal
2025-02-01 15:00:00,22.8,0.2,45.0,41.6,-0.1,2949.3,Cloudy,normal
2025-02-01 16:00:00,11.4,120.0,45.0,73.4,2.0,2949.3,Snow,normal
2025-02-01 17:00:00,10.0,120.0,45.0,95.0,0.9,2949.3,Snow,normal
2025-02-01 18:00:00,6.4,1.2,45.0,80.0,1.4,2949.3,Snow,normal
2025-02-01 19:00:00,8.8,27.9,45.0,76.7,1.3,2949.3,Snow,normal
2025-02-01 20:00:00,8.0,78.6,45.0,92.0,0.7,2949.3,Cloudy,normal
2025-02-01 21:00:00,2.3,8.9,45.0,78.5,-4.0,2949.3,Snow,normal
2025-02-01 22:00:00,2.0,0.8,45.0,61.6,0.0,2949.3,Clear,normal
2025-02-01 23:00:00,0.0,0.0,45.0,43.6,-1.7,2949.3,Clear,normal
2025-02-02 00:00:00,0.0,36.4,45.0,40.1,-3.6,2949.3,Cloudy,normal
2025-02-02 01:00:00,0.0,0.0,45.0,22.1,2.5,2949.3,Cloudy,normal
2025-02-02 02:00:00,0.9,0.9,45.0,15.0,2.2,2940.6,Clear,storm
2025-02-02 03:00:00,3.9,0.3,45.0,15.0,1.0,2927.3,Cloudy,storm
2025-02-02 04:00:00,12.6,0.0,45.0,15.0,-1.8,2916.4,Clear,storm
2025-02-02 05:00:00,18.6,2.5,45.0,15.0,0.3,2908.1,Clear,storm
2025-02-02 06:00:00,9.9,1.6,45.0,15.0,-2.8,2896.9,Snow,storm
2025-02-02 07:00:00,15.4,0.0,45.0,15.0,-2.6,2886.8,Cloudy,storm
2025-02-02 08:00:00,25.7,120.0,45.0,52.0,-5.5,2886.8,Clear,peak_solar
2025-02-02 09:00:00,14.4,37.0,49.4,52.8,-2.1,2886.8,Snow,normal
2025-02-02 10:00:00,12.8,4.2,46.5,41.0,-2.7,2886.8,Snow,normal
2025-02-02 11:00:00,25.9,54.7,49.2,52.6,-5.5,2886.8,Cloudy,peak_solar
2025-02-02 12:00:00,25.9,95.4,45.0,80.6,-2.4,2886.8,Cloudy,peak_solar
2025-02-02 13:00:00,37.0,120.0,48.1,95.0,-2.1,2886.8,Clear,peak_solar
2025-02-02 14:00:00,17.5,0.0,45.0,84.0,2.4,2886.8,Snow,normal
2025-02-02 15:00:00,21.0,54.4,46.1,94.8,0.8,2886.8,Cloudy,normal
2025-02-02 16:00:00,13.8,1.6,45.0,83.0,-0.8,2886.8,Snow,normal
2025-02-02 17:00:00,21.1,8.0,45.0,76.6,0.0,2886.8,Clear,normal
2025-02-02 18:00:00,17.0,0.0,45.0,65.4,-0.2,2886.8,Clear,normal
2025-02-02 19:00:00,15.2,3.5,45.3,54.8,-0.6,2886.8,Clear,normal
2025-02-02 20:00:00,6.8,56.5,45.0,61.5,-2.5,2886.8,Cloudy,normal
2025-02-02 21:00:00,5.2,120.0,45.0,91.0,-0.5,2886.8,Storm,normal
2025-02-02 22:00:00,1.0,2.3,45.0,74.3,-1.9,2886.8,Clear,normal
2025-02-02 23:00:00,0.0,0.0,45.0,56.3,-3.3,2886.8,Clear,normal
2025-02-03 00:00:00,0.0,120.0,45.0,83.9,0.2,2886.8,Storm,normal
2025-02-03 01:00:00,0.0,0.0,45.0,65.9,-0.4,2886.8,Cloudy,normal
2025-02-03 02:00:00,0.3,0.0,45.0,48.0,-5.6,2886.8,Cloudy,normal
2025-02-03 03:00:00,4.8,0.1,45.0,32.0,-2.3,2886.8,Clear,normal
2025-02-03 04:00:00,10.0,0.0,45.0,18.0,-0.2,2886.8,Clear,normal
2025-02-03 05:00:00,14.6,85.0,45.0,38.2,-0.4,2886.8,Clear,normal
2025-02-03 06:00:00,11.9,0.0,45.0,24.9,-0.7,2886.8,Cloudy,normal
2025-02-03 07:00:00,11.6,0.0,45.0,15.0,-3.0,2883.7,Snow,storm
2025-02-03 08:00:00,23.7,0.0,50.2,15.0,-5.0,2874.5,Clear,storm
2025-02-03 09:00:00,20.6,5.7,50.8,15.0,-5.5,2866.1,Cloudy,storm
2025-02-03 10:00:00,29.0,120.0,45.7,53.0,-2.2,2866.1,Storm,peak_solar
2025-02-03 11:00:00,19.0,18.1,45.2,49.8,-1.9,2866.1,Cloudy,normal
2025-02-03 12:00:00,38.7,0.0,45.0,47.2,0.4,2866.1,Clear,normal
2025-02-03 13:00:00,16.1,120.0,45.0,80.7,0.4,2866.1,Storm,normal
2025-02-03 14:00:00,24.3,12.4,45.4,77.2,-1.9,2866.1,Cloudy,normal
2025-02-03 15:00:00,14.5,65.9,45.0,90.3,-4.0,2866.1,Snow,normal
2025-02-03 16:00:00,13.8,0.0,45.0,77.8,-1.6,2866.1,Snow,normal
2025-02-03 17:00:00,14.6,120.0,51.4,95.0,-0.1,2866.1,Storm,normal
2025-02-03 18:00:00,12.2,0.5,45.0,82.1,-0.8,2866.1,Cloudy,normal
2025-02-03 19:00:00,12.8,0.0,45.0,69.2,-1.5,2866.1,Clear,normal
2025-02-03 20:00:00,5.2,8.6,47.4,55.7,0.4,2866.1,Snow,normal
2025-02-03 21:00:00,4.7,65.9,45.0,65.1,-1.3,2866.1,Clear,normal
2025-02-03 22:00:00,0.4,27.7,45.0,58.4,-1.7,2866.1,Clear,normal
2025-02-03 23:00:00,0.0,26.5,45.0,51.0,0.1,2866.1,Cloudy,normal
2025-02-04 00:00:00,0.0,21.6,45.0,41.6,-1.8,2866.1,Cloudy,normal
2025-02-04 01:00:00,0.0,6.3,45.0,26.1,-0.8,2866.1,Clear,normal
2025-02-04 02:00:00,0.0,0.0,45.0,15.0,-1.1,2860.0,Cloudy,storm
2025-02-04 03:00:00,3.3,1.5,45.0,15.0,-4.6,2846.8,Cloudy,storm
2025-02-04 04:00:00,4.0,0.7,45.0,15.0,-3.5,2833.7,Snow,storm
2025-02-04 05:00:00,5.3,120.0,45.0,44.6,0.4,2833.7,Snow,normal
2025-02-04 06:00:00,16.2,86.0,45.0,65.6,-5.6,2833.7,Clear,normal
2025-02-04 07:00:00,19.2,0.3,45.0,55.4,-7.8,2833.7,Cloudy,normal
2025-02-04 08:00:00,8.0,43.4,53.1,54.7,-7.3,2833.7,Snow,normal
2025-02-04 09:00:00,20.1,2.9,48.5,44.5,-3.1,2833.7,Cloudy,normal
2025-02-04 10:00:00,24.9,0.0,49.4,34.7,-2.9,2833.7,Cloudy,normal
2025-02-04 11:00:00,27.2,0.0,49.1,25.9,-3.0,2833.7,Cloudy,normal
2025-02-04 12:00:00,27.6,31.2,46.0,30.6,0.2,2833.7,Clear,peak_solar
2025-02-04 13:00:00,36.4,0.0,49.2,25.5,-8.0,2833.7,Clear,normal
2025-02-04 14:00:00,21.9,0.0,45.0,16.3,-0.8,2833.7,Cloudy,normal
2025-02-04 15:00:00,20.5,0.0,45.0,15.0,2.1,2826.3,Cloudy,storm
2025-02-04 16:00:00,17.6,33.2,47.2,16.3,-3.4,2826.3,Cloudy,normal
2025-02-04 17:00:00,12.2,88.7,45.0,36.9,-1.5,2826.3,Snow,normal
2025-02-04 18:00:00,13.4,84.4,47.0,55.6,-2.1,2826.3,Cloudy,normal
2025-02-04 19:00:00,13.6,0.0,50.0,41.1,-2.2,2826.3,Clear,normal
2025-02-04 20:00:00,9.7,0.0,45.0,27.0,-0.9,2826.3,Clear,normal
2025-02-04 21:00:00,2.6,0.0,45.0,15.0,2.9,2821.8,Snow,storm
2025-02-04 22:00:00,0.0,33.0,45.0,15.0,3.6,2817.4,Clear,storm
2025-02-04 23:00:00,0.0,0.0,45.0,15.0,-1.4,2803.0,Clear,storm
2025-02-05 00:00:00,0.0,2.1,45.0,15.0,3.2,2789.2,Snow,storm
2025-02-05 01:00:00,0.0,42.3,45.0,15.0,-1.3,2788.2,Cloudy,storm
2025-02-05 02:00:00,0.0,4.6,45.0,15.0,2.1,2775.0,Cloudy,storm
2025-02-05 03:00:00,3.8,12.5,45.0,15.0,-2.4,2765.2,Clear,storm
2025-02-05 04:00:00,5.0,1.8,45.0,15.0,-2.2,2752.7,Snow,storm
2025-02-05 05:00:00,5.9,68.8,45.0,25.9,-2.0,2752.7,Snow,normal
2025-02-05 06:00:00,10.1,87.8,45.0,45.4,3.9,2752.7,Snow,normal
2025-02-05 07:00:00,15.0,21.7,45.0,42.0,-1.4,2752.7,Cloudy,normal
2025-02-05 08:00:00,14.8,88.4,50.0,61.6,-4.8,2752.7,Snow,normal
2025-02-05 09:00:00,27.6,120.0,45.0,95.0,-1.1,2752.7,Storm,peak_solar
2025-02-05 10:00:00,29.2,40.4,45.0,95.0,-3.9,2752.7,Clear,peak_solar
2025-02-05 11:00:00,21.6,3.3,45.5,86.8,-3.9,2752.7,Cloudy,normal
2025-02-05 12:00:00,20.3,13.4,45.0,82.3,-0.5,2752.7,Cloudy,normal
2025-02-05 13:00:00,29.6,112.2,45.5,95.0,-2.1,2752.7,Clear,peak_solar
2025-02-05 14:00:00,28.6,0.5,45.0,88.6,-1.2,2752.7,Clear,normal
2025-02-05 15:00:00,20.4,0.3,45.4,78.8,-1.4,2752.7,Cloudy,normal
2025-02-05 16:00:00,28.0,12.8,45.0,77.1,-0.3,2752.7,Clear,normal
2025-02-05 17:00:00,7.8,3.1,45.0,63.4,0.2,2752.7,Snow,normal
2025-02-05 18:00:00,12.6,0.0,51.3,47.9,-4.7,2752.7,Cloudy,normal
2025-02-05 19:00:00,11.7,7.5,45.0,37.6,1.1,2752.7,Cloudy,normal
2025-02-05 20:00:00,6.9,120.0,45.0,67.8,-2.4,2752.7,Cloudy,normal
2025-02-05 21:00:00,2.9,19.7,45.0,58.8,-3.5,2752.7,Cloudy,normal
2025-02-05 22:00:00,0.0,0.0,45.0,40.8,-0.6,2752.7,Clear,normal
2025-02-05 23:00:00,0.0,30.7,45.0,35.0,-0.5,2752.7,Cloudy,normal
2025-02-06 00:00:00,0.0,1.2,45.0,17.5,-2.6,2752.7,Snow,normal
2025-02-06 01:00:00,0.0,120.0,45.0,45.1,0.4,2752.7,Storm,normal
2025-02-06 02:00:00,0.0,24.6,45.0,37.0,-4.8,2752.7,Snow,normal
2025-02-06 03:00:00,4.3,0.1,45.0,20.7,-3.1,2752.7,Clear,normal
2025-02-06 04:00:00,4.1,37.7,45.0,19.4,-3.9,2752.7,Snow,normal
2025-02-06 05:00:00,12.1,9.6,45.0,15.0,-3.0,2748.3,Clear,storm
2025-02-06 06:00:00,17.6,120.0,45.0,49.1,-2.5,2748.3,Clear,normal
2025-02-06 07:00:00,21.3,0.3,45.0,39.7,-5.5,2748.3,Clear,normal
2025-02-06 08:00:00,17.4,24.4,53.8,34.9,-1.8,2748.3,Cloudy,normal
2025-02-06 09:00:00,25.8,0.0,45.0,27.2,-3.2,2748.3,Clear,normal
2025-02-06 10:00:00,35.3,6.5,58.6,20.5,-7.3,2748.3,Clear,normal
2025-02-06 11:00:00,13.7,0.0,53.6,15.0,-7.2,2739.3,Snow,storm
2025-02-06 12:00:00,18.4,8.6,45.0,15.0,-2.6,2732.9,Snow,storm
2025-02-06 13:00:00,37.6,17.0,45.0,18.5,-2.7,2732.9,Clear,peak_solar
2025-02-06 14:00:00,15.5,21.8,45.9,15.1,-2.1,2732.9,Snow,normal
2025-02-06 15:00:00,24.8,0.3,45.0,15.0,-1.5,2726.0,Clear,storm
2025-02-06 16:00:00,20.1,7.2,45.0,15.0,-0.6,2719.7,Cloudy,storm
2025-02-06 17:00:00,20.3,105.5,45.0,44.7,1.3,2719.7,Clear,normal
2025-02-06 18:00:00,15.3,120.0,52.2,75.3,-3.0,2719.7,Storm,normal
2025-02-06 19:00:00,4.6,8.1,46.6,61.7,-3.0,2719.7,Snow,normal
2025-02-06 20:00:00,7.5,112.6,47.7,88.4,-2.8,2719.7,Cloudy,normal
2025-02-06 21:00:00,2.9,0.0,45.0,71.5,0.2,2719.7,Cloudy,normal
2025-02-06 22:00:00,0.0,0.8,45.0,53.8,2.2,2719.7,Clear,normal
2025-02-06 23:00:00,0.0,11.6,45.3,40.3,-1.7,2719.7,Cloudy,normal
2025-02-07 00:00:00,0.0,3.2,45.0,23.6,-6.7,2719.7,Cloudy,normal
2025-02-07 01:00:00,0.0,2.1,50.8,15.0,-5.3,2710.4,Snow,storm
2025-02-07 02:00:00,0.0,87.8,45.0,30.8,-3.8,2710.4,Cloudy,normal
2025-02-07 03:00:00,1.9,0.0,45.0,15.0,-3.5,2709.0,Snow,storm
2025-02-07 04:00:00,5.5,0.0,45.0,15.0,-3.6,2696.1,Cloudy,storm
2025-02-07 05:00:00,8.1,0.0,45.0,15.0,-2.9,2683.9,Cloudy,storm
2025-02-07 06:00:00,9.5,12.9,45.0,15.0,-3.9,2676.0,Snow,storm
2025-02-07 07:00:00,19.1,1.2,45.0,15.0,-1.1,2667.5,Clear,storm
2025-02-07 08:00:00,28.0,69.0,45.0,34.1,-4.9,2667.5,Clear,peak_solar
2025-02-07 09:00:00,28.1,9.7,48.7,29.8,-5.3,2667.5,Clear,normal
2025-02-07 10:00:00,34.6,0.2,51.1,23.2,-2.2,2667.5,Clear,normal
2025-02-07 11:00:00,18.6,0.0,46.9,15.0,-6.4,2664.7,Cloudy,storm
2025-02-07 12:00:00,16.7,0.0,47.1,15.0,-1.8,2654.4,Snow,storm
2025-02-07 13:00:00,22.9,2.5,45.0,15.0,-2.1,2647.4,Cloudy,storm
2025-02-07 14:00:00,29.0,0.0,49.1,15.0,-2.3,2640.4,Clear,storm
2025-02-07 15:00:00,18.3,93.1,45.0,39.4,2.0,2640.4,Cloudy,normal
2025-02-07 16:00:00,19.1,0.9,46.6,28.8,-2.5,2640.4,Cloudy,normal
2025-02-07 17:00:00,9.6,0.0,45.0,15.0,3.7,2640.1,Snow,storm
2025-02-07 18:00:00,13.7,120.0,45.0,47.6,-1.1,2640.1,Cloudy,normal
2025-02-07 19:00:00,7.4,2.7,45.0,33.6,-3.3,2640.1,Snow,normal
2025-02-07 20:00:00,4.0,30.5,45.0,29.4,-0.3,2640.1,Snow,normal
2025-02-07 21:00:00,3.5,0.3,45.0,15.0,-2.8,2638.2,Clear,storm
2025-02-07 22:00:00,0.0,120.0,45.0,42.6,-2.3,2638.2,Snow,normal
2025-02-07 23:00:00,0.0,0.0,45.0,24.6,0.0,2638.2,Snow,normal
2025-02-08 00:00:00,0.0,1.2,45.0,15.0,0.0,2631.2,Clear,storm
2025-02-08 01:00:00,0.0,0.0,45.0,15.0,-3.0,2616.8,Snow,storm
2025-02-08 02:00:00,0.0,120.0,45.0,42.6,0.2,2616.8,Snow,normal
2025-02-08 03:00:00,2.8,0.1,45.0,25.8,0.1,2616.8,Clear,normal
2025-02-08 04:00:00,6.0,14.1,45.0,15.8,0.4,2616.8,Cloudy,normal
2025-02-08 05:00:00,11.8,21.3,45.0,15.0,-1.9,2613.2,Clear,storm
2025-02-08 06:00:00,8.5,101.0,45.0,38.8,-0.3,2613.2,Snow,normal
2025-02-08 07:00:00,23.7,11.0,45.0,34.6,-7.6,2613.2,Clear,normal
2025-02-08 08:00:00,7.8,3.4,52.6,18.0,-4.2,2613.2,Snow,normal
2025-02-08 09:00:00,14.6,78.3,45.3,35.6,-5.4,2613.2,Snow,normal
2025-02-08 10:00:00,21.3,20.2,45.0,34.2,-3.0,2613.2,Cloudy,normal
2025-02-08 11:00:00,33.5,1.7,45.0,30.3,-4.3,2613.2,Clear,normal
2025-02-08 12:00:00,23.0,120.0,45.6,66.2,-3.1,2613.2,Cloudy,normal
2025-02-08 13:00:00,16.8,25.2,45.0,65.0,1.7,2613.2,Snow,normal
2025-02-08 14:00:00,27.6,0.0,45.0,58.0,-2.4,2613.2,Clear,normal
2025-02-08 15:00:00,9.1,120.0,45.0,89.0,-0.7,2613.2,Storm,normal
2025-02-08 16:00:00,15.7,0.2,45.0,77.3,-1.8,2613.2,Cloudy,normal
2025-02-08 17:00:00,16.8,99.7,45.0,95.0,-0.8,2613.2,Cloudy,normal
2025-02-08 18:00:00,13.8,0.0,45.1,82.5,-0.7,2613.2,Cloudy,normal
2025-02-08 19:00:00,12.3,77.2,45.0,95.0,0.4,2613.2,Clear,normal
2025-02-08 20:00:00,7.2,0.0,49.4,78.1,2.1,2613.2,Clear,normal
2025-02-08 21:00:00,2.1,10.1,45.0,65.0,3.1,2613.2,Cloudy,normal
2025-02-08 22:00:00,0.0,23.3,45.0,56.3,0.0,2613.2,Cloudy,normal
2025-02-08 23:00:00,0.0,1.9,45.0,39.1,0.3,2613.2,Cloudy,normal
2025-02-09 00:00:00,0.0,5.5,45.0,23.3,-3.9,2613.2,Snow,normal
2025-02-09 01:00:00,0.0,0.0,45.0,15.0,-1.9,2604.8,Snow,storm
2025-02-09 02:00:00,0.0,59.5,45.0,20.3,0.0,2604.8,Clear,normal
2025-02-09 03:00:00,1.8,12.1,45.0,15.0,-0.6,2598.5,Cloudy,storm
2025-02-09 04:00:00,5.9,0.0,45.0,15.0,-2.4,2585.7,Cloudy,storm
2025-02-09 05:00:00,13.8,13.6,45.0,15.0,-1.2,2579.4,Clear,storm
2025-02-09 06:00:00,15.9,15.0,46.5,15.0,-2.3,2573.9,Clear,storm
2025-02-09 07:00:00,14.2,6.5,45.0,15.0,-0.9,2565.4,Cloudy,storm
2025-02-09 08:00:00,28.4,0.0,45.0,15.0,-3.0,2559.5,Clear,storm
2025-02-09 09:00:00,16.2,0.9,54.2,15.0,-4.3,2547.3,Snow,storm
2025-02-09 10:00:00,35.3,57.4,48.6,31.2,-2.7,2547.3,Clear,peak_solar
2025-02-09 11:00:00,31.0,27.6,53.3,33.2,-9.6,2547.3,Clear,peak_solar
2025-02-09 12:00:00,21.2,25.2,48.2,32.5,-2.0,2547.3,Cloudy,normal
2025-02-09 13:00:00,23.4,11.8,50.8,26.2,-10.5,2547.3,Cloudy,normal
2025-02-09 14:00:00,27.5,76.0,45.0,47.8,-5.9,2547.3,Clear,peak_solar
2025-02-09 15:00:00,24.1,0.2,45.0,39.5,-0.7,2547.3,Cloudy,normal
2025-02-09 16:00:00,11.5,0.0,45.0,26.1,-0.3,2547.3,Snow,normal
2025-02-09 17:00:00,20.9,120.0,45.0,61.4,-3.6,2547.3,Storm,normal
2025-02-09 18:00:00,9.8,0.1,45.0,47.3,-2.4,2547.3,Snow,normal
2025-02-09 19:00:00,14.7,0.0,45.0,35.2,2.4,2547.3,Clear,normal
2025-02-09 20:00:00,7.7,1.8,45.0,21.0,-1.7,2547.3,Clear,normal
2025-02-09 21:00:00,1.4,7.4,45.0,15.0,4.3,2539.9,Cloudy,storm
2025-02-09 22:00:00,0.0,77.2,45.0,26.8,-0.8,2539.9,Cloudy,normal
2025-02-09 23:00:00,0.0,0.9,45.0,15.0,-0.1,2534.7,Clear,storm
2025-02-10 00:00:00,0.0,0.9,45.0,15.0,2.1,2520.5,Cloudy,storm
2025-02-10 01:00:00,0.0,5.4,45.0,15.0,-1.5,2507.6,Clear,storm
2025-02-10 02:00:00,0.0,0.3,45.0,15.0,-4.4,2493.2,Cloudy,storm
2025-02-10 03:00:00,1.5,0.0,45.0,15.0,-2.8,2479.2,Cloudy,storm
2025-02-10 04:00:00,5.9,0.0,45.0,15.0,-3.0,2466.4,Cloudy,storm
2025-02-10 05:00:00,5.8,120.0,45.0,44.7,-6.2,2466.4,Snow,normal
2025-02-10 06:00:00,8.9,44.2,45.0,47.7,-4.0,2466.4,Snow,normal
2025-02-10 07:00:00,24.6,4.7,45.0,41.4,-5.3,2466.4,Clear,normal
2025-02-10 08:00:00,29.3,27.6,54.7,42.2,-1.6,2466.4,Clear,peak_solar
2025-02-10 09:00:00,21.4,47.8,45.0,51.2,-3.6,2466.4,Cloudy,normal
2025-02-10 10:00:00,23.3,0.1,46.2,42.0,-4.1,2466.4,Cloudy,normal
2025-02-10 11:00:00,34.2,0.0,45.0,37.7,-3.5,2466.4,Clear,normal
2025-02-10 12:00:00,21.6,110.8,45.0,69.9,-2.4,2466.4,Cloudy,normal
2025-02-10 13:00:00,24.8,0.0,45.0,61.8,-1.2,2466.4,Cloudy,normal
2025-02-10 14:00:00,21.5,28.8,45.0,63.7,-4.4,2466.4,Cloudy,normal
2025-02-10 15:00:00,24.9,9.9,47.8,58.5,-4.1,2466.4,Clear,normal
2025-02-10 16:00:00,15.1,86.9,45.0,79.4,1.0,2466.4,Cloudy,normal
2025-02-10 17:00:00,11.3,31.8,45.0,78.7,-2.0,2466.4,Snow,normal
2025-02-10 18:00:00,12.9,27.0,52.1,73.8,-4.0,2466.4,Cloudy,normal
2025-02-10 19:00:00,11.4,0.0,45.2,60.3,0.2,2466.4,Clear,normal
2025-02-10 20:00:00,7.6,52.7,46.3,65.4,0.3,2466.4,Clear,normal
2025-02-10 21:00:00,1.1,20.1,45.0,55.9,-4.1,2466.4,Cloudy,normal
2025-02-10 22:00:00,0.0,0.0,45.0,37.9,-0.4,2466.4,Clear,normal
2025-02-10 23:00:00,0.0,10.2,45.0,24.0,0.5,2466.4,Snow,normal
2025-02-11 00:00:00,0.0,0.0,45.0,15.0,-0.7,2458.6,Cloudy,storm
2025-02-11 01:00:00,0.0,2.7,45.0,15.0,-0.5,2444.9,Snow,storm
2025-02-11 02:00:00,0.0,120.0,45.0,42.6,-5.4,2444.9,Storm,normal
2025-02-11 03:00:00,0.7,0.0,45.0,24.9,-1.9,2444.9,Snow,normal
2025-02-11 04:00:00,5.2,0.0,45.0,15.0,-3.7,2439.4,Cloudy,storm
2025-02-11 05:00:00,8.5,0.0,45.0,15.0,-4.4,2427.4,Cloudy,storm
2025-02-11 06:00:00,9.4,2.5,45.0,15.0,-1.7,2416.3,Snow,storm
2025-02-11 07:00:00,13.7,39.0,45.0,17.8,-0.5,2416.3,Cloudy,normal
2025-02-11 08:00:00,17.2,6.0,45.0,15.0,0.2,2411.0,Cloudy,storm
2025-02-11 09:00:00,31.2,0.0,47.2,15.0,-0.8,2405.3,Clear,storm
2025-02-11 10:00:00,25.0,37.7,45.2,21.4,-3.8,2405.3,Cloudy,peak_solar
2025-02-11 11:00:00,35.1,0.0,45.9,17.1,-2.6,2405.3,Clear,normal
2025-02-11 12:00:00,37.9,0.0,48.7,15.0,-1.3,2403.3,Clear,storm
2025-02-11 13:00:00,17.3,0.2,50.8,15.0,-2.4,2392.2,Snow,storm
2025-02-11 14:00:00,23.4,102.7,45.0,44.8,-2.0,2392.2,Cloudy,normal
2025-02-11 15:00:00,19.4,7.0,45.0,37.4,-0.1,2392.2,Cloudy,normal
2025-02-11 16:00:00,17.4,8.0,50.7,27.3,-1.7,2392.2,Cloudy,normal
2025-02-11 17:00:00,10.2,0.0,45.4,15.0,-2.8,2390.5,Snow,storm
2025-02-11 18:00:00,13.1,0.5,45.0,15.0,-1.9,2379.9,Cloudy,storm
2025-02-11 19:00:00,11.6,71.4,45.0,29.0,0.6,2379.9,Clear,normal
2025-02-11 20:00:00,4.4,16.8,45.0,19.4,-0.8,2379.9,Cloudy,normal
2025-02-11 21:00:00,1.3,41.5,45.0,18.6,-0.1,2379.9,Clear,normal
2025-02-11 22:00:00,0.0,4.6,45.0,15.0,0.5,2369.3,Snow,storm
2025-02-11 23:00:00,0.0,73.3,45.0,25.4,-2.0,2369.3,Cloudy,normal
2025-02-12 00:00:00,0.0,0.0,45.0,15.0,0.0,2362.6,Clear,storm
2025-02-12 01:00:00,0.0,2.3,45.0,15.0,-1.1,2348.8,Cloudy,storm
2025-02-12 02:00:00,0.0,25.9,45.0,15.0,-5.1,2342.0,Cloudy,storm
2025-02-12 03:00:00,0.7,0.0,45.0,15.0,0.4,2327.8,Clear,storm
2025-02-12 04:00:00,5.0,0.0,45.0,15.0,-4.2,2314.8,Cloudy,storm
2025-02-12 05:00:00,8.3,120.0,45.0,45.6,-7.1,2314.8,Storm,normal
2025-02-12 06:00:00,8.2,7.4,45.0,33.9,-6.0,2314.8,Snow,normal
2025-02-12 07:00:00,17.1,0.0,45.0,22.7,-6.1,2314.8,Cloudy,normal
2025-02-12 08:00:00,20.5,6.8,46.1,15.2,-3.8,2314.8,Cloudy,normal
2025-02-12 09:00:00,21.6,0.0,49.9,15.0,-4.4,2305.3,Cloudy,storm
2025-02-12 10:00:00,28.0,0.0,63.5,15.0,-4.4,2293.5,Clear,storm
2025-02-12 11:00:00,17.7,112.2,45.0,46.3,-2.1,2293.5,Snow,normal
2025-02-12 12:00:00,27.9,0.3,45.0,39.5,-2.4,2293.5,Clear,normal
2025-02-12 13:00:00,28.0,0.3,49.6,31.0,-2.1,2293.5,Clear,normal
2025-02-12 14:00:00,16.2,0.0,45.0,19.5,-1.5,2293.5,Snow,normal
2025-02-12 15:00:00,21.0,1.1,45.1,15.0,-0.6,2289.2,Cloudy,storm
2025-02-12 16:00:00,10.9,9.2,51.7,15.0,-6.3,2278.5,Snow,storm
2025-02-12 17:00:00,13.6,0.3,45.0,15.0,-2.1,2268.0,Cloudy,storm
2025-02-12 18:00:00,10.9,120.0,50.0,44.8,-5.9,2268.0,Storm,normal
2025-02-12 19:00:00,3.5,0.0,50.6,25.9,-0.8,2268.0,Snow,normal
2025-02-12 20:00:00,3.3,0.0,45.0,15.0,-0.9,2262.8,Snow,storm
2025-02-12 21:00:00,0.9,0.9,45.0,15.0,1.4,2248.9,Clear,storm
2025-02-12 22:00:00,0.0,120.0,45.0,42.6,1.5,2248.9,Storm,normal
2025-02-12 23:00:00,0.0,43.8,45.0,42.1,-0.9,2248.9,Snow,normal
2025-02-13 00:00:00,0.0,0.2,45.0,24.2,-2.8,2248.9,Clear,normal
2025-02-13 01:00:00,0.0,0.2,45.0,15.0,-1.0,2241.3,Clear,storm
2025-02-13 02:00:00,0.0,0.0,45.0,15.0,-3.6,2226.9,Clear,storm
2025-02-13 03:00:00,0.3,0.7,45.0,15.0,-2.9,2212.7,Clear,storm
2025-02-13 04:00:00,4.2,2.1,45.0,15.0,-1.0,2200.0,Cloudy,storm
2025-02-13 05:00:00,6.0,39.0,45.0,15.0,-4.8,2200.0,Snow,storm
2025-02-13 06:00:00,9.5,21.2,45.0,15.0,-2.0,2194.9,Cloudy,storm
2025-02-13 07:00:00,14.9,0.6,45.0,15.0,-2.4,2184.9,Cloudy,storm
2025-02-13 08:00:00,22.8,120.0,46.6,50.4,-6.1,2184.9,Storm,normal
2025-02-13 09:00:00,16.6,0.1,45.0,39.1,-1.8,2184.9,Cloudy,normal
2025-02-13 10:00:00,23.5,0.0,52.7,27.4,-2.2,2184.9,Cloudy,normal
2025-02-13 11:00:00,21.3,10.9,45.1,22.2,-3.3,2184.9,Cloudy,normal
2025-02-13 12:00:00,15.7,94.4,47.9,45.2,-4.9,2184.9,Snow,normal
2025-02-13 13:00:00,30.6,4.1,45.0,41.0,-4.7,2184.9,Clear,normal
2025-02-13 14:00:00,25.4,0.0,54.8,29.3,-3.6,2184.9,Cloudy,normal
2025-02-13 15:00:00,25.0,8.3,45.0,24.6,-0.9,2184.9,Clear,normal
2025-02-13 16:00:00,18.3,12.5,45.0,18.9,-3.8,2184.9,Cloudy,normal
2025-02-13 17:00:00,11.6,17.2,45.0,15.0,-0.4,2182.5,Snow,storm
2025-02-13 18:00:00,15.2,8.9,46.1,15.0,-3.9,2174.8,Clear,storm
2025-02-13 19:00:00,11.0,120.0,45.0,46.6,-1.5,2174.8,Clear,normal
2025-02-13 20:00:00,4.1,0.0,45.0,30.3,-0.7,2174.8,Cloudy,normal
2025-02-13 21:00:00,0.2,0.0,45.0,15.0,4.4,2172.4,Clear,storm
2025-02-13 22:00:00,0.0,0.0,45.0,15.0,-4.2,2158.0,Cloudy,storm
2025-02-13 23:00:00,0.0,0.0,45.0,15.0,1.8,2143.6,Clear,storm
2025-02-14 00:00:00,0.0,61.0,45.0,20.9,-1.5,2143.6,Cloudy,normal
2025-02-14 01:00:00,0.0,1.1,45.0,15.0,-1.3,2133.6,Clear,storm
2025-02-14 02:00:00,0.0,120.0,45.0,42.6,-2.3,2133.6,Storm,normal
2025-02-14 03:00:00,0.0,0.0,45.0,24.6,-2.0,2133.6,Cloudy,normal
2025-02-14 04:00:00,5.6,120.0,45.0,54.3,-3.7,2133.6,Storm,normal
2025-02-14 05:00:00,5.3,0.0,45.0,38.4,-0.4,2133.6,Snow,normal
2025-02-14 06:00:00,13.9,2.1,47.2,25.9,-4.9,2133.6,Clear,normal
2025-02-14 07:00:00,14.0,0.0,45.0,15.0,-1.5,2132.2,Cloudy,storm
2025-02-14 08:00:00,14.6,120.0,48.5,46.7,-5.5,2132.2,Cloudy,normal
2025-02-14 09:00:00,22.7,3.7,45.0,39.2,-4.1,2132.2,Cloudy,normal
2025-02-14 10:00:00,15.3,120.0,45.0,72.5,-6.2,2132.2,Storm,normal
2025-02-14 11:00:00,28.6,106.5,48.1,95.0,-2.6,2132.2,Clear,peak_solar
2025-02-14 12:00:00,23.8,1.8,45.0,87.2,-0.1,2132.2,Cloudy,normal
2025-02-14 13:00:00,31.4,0.0,46.1,81.3,-3.1,2132.2,Clear,normal
2025-02-14 14:00:00,36.8,68.2,45.0,95.0,-3.0,2132.2,Clear,peak_solar
2025-02-14 15:00:00,32.7,5.5,45.0,92.3,-4.6,2132.2,Clear,normal
2025-02-14 16:00:00,19.1,0.0,48.0,80.7,-2.3,2132.2,Cloudy,normal
2025-02-14 17:00:00,16.5,7.2,54.8,68.3,-5.0,2132.2,Cloudy,normal
2025-02-14 18:00:00,17.5,0.0,45.0,57.2,-3.3,2132.2,Clear,normal
2025-02-14 19:00:00,6.4,18.5,45.0,49.2,-0.6,2132.2,Cloudy,normal
2025-02-14 20:00:00,2.8,31.6,45.0,45.0,1.8,2132.2,Snow,normal
2025-02-14 21:00:00,0.0,0.0,45.0,27.0,5.1,2132.2,Snow,normal
2025-02-14 22:00:00,0.0,120.0,45.0,54.6,-2.6,2132.2,Clear,normal
2025-02-14 23:00:00,0.0,80.9,45.0,67.8,1.7,2132.2,Clear,normal
2025-02-15 00:00:00,0.0,14.0,45.0,55.4,-1.4,2132.2,Clear,normal
2025-02-15 01:00:00,0.0,0.0,45.0,37.4,-2.6,2132.2,Cloudy,normal
2025-02-15 02:00:00,0.0,37.6,45.0,34.4,-1.7,2132.2,Cloudy,normal
2025-02-15 03:00:00,0.0,0.8,45.0,16.7,-2.9,2132.2,Cloudy,normal
2025-02-15 04:00:00,3.8,9.9,45.0,15.0,-3.2,2122.9,Cloudy,storm
2025-02-15 05:00:00,9.2,48.2,45.0,19.6,-4.6,2122.9,Clear,normal
2025-02-15 06:00:00,9.5,0.0,45.0,15.0,-7.0,2114.6,Cloudy,storm
2025-02-15 07:00:00,14.0,0.0,48.0,15.0,-7.5,2103.3,Cloudy,storm
2025-02-15 08:00:00,16.4,0.4,45.0,15.0,-2.7,2093.6,Cloudy,storm
2025-02-15 09:00:00,19.5,120.0,46.7,49.1,-4.7,2093.6,Storm,normal
2025-02-15 10:00:00,30.1,120.0,50.9,85.6,-5.3,2093.6,Storm,peak_solar
2025-02-15 11:00:00,16.5,17.4,52.7,78.1,-3.7,2093.6,Snow,normal
2025-02-15 12:00:00,22.7,87.5,45.0,95.0,-1.7,2093.6,Cloudy,normal
2025-02-15 13:00:00,14.7,4.4,46.7,84.0,-2.7,2093.6,Snow,normal
2025-02-15 14:00:00,16.6,7.3,47.0,74.8,-4.1,2093.6,Snow,normal
2025-02-15 15:00:00,33.9,2.1,45.0,71.1,0.4,2093.6,Clear,normal
2025-02-15 16:00:00,11.8,116.6,45.0,95.0,1.6,2093.6,Snow,normal
2025-02-15 17:00:00,8.9,120.0,45.0,95.0,-0.5,2093.6,Storm,normal
2025-02-15 18:00:00,9.2,6.7,45.0,83.4,0.8,2093.6,Cloudy,normal
2025-02-15 19:00:00,7.7,7.2,45.0,71.3,1.5,2093.6,Cloudy,normal
2025-02-15 20:00:00,2.7,2.6,45.0,55.4,1.3,2093.6,Snow,normal
2025-02-15 21:00:00,0.0,120.0,45.0,83.0,0.1,2093.6,Storm,normal
2025-02-15 22:00:00,0.0,63.4,45.0,89.8,-0.1,2093.6,Clear,normal
2025-02-15 23:00:00,0.0,0.0,45.0,71.8,-0.5,2093.6,Snow,normal
2025-02-16 00:00:00,0.0,120.0,45.0,95.0,-4.4,2093.6,Storm,normal
2025-02-16 01:00:00,0.0,0.0,45.0,77.0,-0.8,2093.6,Clear,normal
2025-02-16 02:00:00,0.0,120.0,45.0,95.0,-5.8,2093.6,Storm,normal
2025-02-16 03:00:00,0.0,96.7,45.0,95.0,-4.9,2093.6,Clear,normal
2025-02-16 04:00:00,3.8,6.9,45.0,81.2,-0.7,2093.6,Cloudy,normal
2025-02-16 05:00:00,8.9,6.3,45.0,69.3,-2.0,2093.6,Clear,normal
2025-02-16 06:00:00,10.1,3.3,45.0,56.7,-0.8,2093.6,Cloudy,normal
2025-02-16 07:00:00,16.2,0.0,45.0,45.2,-4.8,2093.6,Cloudy,normal
2025-02-16 08:00:00,16.8,120.0,52.8,76.1,-6.8,2093.6,Storm,normal
2025-02-16 09:00:00,17.6,5.6,45.0,67.4,-4.8,2093.6,Cloudy,normal
2025-02-16 10:00:00,11.1,0.0,49.9,51.9,-3.8,2093.6,Snow,normal
2025-02-16 11:00:00,26.4,120.0,50.1,87.3,-3.7,2093.6,Storm,peak_solar
2025-02-16 12:00:00,28.0,24.4,45.0,90.0,-1.0,2093.6,Clear,peak_solar
2025-02-16 13:00:00,20.9,29.0,47.2,91.1,-4.0,2093.6,Cloudy,normal
2025-02-16 14:00:00,18.6,120.0,45.0,95.0,-2.0,2093.6,Storm,normal
2025-02-16 15:00:00,20.8,42.1,45.0,95.0,-4.6,2093.6,Cloudy,normal
2025-02-16 16:00:00,18.2,0.2,45.0,84.4,-1.0,2093.6,Cloudy,normal
2025-02-16 17:00:00,12.4,41.9,45.0,87.8,-1.7,2093.6,Cloudy,normal
2025-02-16 18:00:00,16.9,0.0,45.0,76.6,-3.1,2093.6,Clear,normal
2025-02-16 19:00:00,8.2,0.6,47.1,61.2,-1.8,2093.6,Cloudy,normal
2025-02-16 20:00:00,4.8,16.0,45.0,51.5,-1.7,2093.6,Clear,normal
2025-02-16 21:00:00,0.0,85.0,45.0,66.3,-1.9,2093.6,Cloudy,normal
2025-02-16 22:00:00,0.0,0.3,45.0,48.4,2.4,2093.6,Cloudy,normal
2025-02-16 23:00:00,0.0,2.9,45.0,31.6,-1.9,2093.6,Clear,normal
2025-02-17 00:00:00,0.0,2.8,45.0,15.0,-2.7,2093.3,Cloudy,storm
2025-02-17 01:00:00,0.0,120.0,45.0,42.6,-7.1,2093.3,Clear,normal
2025-02-17 02:00:00,0.0,6.3,45.0,27.1,-4.9,2093.3,Clear,normal
2025-02-17 03:00:00,0.0,120.0,45.0,54.7,-3.9,2093.3,Storm,normal
2025-02-17 04:00:00,3.1,0.7,45.0,38.2,-5.1,2093.3,Cloudy,normal
2025-02-17 05:00:00,4.0,0.4,45.0,22.0,-0.9,2093.3,Snow,normal
2025-02-17 06:00:00,4.8,120.0,45.0,51.4,-4.5,2093.3,Storm,normal
2025-02-17 07:00:00,17.5,33.8,45.0,53.7,-1.5,2093.3,Clear,normal
2025-02-17 08:00:00,13.3,120.0,49.8,84.4,-4.2,2093.3,Storm,normal
2025-02-17 09:00:00,28.3,120.0,48.0,95.0,-4.3,2093.3,Clear,peak_solar
2025-02-17 10:00:00,30.3,0.0,45.0,89.1,-4.4,2093.3,Clear,normal
2025-02-17 11:00:00,23.4,5.8,51.3,80.3,-3.9,2093.3,Cloudy,normal
2025-02-17 12:00:00,13.8,16.1,47.3,73.3,0.1,2093.3,Snow,normal
2025-02-17 13:00:00,31.4,12.8,51.4,70.5,-8.4,2093.3,Clear,normal
2025-02-17 14:00:00,24.6,3.2,48.1,62.3,-7.3,2093.3,Cloudy,normal
2025-02-17 15:00:00,24.0,12.0,45.0,58.7,-3.7,2093.3,Clear,normal
2025-02-17 16:00:00,15.9,14.2,51.8,50.1,-2.1,2093.3,Cloudy,normal
2025-02-17 17:00:00,10.6,0.3,45.0,36.4,-0.3,2093.3,Snow,normal
2025-02-17 18:00:00,10.8,116.6,45.0,66.7,-0.5,2093.3,Cloudy,normal
2025-02-17 19:00:00,6.0,120.0,47.0,95.0,-2.3,2093.3,Storm,normal
2025-02-17 20:00:00,3.2,52.7,45.0,95.0,0.9,2093.3,Cloudy,normal
2025-02-17 21:00:00,0.0,22.5,45.0,86.0,0.8,2093.3,Cloudy,normal
2025-02-17 22:00:00,0.0,4.5,45.0,69.8,-1.2,2093.3,Snow,normal
2025-02-17 23:00:00,0.0,15.7,45.0,58.1,0.3,2093.3,Clear,normal
2025-02-18 00:00:00,0.0,21.4,45.0,48.6,-1.6,2093.3,Clear,normal
2025-02-18 01:00:00,0.0,0.0,45.0,30.6,-3.8,2093.3,Clear,normal
2025-02-18 02:00:00,0.0,104.4,45.0,52.5,-1.5,2093.3,Snow,normal
2025-02-18 03:00:00,0.0,1.0,45.0,34.9,-3.1,2093.3,Snow,normal
2025-02-18 04:00:00,2.7,120.0,45.0,63.5,-3.7,2093.3,Storm,normal
2025-02-18 05:00:00,10.9,0.0,45.0,49.9,-0.8,2093.3,Clear,normal
2025-02-18 06:00:00,11.8,10.9,46.1,40.5,-9.7,2093.3,Cloudy,normal
2025-02-18 07:00:00,12.8,109.0,45.0,68.8,-7.6,2093.3,Cloudy,normal
2025-02-18 08:00:00,20.2,51.4,46.8,77.9,-7.1,2093.3,Cloudy,normal
2025-02-18 09:00:00,15.6,0.0,52.1,63.3,-5.2,2093.3,Snow,normal
2025-02-18 10:00:00,29.3,120.0,48.5,95.0,-4.9,2093.3,Storm,peak_solar
2025-02-18 11:00:00,28.0,0.1,54.7,84.4,-7.4,2093.3,Clear,normal
2025-02-18 12:00:00,15.5,0.7,50.0,70.8,-5.9,2093.3,Snow,normal
2025-02-18 13:00:00,26.3,1.1,47.2,62.8,-5.3,2093.3,Cloudy,normal
2025-02-18 14:00:00,20.4,0.0,45.0,53.0,2.4,2093.3,Cloudy,normal
2025-02-18 15:00:00,30.5,12.7,45.0,52.2,1.4,2093.3,Clear,normal
2025-02-18 16:00:00,18.9,120.0,51.2,84.5,-3.2,2093.3,Cloudy,normal
2025-02-18 17:00:00,18.8,120.0,46.2,95.0,-2.7,2093.3,Storm,normal
2025-02-18 18:00:00,7.1,3.2,48.0,79.9,-4.2,2093.3,Snow,normal
2025-02-18 19:00:00,8.2,6.2,51.0,65.3,-5.7,2093.3,Clear,normal
2025-02-18 20:00:00,3.0,61.2,45.0,72.4,-1.8,2093.3,Clear,normal
2025-02-18 21:00:00,0.0,3.6,45.0,55.8,-3.7,2093.3,Cloudy,normal
2025-02-18 22:00:00,0.0,120.0,45.0,83.4,-1.9,2093.3,Clear,normal
2025-02-18 23:00:00,0.0,5.2,45.0,67.5,-5.5,2093.3,Clear,normal
2025-02-19 00:00:00,0.0,0.0,45.0,49.5,-4.0,2093.3,Clear,normal
2025-02-19 01:00:00,0.0,14.0,45.0,37.1,-2.4,2093.3,Cloudy,normal
2025-02-19 02:00:00,0.0,0.0,47.0,18.3,-2.3,2093.3,Cloudy,normal
2025-02-19 03:00:00,0.0,13.4,45.0,15.0,-2.6,2085.2,Cloudy,storm
2025-02-19 04:00:00,1.9,23.3,45.0,15.0,-6.8,2078.3,Cloudy,storm
2025-02-19 05:00:00,4.6,0.1,45.0,15.0,-2.3,2065.1,Snow,storm
2025-02-19 06:00:00,7.6,20.7,45.3,15.0,-6.2,2059.1,Snow,storm
2025-02-19 07:00:00,12.6,2.2,45.0,15.0,-3.2,2048.8,Cloudy,storm
2025-02-19 08:00:00,18.2,0.0,49.5,15.0,-4.6,2038.3,Cloudy,storm
2025-02-19 09:00:00,13.5,0.0,47.6,15.0,-7.6,2026.9,Snow,storm
2025-02-19 10:00:00,21.3,0.0,46.4,15.0,-5.1,2018.2,Cloudy,storm
2025-02-19 11:00:00,19.4,120.0,45.0,49.8,-3.4,2018.2,Storm,normal
2025-02-19 12:00:00,35.5,1.8,45.0,46.6,-2.5,2018.2,Clear,normal
2025-02-19 13:00:00,28.5,21.7,46.0,48.2,-3.8,2018.2,Clear,peak_solar
2025-02-19 14:00:00,22.2,3.2,46.7,39.7,0.3,2018.2,Cloudy,normal
2025-02-19 15:00:00,21.6,120.0,55.0,71.5,-0.5,2018.2,Storm,normal
2025-02-19 16:00:00,18.9,0.0,46.5,60.5,-2.9,2018.2,Cloudy,normal
2025-02-19 17:00:00,14.0,8.5,45.6,51.3,-0.4,2018.2,Cloudy,normal
2025-02-19 18:00:00,10.7,0.7,45.0,37.8,2.4,2018.2,Cloudy,normal
2025-02-19 19:00:00,10.8,107.2,45.0,64.7,2.6,2018.2,Clear,normal
2025-02-19 20:00:00,2.4,21.1,53.4,52.7,-4.3,2018.2,Cloudy,normal
2025-02-19 21:00:00,0.0,7.4,45.0,37.7,-3.7,2018.2,Clear,normal
2025-02-19 22:00:00,0.0,0.0,45.0,19.7,1.5,2018.2,Cloudy,normal
2025-02-19 23:00:00,0.0,120.0,51.0,45.1,-4.4,2018.2,Storm,normal
2025-02-20 00:00:00,0.0,3.6,45.2,28.5,-5.4,2018.2,Cloudy,normal
2025-02-20 01:00:00,0.0,0.0,45.0,15.0,-3.9,2014.1,Clear,storm
2025-02-20 02:00:00,0.0,0.0,45.0,15.0,-2.3,1999.7,Snow,storm
2025-02-20 03:00:00,0.0,0.0,45.0,15.0,-3.8,1985.3,Clear,storm
2025-02-20 04:00:00,1.9,7.3,49.0,15.0,-5.4,1972.3,Cloudy,storm
2025-02-20 05:00:00,6.0,112.6,49.7,40.3,-5.8,1972.3,Cloudy,normal
2025-02-20 06:00:00,12.6,17.4,45.0,34.4,-6.1,1972.3,Clear,normal
2025-02-20 07:00:00,6.7,0.0,45.0,19.0,-6.6,1972.3,Snow,normal
2025-02-20 08:00:00,16.5,7.3,45.0,15.0,0.3,1968.3,Cloudy,storm
2025-02-20 09:00:00,12.0,120.0,50.0,45.2,-4.0,1968.3,Storm,normal
2025-02-20 10:00:00,28.1,1.6,52.8,35.9,-2.6,1968.3,Clear,normal
2025-02-20 11:00:00,20.4,17.6,48.0,31.9,-5.4,1968.3,Cloudy,normal
2025-02-20 12:00:00,34.6,1.9,46.0,28.1,-4.4,1968.3,Clear,normal
2025-02-20 13:00:00,34.7,32.4,52.6,33.4,-5.2,1968.3,Clear,peak_solar
2025-02-20 14:00:00,22.8,0.0,48.4,23.2,-9.1,1968.3,Cloudy,normal
2025-02-20 15:00:00,22.3,0.0,48.0,15.0,-5.9,1966.4,Cloudy,storm
2025-02-20 16:00:00,20.0,0.0,49.5,15.0,-6.5,1956.4,Cloudy,storm
2025-02-20 17:00:00,17.7,0.8,49.8,15.0,-7.1,1945.8,Clear,storm
2025-02-20 18:00:00,14.0,5.0,52.7,15.0,-4.6,1934.5,Clear,storm
2025-02-20 19:00:00,3.7,1.0,45.1,15.0,1.1,1921.3,Snow,storm
2025-02-20 20:00:00,2.3,0.9,45.0,15.0,-1.8,1907.8,Clear,storm
2025-02-20 21:00:00,0.0,114.8,45.0,40.7,1.1,1907.8,Snow,normal
2025-02-20 22:00:00,0.0,0.0,47.2,21.8,-1.0,1907.8,Snow,normal
2025-02-20 23:00:00,0.0,7.4,45.0,15.0,-0.4,1900.5,Cloudy,storm
2025-02-21 00:00:00,0.0,0.0,45.0,15.0,-4.6,1886.1,Cloudy,storm
2025-02-21 01:00:00,0.0,55.4,45.0,18.8,-1.8,1886.1,Snow,normal
2025-02-21 02:00:00,0.0,16.3,45.0,15.0,-1.7,1879.4,Snow,storm
2025-02-21 03:00:00,0.0,120.0,45.0,42.6,-5.0,1879.4,Storm,normal
2025-02-21 04:00:00,0.9,0.0,45.0,25.0,-2.9,1879.4,Snow,normal
2025-02-21 05:00:00,3.5,120.0,45.0,53.8,-3.2,1879.4,Storm,normal
2025-02-21 06:00:00,11.1,0.0,45.0,40.3,-5.9,1879.4,Cloudy,normal
2025-02-21 07:00:00,18.0,1.5,45.0,30.1,-7.3,1879.4,Clear,normal
2025-02-21 08:00:00,20.8,0.0,56.9,15.6,-7.5,1879.4,Clear,normal
2025-02-21 09:00:00,14.0,120.0,46.8,47.7,-4.6,1879.4,Storm,normal
2025-02-21 10:00:00,27.0,25.2,47.8,49.4,-3.9,1879.4,Clear,peak_solar
2025-02-21 11:00:00,15.3,26.1,52.6,44.8,-6.2,1879.4,Snow,normal
2025-02-21 12:00:00,37.5,0.0,52.6,38.8,-4.0,1879.4,Clear,normal
2025-02-21 13:00:00,14.3,0.0,45.0,26.6,-2.5,1879.4,Snow,normal
2025-02-21 14:00:00,23.9,1.2,45.0,18.6,-2.0,1879.4,Cloudy,normal
2025-02-21 15:00:00,11.3,0.4,45.0,15.0,0.4,1871.0,Snow,storm
2025-02-21 16:00:00,19.2,0.0,45.0,15.0,0.2,1862.1,Cloudy,storm
2025-02-21 17:00:00,19.8,1.7,45.3,15.0,-4.5,1853.8,Clear,storm
2025-02-21 18:00:00,11.3,7.6,45.0,15.0,1.7,1844.8,Cloudy,storm
2025-02-21 19:00:00,7.1,30.7,47.7,15.0,-3.1,1841.2,Clear,storm
2025-02-21 20:00:00,1.7,0.0,48.3,15.0,0.4,1826.3,Clear,storm
2025-02-21 21:00:00,0.0,0.0,45.0,15.0,-1.8,1811.9,Clear,storm
2025-02-21 22:00:00,0.0,0.0,45.0,15.0,-3.0,1797.5,Snow,storm
2025-02-21 23:00:00,0.0,120.0,48.3,41.4,-6.3,1797.5,Cloudy,normal
2025-02-22 00:00:00,0.0,120.0,45.0,69.0,-3.1,1797.5,Cloudy,normal
2025-02-22 01:00:00,0.0,21.8,45.0,59.7,-6.5,1797.5,Clear,normal
2025-02-22 02:00:00,0.0,1.6,45.0,42.3,-1.3,1797.5,Clear,normal
2025-02-22 03:00:00,0.0,120.0,45.0,69.9,-0.5,1797.5,Clear,normal
2025-02-22 04:00:00,1.6,14.9,46.6,57.9,-6.0,1797.5,Clear,normal
2025-02-22 05:00:00,2.7,120.0,45.0,86.5,-3.9,1797.5,Snow,normal
2025-02-22 06:00:00,9.7,25.0,45.0,82.3,-6.4,1797.5,Cloudy,normal
2025-02-22 07:00:00,16.9,0.0,45.0,71.1,-6.3,1797.5,Clear,normal
2025-02-22 08:00:00,12.2,0.0,50.9,55.6,-3.3,1797.5,Snow,normal
2025-02-22 09:00:00,17.6,0.9,47.1,44.2,-5.0,1797.5,Cloudy,normal
2025-02-22 10:00:00,32.7,75.8,45.0,67.6,-0.9,1797.5,Clear,peak_solar
2025-02-22 11:00:00,15.0,0.4,47.6,54.7,-5.6,1797.5,Snow,normal
2025-02-22 12:00:00,37.0,120.0,46.4,95.0,-2.0,1797.5,Storm,peak_solar
2025-02-22 13:00:00,36.4,60.0,45.0,95.0,-3.7,1797.5,Clear,peak_solar
2025-02-22 14:00:00,27.9,120.0,45.0,95.0,-1.7,1797.5,Clear,peak_solar
2025-02-22 15:00:00,18.1,1.1,45.1,84.6,-4.1,1797.5,Cloudy,normal
2025-02-22 16:00:00,19.3,0.0,45.0,74.4,-2.8,1797.5,Cloudy,normal
2025-02-22 17:00:00,21.2,0.0,45.0,64.8,-2.7,1797.5,Clear,normal
2025-02-22 18:00:00,6.9,32.4,50.1,60.5,-4.0,1797.5,Snow,normal
2025-02-22 19:00:00,6.6,0.0,45.0,45.2,-0.6,1797.5,Clear,normal
2025-02-22 20:00:00,1.1,0.0,45.0,27.6,-0.5,1797.5,Cloudy,normal
2025-02-22 21:00:00,0.0,0.2,45.0,15.0,-0.7,1792.7,Snow,storm
2025-02-22 22:00:00,0.0,13.2,45.0,15.0,1.2,1782.0,Cloudy,storm
2025-02-22 23:00:00,0.0,0.0,45.0,15.0,0.8,1767.6,Clear,storm
2025-02-23 00:00:00,0.0,120.0,45.0,42.6,-3.7,1767.6,Snow,normal
2025-02-23 01:00:00,0.0,120.0,45.0,70.2,-2.4,1767.6,Clear,normal
2025-02-23 02:00:00,0.0,0.0,45.0,52.2,-5.0,1767.6,Clear,normal
2025-02-23 03:00:00,0.0,26.8,45.6,44.7,-3.9,1767.6,Clear,normal
2025-02-23 04:00:00,0.7,0.4,45.0,27.1,-5.7,1767.6,Cloudy,normal
2025-02-23 05:00:00,4.1,85.6,45.0,43.6,-1.1,1767.6,Snow,normal
2025-02-23 06:00:00,5.5,29.5,45.0,39.6,-4.1,1767.6,Snow,normal
2025-02-23 07:00:00,11.8,11.4,45.0,30.8,-5.5,1767.6,Cloudy,normal
2025-02-23 08:00:00,15.5,3.8,45.0,20.6,-2.5,1767.6,Cloudy,normal
2025-02-23 09:00:00,19.9,0.0,61.3,15.0,-9.8,1758.2,Cloudy,storm
2025-02-23 10:00:00,27.8,120.0,51.6,50.4,-9.3,1758.2,Storm,peak_solar
2025-02-23 11:00:00,20.9,0.0,45.3,40.7,-2.9,1758.2,Cloudy,normal
2025-02-23 12:00:00,39.4,120.0,47.0,82.0,-4.2,1758.2,Storm,peak_solar
2025-02-23 13:00:00,23.0,48.8,45.0,91.9,-3.4,1758.2,Cloudy,normal
2025-02-23 14:00:00,27.8,0.5,45.0,85.2,-6.5,1758.2,Clear,normal
2025-02-23 15:00:00,27.4,0.2,52.1,75.4,-3.3,1758.2,Clear,normal
2025-02-23 16:00:00,14.6,0.0,45.4,63.1,1.6,1758.2,Cloudy,normal
2025-02-23 17:00:00,19.1,7.2,48.1,54.3,-0.7,1758.2,Clear,normal
2025-02-23 18:00:00,7.7,0.0,45.8,39.1,-1.9,1758.2,Cloudy,normal
2025-02-23 19:00:00,4.8,120.0,50.7,66.3,-3.1,1758.2,Cloudy,normal
2025-02-23 20:00:00,1.0,15.7,45.0,55.0,-3.0,1758.2,Clear,normal
2025-02-23 21:00:00,0.0,5.6,45.0,39.2,-6.8,1758.2,Snow,normal
2025-02-23 22:00:00,0.0,8.9,45.0,24.8,-1.7,1758.2,Clear,normal
2025-02-23 23:00:00,0.0,17.8,45.0,15.0,-0.7,1757.2,Clear,storm
2025-02-24 00:00:00,0.0,1.5,45.0,15.0,-6.5,1743.2,Snow,storm
2025-02-24 01:00:00,0.0,2.8,45.0,15.0,-4.8,1729.5,Snow,storm
2025-02-24 02:00:00,0.0,120.0,45.0,42.6,-6.3,1729.5,Storm,normal
2025-02-24 03:00:00,0.0,114.8,45.0,68.3,-6.2,1729.5,Snow,normal
2025-02-24 04:00:00,0.3,44.0,45.0,68.0,-4.4,1729.5,Cloudy,normal
2025-02-24 05:00:00,3.5,0.6,45.0,51.6,-9.4,1729.5,Snow,normal
2025-02-24 06:00:00,10.5,0.0,45.0,37.8,-3.7,1729.5,Cloudy,normal
2025-02-24 07:00:00,9.4,31.8,45.0,36.3,-3.5,1729.5,Snow,normal
2025-02-24 08:00:00,11.0,9.0,54.8,22.3,-5.8,1729.5,Snow,normal
2025-02-24 09:00:00,23.2,2.5,55.6,15.0,-10.6,1725.3,Clear,storm
2025-02-24 10:00:00,15.2,4.8,49.4,15.0,-7.2,1715.4,Snow,storm
2025-02-24 11:00:00,24.6,0.0,50.2,15.0,-2.1,1706.5,Cloudy,storm
2025-02-24 12:00:00,16.4,0.0,48.6,15.0,-10.6,1695.7,Snow,storm
2025-02-24 13:00:00,32.9,115.1,46.7,52.3,-4.9,1695.7,Clear,peak_solar
2025-02-24 14:00:00,18.6,0.0,45.5,41.5,-6.3,1695.7,Cloudy,normal
2025-02-24 15:00:00,28.5,80.6,45.0,65.1,-1.6,1695.7,Clear,peak_solar
2025-02-24 16:00:00,16.3,120.0,45.0,95.0,-4.5,1695.7,Storm,normal
2025-02-24 17:00:00,15.3,29.9,45.0,95.0,-1.8,1695.7,Cloudy,normal
2025-02-24 18:00:00,8.3,26.1,45.0,90.7,-1.2,1695.7,Cloudy,normal
2025-02-24 19:00:00,4.0,0.0,45.0,74.4,1.8,1695.7,Cloudy,normal
2025-02-24 20:00:00,0.4,0.0,46.7,55.8,-2.7,1695.7,Cloudy,normal
2025-02-24 21:00:00,0.0,0.9,45.0,38.2,-1.5,1695.7,Cloudy,normal
2025-02-24 22:00:00,0.0,0.0,45.0,20.2,-5.7,1695.7,Cloudy,normal
2025-02-24 23:00:00,0.0,0.0,45.0,15.0,-0.1,1684.9,Snow,storm
2025-02-25 00:00:00,0.0,9.0,45.0,15.0,-4.8,1672.9,Clear,storm
2025-02-25 01:00:00,0.0,0.6,45.0,15.0,-4.7,1658.7,Cloudy,storm
2025-02-25 02:00:00,0.0,12.0,45.0,15.0,-3.9,1647.6,Cloudy,storm
2025-02-25 03:00:00,0.0,115.5,45.0,41.0,-7.7,1647.6,Clear,normal
2025-02-25 04:00:00,0.0,11.8,45.0,27.6,-4.1,1647.6,Clear,normal
2025-02-25 05:00:00,4.4,27.2,45.0,22.3,-2.8,1647.6,Cloudy,normal
2025-02-25 06:00:00,12.8,0.0,45.0,15.0,-4.5,1642.6,Clear,storm
2025-02-25 07:00:00,13.4,110.8,45.0,44.1,-8.8,1642.6,Cloudy,normal
2025-02-25 08:00:00,16.4,0.0,48.4,31.3,-5.6,1642.6,Cloudy,normal
2025-02-25 09:00:00,29.4,0.4,45.0,25.2,-3.7,1642.6,Clear,normal
2025-02-25 10:00:00,11.4,0.0,63.1,15.0,-9.3,1633.7,Snow,storm
2025-02-25 11:00:00,19.8,0.0,49.7,15.0,-7.3,1623.5,Cloudy,storm
2025-02-25 12:00:00,28.8,9.9,45.6,15.0,-2.7,1621.0,Clear,storm
2025-02-25 13:00:00,22.8,34.7,45.0,19.6,-3.7,1621.0,Cloudy,normal
2025-02-25 14:00:00,31.3,120.0,45.0,58.7,-3.0,1621.0,Storm,peak_solar
2025-02-25 15:00:00,27.6,15.6,45.0,58.0,0.6,1621.0,Clear,normal
2025-02-25 16:00:00,19.8,0.0,45.0,47.9,-2.1,1621.0,Clear,normal
2025-02-25 17:00:00,14.6,0.6,45.0,36.0,-1.4,1621.0,Cloudy,normal
2025-02-25 18:00:00,11.1,0.0,47.1,21.5,3.4,1621.0,Clear,normal
2025-02-25 19:00:00,3.8,1.0,45.0,15.0,-2.9,1612.7,Cloudy,storm
2025-02-25 20:00:00,0.0,5.5,45.2,15.0,-4.1,1599.8,Cloudy,storm
2025-02-25 21:00:00,0.0,30.7,45.0,15.0,-1.5,1594.6,Clear,storm
2025-02-25 22:00:00,0.0,61.2,45.0,21.0,-1.6,1594.6,Clear,normal
2025-02-25 23:00:00,0.0,27.9,45.0,15.0,-4.0,1593.8,Snow,storm
2025-02-26 00:00:00,0.0,0.0,45.9,15.0,-5.5,1579.1,Cloudy,storm
2025-02-26 01:00:00,0.0,0.0,45.0,15.0,1.5,1564.7,Snow,storm
2025-02-26 02:00:00,0.0,51.2,45.0,17.3,-3.3,1564.7,Snow,normal
2025-02-26 03:00:00,0.0,0.0,45.0,15.0,-6.0,1551.8,Clear,storm
2025-02-26 04:00:00,0.0,120.0,45.0,42.6,-2.7,1551.8,Storm,normal
2025-02-26 05:00:00,5.3,0.0,45.0,26.8,-5.3,1551.8,Clear,normal
2025-02-26 06:00:00,6.1,120.0,45.0,56.6,-5.9,1551.8,Snow,normal
2025-02-26 07:00:00,13.5,0.2,45.0,44.1,-4.2,1551.8,Cloudy,normal
2025-02-26 08:00:00,24.0,37.6,52.6,47.4,-8.3,1551.8,Clear,peak_solar
2025-02-26 09:00:00,27.4,0.0,45.0,40.4,-4.7,1551.8,Clear,normal
2025-02-26 10:00:00,28.9,7.0,45.0,36.7,-1.1,1551.8,Clear,normal
2025-02-26 11:00:00,13.1,0.0,46.0,23.6,-4.0,1551.8,Snow,normal
2025-02-26 12:00:00,14.6,18.6,45.0,18.8,-5.6,1551.8,Snow,normal
2025-02-26 13:00:00,24.0,0.0,48.3,15.0,-5.5,1546.6,Cloudy,storm
2025-02-26 14:00:00,22.0,0.0,45.0,15.0,-4.9,1538.5,Cloudy,storm
2025-02-26 15:00:00,27.5,0.8,52.8,15.0,-4.2,1530.1,Clear,storm
2025-02-26 16:00:00,13.7,2.2,52.0,15.0,-4.1,1518.1,Cloudy,storm
2025-02-26 17:00:00,11.2,31.3,48.2,15.0,-0.9,1516.0,Cloudy,storm
2025-02-26 18:00:00,5.6,23.3,49.7,15.0,-6.5,1508.7,Snow,storm
2025-02-26 19:00:00,4.2,10.1,45.0,15.0,-0.7,1498.3,Cloudy,storm
2025-02-26 20:00:00,0.0,81.8,45.2,28.4,-3.3,1498.3,Clear,normal
2025-02-26 21:00:00,0.0,21.4,45.0,19.0,-1.7,1498.3,Snow,normal
2025-02-26 22:00:00,0.0,26.5,46.4,15.0,-5.2,1494.7,Clear,storm
2025-02-26 23:00:00,0.0,0.0,45.0,15.0,0.0,1480.3,Cloudy,storm
2025-02-27 00:00:00,0.0,100.0,45.0,35.2,-0.6,1480.3,Snow,normal
2025-02-27 01:00:00,0.0,73.0,45.0,45.6,-1.6,1480.3,Clear,normal
2025-02-27 02:00:00,0.0,12.0,45.0,32.4,-7.5,1480.3,Cloudy,normal
2025-02-27 03:00:00,0.0,66.4,45.0,40.2,-2.7,1480.3,Cloudy,normal
2025-02-27 04:00:00,0.0,5.3,45.0,24.4,-4.0,1480.3,Cloudy,normal
2025-02-27 05:00:00,3.3,120.0,46.0,52.8,-8.7,1480.3,Storm,normal
2025-02-27 06:00:00,7.4,8.8,45.4,41.1,-5.5,1480.3,Cloudy,normal
2025-02-27 07:00:00,13.2,4.6,45.0,30.2,-4.8,1480.3,Cloudy,normal
2025-02-27 08:00:00,14.4,22.2,50.5,24.6,-4.4,1480.3,Cloudy,normal
2025-02-27 09:00:00,13.2,120.0,55.1,53.4,-5.2,1480.3,Storm,normal
2025-02-27 10:00:00,9.1,0.3,46.0,38.7,-4.8,1480.3,Snow,normal
2025-02-27 11:00:00,18.4,18.1,45.0,35.3,-2.0,1480.3,Cloudy,normal
2025-02-27 12:00:00,28.5,0.6,45.7,28.7,-2.2,1480.3,Clear,normal
2025-02-27 13:00:00,23.6,4.6,53.2,18.7,-10.8,1480.3,Cloudy,normal
2025-02-27 14:00:00,20.3,0.0,46.9,15.0,-4.8,1474.1,Cloudy,storm
2025-02-27 15:00:00,21.1,24.8,52.8,15.0,-4.1,1471.6,Cloudy,storm
2025-02-27 16:00:00,22.6,6.5,59.7,15.0,-7.2,1461.2,Clear,storm
2025-02-27 17:00:00,14.0,62.9,45.0,26.8,-2.9,1461.2,Cloudy,normal
2025-02-27 18:00:00,7.6,120.0,52.4,54.4,-0.1,1461.2,Cloudy,normal
2025-02-27 19:00:00,5.3,120.0,46.7,83.4,-5.1,1461.2,Clear,normal
2025-02-27 20:00:00,0.0,0.7,47.9,64.5,-1.9,1461.2,Clear,normal
2025-02-27 21:00:00,0.0,22.3,45.0,55.4,-4.7,1461.2,Clear,normal
2025-02-27 22:00:00,0.0,120.0,45.0,83.0,-4.3,1461.2,Cloudy,normal
2025-02-27 23:00:00,0.0,0.0,45.0,65.0,0.2,1461.2,Cloudy,normal
2025-02-28 00:00:00,0.0,9.6,45.0,50.8,-4.7,1461.2,Clear,normal
2025-02-28 01:00:00,0.0,0.0,45.0,32.9,-2.9,1461.2,Cloudy,normal
2025-02-28 02:00:00,0.0,120.0,45.0,60.5,-8.4,1461.2,Storm,normal
2025-02-28 03:00:00,0.0,120.0,45.0,88.1,-0.6,1461.2,Cloudy,normal
2025-02-28 04:00:00,0.0,36.4,45.0,84.6,-3.7,1461.2,Cloudy,normal
2025-02-28 05:00:00,3.2,34.8,45.0,81.8,-5.7,1461.2,Cloudy,normal
2025-02-28 06:00:00,9.6,0.1,45.0,67.7,-4.3,1461.2,Clear,normal
2025-02-28 07:00:00,13.3,120.0,45.0,95.0,-8.8,1461.2,Storm,normal
2025-02-28 08:00:00,20.4,1.9,46.7,85.3,-3.2,1461.2,Clear,normal
2025-02-28 09:00:00,22.0,0.2,46.4,75.6,-6.4,1461.2,Cloudy,normal
2025-02-28 10:00:00,15.2,120.0,49.7,95.0,-6.0,1461.2,Snow,normal
2025-02-28 11:00:00,32.2,1.1,55.1,86.3,-6.4,1461.2,Clear,normal
2025-02-28 12:00:00,24.1,0.3,51.6,75.4,-6.3,1461.2,Cloudy,normal
2025-02-28 13:00:00,35.1,73.8,45.0,95.0,-3.1,1461.2,Clear,peak_solar
2025-02-28 14:00:00,24.7,0.0,45.4,86.8,-3.7,1461.2,Cloudy,normal
2025-02-28 15:00:00,18.0,37.6,45.0,90.6,-2.5,1461.2,Cloudy,normal
2025-02-28 16:00:00,13.6,9.9,50.1,80.0,-3.6,1461.2,Cloudy,normal
2025-02-28 17:00:00,17.0,59.5,45.0,91.6,-2.1,1461.2,Clear,normal
2025-02-28 18:00:00,9.4,27.4,47.6,87.2,-3.9,1461.2,Cloudy,normal
2025-02-28 19:00:00,3.0,120.0,45.0,95.0,2.1,1461.2,Storm,normal
2025-02-28 20:00:00,0.0,13.4,46.1,82.0,-6.2,1461.2,Clear,normal
2025-02-28 21:00:00,0.0,1.1,45.0,64.4,-0.1,1461.2,Clear,normal
2025-02-28 22:00:00,0.0,6.7,45.0,49.1,0.0,1461.2,Clear,normal
2025-02-28 23:00:00,0.0,26.6,45.0,41.7,-5.1,1461.2,Cloudy,normal
2025-03-01 00:00:00,0.0,120.0,45.0,69.3,1.2,1461.2,Storm,normal
2025-03-01 01:00:00,0.0,45.2,45.0,69.4,-1.8,1461.2,Cloudy,normal
2025-03-01 02:00:00,0.0,0.0,45.0,51.4,-2.3,1461.2,Clear,normal
2025-03-01 03:00:00,0.0,0.0,45.0,33.4,-4.8,1461.2,Storm,normal
2025-03-01 04:00:00,0.0,111.1,45.0,57.7,-5.7,1461.2,Snow,normal
2025-03-01 05:00:00,4.3,0.0,45.0,41.4,-5.9,1461.2,Clear,normal
2025-03-01 06:00:00,11.8,0.0,45.0,28.2,-4.9,1461.2,Clear,normal
2025-03-01 07:00:00,14.6,0.0,45.0,16.0,-2.8,1461.2,Clear,normal
2025-03-01 08:00:00,12.0,5.6,52.4,15.0,-5.5,1450.3,Snow,storm
2025-03-01 09:00:00,9.1,6.6,53.2,15.0,-7.9,1438.0,Snow,storm
2025-03-01 10:00:00,14.6,0.2,45.1,15.0,-3.9,1427.7,Snow,storm
2025-03-01 11:00:00,31.3,0.0,50.7,15.0,-3.5,1420.8,Clear,storm
2025-03-01 12:00:00,20.2,0.0,47.9,15.0,-3.7,1411.4,Cloudy,storm
2025-03-01 13:00:00,33.8,47.8,51.3,26.1,-3.2,1411.4,Clear,peak_solar
2025-03-01 14:00:00,32.4,2.1,45.0,21.9,-5.0,1411.4,Clear,normal
2025-03-01 15:00:00,17.9,0.0,46.4,15.0,-6.1,1407.3,Cloudy,storm
2025-03-01 16:00:00,14.6,10.0,50.8,15.0,-5.6,1398.3,Cloudy,storm
2025-03-01 17:00:00,7.8,18.0,50.3,15.0,-7.0,1389.8,Snow,storm
2025-03-01 18:00:00,10.7,24.8,45.0,15.0,-2.6,1386.3,Clear,storm
2025-03-01 19:00:00,2.3,8.8,53.7,15.0,-3.2,1372.6,Snow,storm
2025-03-01 20:00:00,0.0,4.9,53.9,15.0,-3.9,1356.9,Snow,storm
2025-03-01 21:00:00,0.0,120.0,45.3,42.5,-9.5,1356.9,Snow,normal
2025-03-01 22:00:00,0.0,0.0,45.0,24.5,-5.9,1356.9,Clear,normal
2025-03-01 23:00:00,0.0,2.8,45.0,15.0,-0.9,1350.4,Cloudy,storm
2025-03-02 00:00:00,0.0,0.0,45.0,15.0,-5.3,1336.0,Snow,storm
2025-03-02 01:00:00,0.0,1.6,45.0,15.0,-3.4,1322.0,Clear,storm
2025-03-02 02:00:00,0.0,12.8,53.2,15.0,-7.6,1308.8,Snow,storm
2025-03-02 03:00:00,0.0,73.8,45.0,25.6,-1.8,1308.8,Clear,normal
2025-03-02 04:00:00,0.0,0.0,45.0,15.0,-5.6,1302.3,Clear,storm
2025-03-02 05:00:00,3.9,11.6,45.0,15.0,-5.0,1292.3,Clear,storm
2025-03-02 06:00:00,11.1,120.0,45.0,46.7,-0.8,1292.3,Storm,normal
2025-03-02 07:00:00,9.5,31.2,45.0,45.0,-2.7,1292.3,Snow,normal
2025-03-02 08:00:00,23.1,0.0,45.0,36.2,-6.7,1292.3,Clear,normal
2025-03-02 09:00:00,23.4,1.6,49.4,26.4,-7.3,1292.3,Clear,normal
2025-03-02 10:00:00,28.2,34.0,50.8,30.6,-6.6,1292.3,Clear,peak_solar
2025-03-02 11:00:00,15.6,0.3,54.4,15.2,-4.5,1292.3,Snow,normal
2025-03-02 12:00:00,19.1,16.7,45.0,15.0,-5.6,1289.1,Cloudy,storm
2025-03-02 13:00:00,27.7,13.8,53.3,15.0,-5.8,1284.8,Clear,storm
2025-03-02 14:00:00,35.7,5.4,45.0,15.0,-1.3,1283.4,Clear,storm
2025-03-02 15:00:00,18.6,0.0,46.4,15.0,-4.4,1273.9,Cloudy,storm
2025-03-02 16:00:00,11.9,0.1,45.0,15.0,1.2,1262.8,Snow,storm
2025-03-02 17:00:00,15.2,120.0,47.9,47.2,-3.3,1262.8,Storm,normal
2025-03-02 18:00:00,6.6,1.1,45.0,32.2,0.7,1262.8,Cloudy,normal
2025-03-02 19:00:00,3.2,2.0,54.4,15.0,-2.3,1260.6,Cloudy,storm
2025-03-02 20:00:00,0.0,2.0,45.0,15.0,-1.0,1246.7,Snow,storm
2025-03-02 21:00:00,0.0,69.3,45.9,23.6,-4.7,1246.7,Snow,normal
2025-03-02 22:00:00,0.0,2.6,45.0,15.0,-5.1,1239.4,Cloudy,storm
2025-03-02 23:00:00,0.0,5.9,45.0,15.0,-2.5,1226.6,Snow,storm
2025-03-03 00:00:00,0.0,11.8,45.0,15.0,-1.8,1215.4,Clear,storm
2025-03-03 01:00:00,0.0,92.2,45.0,32.4,-4.2,1215.4,Snow,normal
2025-03-03 02:00:00,0.0,6.1,45.0,16.8,-7.5,1215.4,Cloudy,normal
2025-03-03 03:00:00,0.0,9.0,45.0,15.0,-8.1,1204.8,Snow,storm
2025-03-03 04:00:00,0.0,0.4,45.0,15.0,-8.6,1190.5,Cloudy,storm
2025-03-03 05:00:00,2.2,18.1,45.6,15.0,-9.7,1181.8,Cloudy,storm
2025-03-03 06:00:00,9.1,39.3,45.0,16.2,-5.8,1181.8,Clear,normal
2025-03-03 07:00:00,12.7,47.2,45.0,21.7,-3.7,1181.8,Cloudy,normal
2025-03-03 08:00:00,17.5,120.0,45.4,55.6,-6.2,1181.8,Storm,normal
2025-03-03 09:00:00,30.3,0.1,53.6,46.4,-11.1,1181.8,Clear,normal
2025-03-03 10:00:00,10.9,7.1,51.4,33.0,-6.4,1181.8,Snow,normal
2025-03-03 11:00:00,14.9,2.7,54.7,18.1,-6.1,1181.8,Snow,normal
2025-03-03 12:00:00,23.4,120.0,45.0,54.4,-0.9,1181.8,Storm,normal
2025-03-03 13:00:00,35.1,52.2,56.5,65.7,-8.3,1181.8,Clear,peak_solar
2025-03-03 14:00:00,25.6,0.0,48.6,56.5,-5.6,1181.8,Clear,normal
2025-03-03 15:00:00,16.5,0.2,45.0,45.2,-0.6,1181.8,Cloudy,normal
2025-03-03 16:00:00,24.7,1.5,54.3,34.0,-3.0,1181.8,Clear,normal
2025-03-03 17:00:00,14.3,0.0,45.0,21.7,-2.4,1181.8,Clear,normal
2025-03-03 18:00:00,7.5,9.2,50.0,15.0,-3.2,1175.8,Cloudy,storm
2025-03-03 19:00:00,1.4,0.6,45.0,15.0,-2.5,1162.0,Snow,storm
2025-03-03 20:00:00,0.0,120.0,46.6,42.0,-1.5,1162.0,Storm,normal
2025-03-03 21:00:00,0.0,17.7,45.0,31.1,-5.0,1162.0,Clear,normal
2025-03-03 22:00:00,0.0,1.2,45.0,15.0,-1.5,1160.6,Snow,storm
2025-03-03 23:00:00,0.0,0.0,49.8,15.0,-6.7,1144.7,Cloudy,storm
2025-03-04 00:00:00,0.0,5.3,45.0,15.0,-3.4,1131.7,Clear,storm
2025-03-04 01:00:00,0.0,120.0,45.0,42.6,-4.1,1131.7,Storm,normal
2025-03-04 02:00:00,0.0,2.9,47.5,24.8,-6.2,1131.7,Clear,normal
2025-03-04 03:00:00,0.0,5.4,45.0,15.0,-5.3,1126.3,Clear,storm
2025-03-04 04:00:00,0.0,120.0,45.0,42.6,-7.0,1126.3,Clear,normal
2025-03-04 05:00:00,2.4,16.5,46.8,31.4,-8.3,1126.3,Cloudy,normal
2025-03-04 06:00:00,7.6,67.7,45.0,42.6,-6.9,1126.3,Cloudy,normal
2025-03-04 07:00:00,17.6,22.2,45.0,40.5,-8.7,1126.3,Clear,normal
2025-03-04 08:00:00,15.2,18.7,50.3,33.9,-5.7,1126.3,Cloudy,normal
2025-03-04 09:00:00,13.7,0.0,56.1,17.0,-8.8,1126.3,Snow,normal
2025-03-04 10:00:00,21.5,0.0,45.0,15.0,-4.6,1119.7,Cloudy,storm
2025-03-04 11:00:00,26.8,11.7,51.2,15.0,-8.5,1115.1,Cloudy,storm
2025-03-04 12:00:00,28.4,0.0,50.0,15.0,-6.9,1107.5,Clear,storm
2025-03-04 13:00:00,29.8,5.3,50.8,15.0,-6.6,1101.9,Clear,storm
2025-03-04 14:00:00,15.0,0.0,47.6,15.0,-2.0,1090.9,Snow,storm
2025-03-04 15:00:00,17.9,120.0,45.0,49.2,-3.8,1090.9,Cloudy,normal
2025-03-04 16:00:00,13.2,0.1,49.7,34.6,-4.6,1090.9,Cloudy,normal
2025-03-04 17:00:00,6.1,0.0,45.0,19.0,-2.7,1090.9,Snow,normal
2025-03-04 18:00:00,9.5,0.0,51.0,15.0,-8.2,1080.3,Clear,storm
2025-03-04 19:00:00,2.6,46.6,45.0,16.5,-3.5,1080.3,Clear,normal
2025-03-04 20:00:00,0.0,5.3,45.0,15.0,1.0,1068.4,Cloudy,storm
2025-03-04 21:00:00,0.0,120.0,45.0,42.6,-3.1,1068.4,Cloudy,normal
2025-03-04 22:00:00,0.0,0.4,45.0,24.8,-3.4,1068.4,Clear,normal
2025-03-04 23:00:00,0.0,0.0,45.0,15.0,-2.6,1061.2,Clear,storm
2025-03-05 00:00:00,0.0,4.5,45.0,15.0,-2.3,1048.0,Cloudy,storm
2025-03-05 01:00:00,0.0,120.0,45.0,42.6,-9.0,1048.0,Cloudy,normal
2025-03-05 02:00:00,0.0,0.0,45.0,24.6,-8.7,1048.0,Clear,normal
2025-03-05 03:00:00,0.0,15.6,45.0,15.0,-4.9,1046.0,Cloudy,storm
2025-03-05 04:00:00,0.0,21.1,45.0,15.0,-7.3,1037.7,Snow,storm
2025-03-05 05:00:00,2.1,120.0,45.0,43.4,-3.2,1037.7,Storm,normal
2025-03-05 06:00:00,6.2,0.0,45.0,27.9,-7.0,1037.7,Cloudy,normal
2025-03-05 07:00:00,13.6,0.0,49.4,15.0,-10.7,1036.3,Clear,storm
2025-03-05 08:00:00,20.9,0.8,50.3,15.0,-9.3,1026.6,Clear,storm
2025-03-05 09:00:00,21.2,66.2,58.4,25.6,-12.5,1026.6,Cloudy,normal
2025-03-05 10:00:00,23.6,6.8,52.3,16.9,-6.8,1026.6,Cloudy,normal
2025-03-05 11:00:00,29.1,28.3,46.8,20.8,-6.5,1026.6,Clear,peak_solar
2025-03-05 12:00:00,31.0,0.0,45.0,15.2,-6.7,1026.6,Clear,normal
2025-03-05 13:00:00,14.9,2.2,51.1,15.0,-3.0,1015.4,Snow,storm
2025-03-05 14:00:00,16.3,7.7,45.0,15.0,-2.4,1008.0,Snow,storm
2025-03-05 15:00:00,18.6,0.0,45.4,15.0,-5.0,998.8,Cloudy,storm
2025-03-05 16:00:00,14.6,7.6,50.8,15.0,-9.0,989.0,Cloudy,storm
2025-03-05 17:00:00,15.5,1.4,45.0,15.0,-2.6,979.4,Clear,storm
2025-03-05 18:00:00,8.6,0.0,48.0,15.0,-2.5,966.5,Storm,storm
2025-03-05 19:00:00,2.6,5.8,45.9,15.0,-2.9,954.2,Clear,storm
2025-03-05 20:00:00,0.0,120.0,45.0,42.6,-1.4,954.2,Storm,normal
2025-03-05 21:00:00,0.0,27.7,45.6,35.4,-6.1,954.2,Clear,normal
2025-03-05 22:00:00,0.0,3.6,45.0,18.9,0.7,954.2,Cloudy,normal
2025-03-05 23:00:00,0.0,120.0,47.4,45.6,-6.1,954.2,Storm,normal
2025-03-06 00:00:00,0.0,0.0,45.0,27.6,-2.8,954.2,Cloudy,normal
2025-03-06 01:00:00,0.0,0.8,45.0,15.0,-8.5,949.6,Clear,storm
2025-03-06 02:00:00,0.0,77.7,45.0,27.0,-7.2,949.6,Cloudy,normal
2025-03-06 03:00:00,0.0,0.0,45.0,15.0,-2.2,944.3,Cloudy,storm
2025-03-06 04:00:00,0.0,5.3,45.0,15.0,-6.5,931.3,Cloudy,storm
2025-03-06 05:00:00,1.5,5.1,45.5,15.0,-4.4,918.5,Cloudy,storm
2025-03-06 06:00:00,2.8,14.4,45.0,15.0,-6.0,909.0,Snow,storm
2025-03-06 07:00:00,7.7,2.4,45.0,15.0,-6.9,897.4,Snow,storm
2025-03-06 08:00:00,9.4,70.3,45.5,27.6,-3.7,897.4,Snow,normal
2025-03-06 09:00:00,18.8,0.0,52.3,15.0,-7.1,896.7,Cloudy,storm
2025-03-06 10:00:00,17.3,98.0,55.1,37.2,-10.4,896.7,Cloudy,normal
2025-03-06 11:00:00,29.8,0.0,54.2,27.4,-8.0,896.7,Clear,normal
2025-03-06 12:00:00,19.6,18.2,45.0,24.6,-4.7,896.7,Cloudy,normal
2025-03-06 13:00:00,20.7,120.0,56.7,55.5,-4.7,896.7,Cloudy,normal
2025-03-06 14:00:00,17.5,0.0,50.2,42.4,-8.6,896.7,Cloudy,normal
2025-03-06 15:00:00,21.5,0.2,46.9,32.4,-6.4,896.7,Cloudy,normal
2025-03-06 16:00:00,16.0,106.5,53.5,57.8,-5.7,896.7,Cloudy,normal
2025-03-06 17:00:00,13.7,11.4,51.5,47.2,-4.9,896.7,Clear,normal
2025-03-06 18:00:00,8.3,0.0,47.3,31.6,-6.9,896.7,Clear,normal
2025-03-06 19:00:00,1.8,12.9,50.8,17.2,-5.1,896.7,Clear,normal
2025-03-06 20:00:00,0.0,44.8,46.6,16.5,-5.3,896.7,Cloudy,normal
2025-03-06 21:00:00,0.0,117.4,45.0,43.1,-2.0,896.7,Clear,normal
2025-03-06 22:00:00,0.0,16.9,45.0,31.8,-2.1,896.7,Snow,normal
2025-03-06 23:00:00,0.0,31.0,49.6,24.4,-4.4,896.7,Clear,normal
2025-03-07 00:00:00,0.0,120.0,46.0,51.7,-5.4,896.7,Storm,normal
2025-03-07 01:00:00,0.0,84.8,45.0,66.3,-4.6,896.7,Snow,normal
2025-03-07 02:00:00,0.0,2.1,45.2,49.0,-7.1,896.7,Snow,normal
2025-03-07 03:00:00,0.0,3.6,45.0,32.5,-8.2,896.7,Snow,normal
2025-03-07 04:00:00,0.0,120.0,45.0,60.1,-8.2,896.7,Snow,normal
2025-03-07 05:00:00,1.1,16.2,45.0,49.0,-7.8,896.7,Cloudy,normal
2025-03-07 06:00:00,4.9,9.9,45.0,36.9,-9.2,896.7,Cloudy,normal
2025-03-07 07:00:00,14.5,1.8,45.0,25.5,-6.4,896.7,Clear,normal
2025-03-07 08:00:00,9.3,120.0,45.0,56.5,-5.2,896.7,Snow,normal
2025-03-07 09:00:00,20.6,0.0,52.2,43.8,-10.3,896.7,Cloudy,normal
2025-03-07 10:00:00,32.5,0.8,50.1,37.1,-6.6,896.7,Clear,normal
2025-03-07 11:00:00,17.2,120.0,53.6,67.9,-6.9,896.7,Snow,normal
2025-03-07 12:00:00,15.0,120.0,45.2,95.0,-5.3,896.7,Snow,normal
2025-03-07 13:00:00,25.4,120.0,45.6,95.0,-5.8,896.7,Storm,peak_solar
2025-03-07 14:00:00,26.1,5.4,48.1,88.4,-8.5,896.7,Clear,normal
2025-03-07 15:00:00,13.8,1.9,49.4,74.9,-7.7,896.7,Snow,normal
2025-03-07 16:00:00,9.2,3.0,45.0,61.8,-4.5,896.7,Snow,normal
2025-03-07 17:00:00,15.9,0.0,50.3,48.0,-2.0,896.7,Clear,normal
2025-03-07 18:00:00,7.6,0.0,55.0,29.0,-8.9,896.7,Clear,normal
2025-03-07 19:00:00,0.7,17.0,57.0,15.0,-3.1,895.1,Snow,storm
2025-03-07 20:00:00,0.0,1.3,45.0,15.0,-1.2,881.0,Clear,storm
2025-03-07 21:00:00,0.0,0.1,45.0,15.0,-4.2,866.7,Cloudy,storm
2025-03-07 22:00:00,0.0,9.4,45.0,15.0,-2.8,854.9,Clear,storm
2025-03-07 23:00:00,0.0,18.2,46.7,15.0,-5.8,845.2,Snow,storm
2025-03-08 00:00:00,0.0,4.2,45.0,15.0,-5.0,831.9,Cloudy,storm
2025-03-08 01:00:00,0.0,4.7,45.0,15.0,-8.7,818.7,Cloudy,storm
2025-03-08 02:00:00,0.0,1.3,50.8,15.0,-10.7,802.9,Cloudy,storm
2025-03-08 03:00:00,0.0,55.8,45.0,19.0,-3.8,802.9,Clear,normal
2025-03-08 04:00:00,0.0,0.5,45.0,15.0,-8.4,791.4,Cloudy,storm
2025-03-08 05:00:00,0.4,0.0,45.0,15.0,-7.6,777.1,Cloudy,storm
2025-03-08 06:00:00,8.5,1.0,50.5,15.0,-9.8,763.8,Clear,storm
2025-03-08 07:00:00,7.1,15.0,45.0,15.0,-10.0,755.8,Snow,storm
2025-03-08 08:00:00,22.3,65.2,51.6,28.2,-7.4,755.8,Clear,normal
2025-03-08 09:00:00,13.5,120.0,53.6,57.6,-8.5,755.8,Storm,normal
2025-03-08 10:00:00,23.9,9.8,54.6,49.2,-6.0,755.8,Cloudy,normal
2025-03-08 11:00:00,33.6,120.0,51.3,86.9,-5.6,755.8,Storm,peak_solar
2025-03-08 12:00:00,28.6,0.3,47.5,79.4,-5.5,755.8,Clear,normal
2025-03-08 13:00:00,26.8,0.1,45.0,72.2,-5.4,755.8,Cloudy,normal
2025-03-08 14:00:00,20.1,28.0,47.8,72.3,-2.0,755.8,Cloudy,normal
2025-03-08 15:00:00,14.2,41.7,51.2,74.0,-7.5,755.8,Snow,normal
2025-03-08 16:00:00,19.1,13.5,55.0,65.0,-4.9,755.8,Clear,normal
2025-03-08 17:00:00,11.9,0.0,47.2,50.9,-1.9,755.8,Storm,normal
2025-03-08 18:00:00,5.8,0.4,45.0,35.4,-1.4,755.8,Cloudy,normal
2025-03-08 19:00:00,0.8,120.0,45.2,63.2,-7.2,755.8,Clear,normal
2025-03-08 20:00:00,0.0,0.1,47.0,44.4,-4.7,755.8,Snow,normal
2025-03-08 21:00:00,0.0,51.2,45.0,46.7,-1.1,755.8,Cloudy,normal
2025-03-08 22:00:00,0.0,8.4,45.0,32.1,-3.1,755.8,Cloudy,normal
2025-03-08 23:00:00,0.0,16.7,45.0,20.7,-4.0,755.8,Clear,normal
2025-03-09 00:00:00,0.0,29.3,45.0,15.0,-5.4,755.3,Clear,storm
2025-03-09 01:00:00,0.0,9.7,45.0,15.0,-6.1,743.6,Snow,storm
2025-03-09 02:00:00,0.0,4.7,45.0,15.0,-5.0,730.4,Clear,storm
2025-03-09 03:00:00,0.0,0.0,45.0,15.0,-6.6,716.0,Cloudy,storm
2025-03-09 04:00:00,0.0,96.0,45.0,33.8,-6.5,716.0,Cloudy,normal
2025-03-09 05:00:00,0.1,0.0,47.3,15.0,-6.5,715.9,Snow,storm
2025-03-09 06:00:00,3.7,1.5,45.0,15.0,-8.4,702.9,Snow,storm
2025-03-09 07:00:00,11.1,21.1,45.0,15.0,-5.9,698.3,Cloudy,storm
2025-03-09 08:00:00,10.0,0.0,45.3,15.0,-0.7,686.6,Snow,storm
2025-03-09 09:00:00,12.8,4.7,52.2,15.0,-11.0,675.0,Snow,storm
2025-03-09 10:00:00,30.8,72.2,49.8,34.6,-6.2,675.0,Clear,peak_solar
2025-03-09 11:00:00,23.9,1.3,52.9,23.5,-8.4,675.0,Cloudy,normal
2025-03-09 12:00:00,29.9,5.0,46.4,18.9,-5.1,675.0,Clear,normal
2025-03-09 13:00:00,32.7,0.0,53.7,15.0,-5.9,670.9,Clear,storm
2025-03-09 14:00:00,19.4,2.3,56.7,15.0,-4.0,659.3,Cloudy,storm
2025-03-09 15:00:00,16.3,0.0,45.0,15.0,-2.7,649.5,Cloudy,storm
2025-03-09 16:00:00,11.8,14.6,51.2,15.0,-4.5,640.9,Cloudy,storm
2025-03-09 17:00:00,15.4,0.0,53.5,15.0,-2.1,628.4,Clear,storm
2025-03-09 18:00:00,4.3,0.4,58.3,15.0,-9.5,611.2,Cloudy,storm
2025-03-09 19:00:00,0.1,8.9,45.0,15.0,-0.7,599.3,Snow,storm
2025-03-09 20:00:00,0.0,3.6,45.0,15.0,-3.3,585.8,Cloudy,storm
2025-03-09 21:00:00,0.0,24.7,45.0,15.0,-1.8,578.7,Cloudy,storm
2025-03-09 22:00:00,0.0,5.0,45.0,15.0,-7.0,565.7,Clear,storm
2025-03-09 23:00:00,0.0,0.0,45.0,15.0,-6.4,551.3,Cloudy,storm
2025-03-10 00:00:00,0.0,0.0,45.0,15.0,-4.8,536.9,Clear,storm
2025-03-10 01:00:00,0.0,7.6,45.0,15.0,-5.5,524.5,Snow,storm
2025-03-10 02:00:00,0.0,120.0,45.0,42.6,-5.2,524.5,Cloudy,normal
2025-03-10 03:00:00,0.0,85.6,45.0,57.6,-3.8,524.5,Clear,normal
2025-03-10 04:00:00,0.0,0.0,45.0,39.6,-10.5,524.5,Storm,normal
2025-03-10 05:00:00,0.0,0.7,45.0,21.9,-4.7,524.5,Snow,normal
2025-03-10 06:00:00,3.2,67.2,45.0,31.2,-7.1,524.5,Snow,normal
2025-03-10 07:00:00,9.3,56.0,45.0,38.7,-7.7,524.5,Cloudy,normal
2025-03-10 08:00:00,19.9,120.0,48.4,72.3,-10.6,524.5,Storm,normal
2025-03-10 09:00:00,13.2,120.0,46.1,95.0,-6.2,524.5,Snow,normal
2025-03-10 10:00:00,27.3,18.6,59.2,89.7,-12.4,524.5,Clear,normal
2025-03-10 11:00:00,29.9,43.6,45.0,95.0,-5.5,524.5,Clear,peak_solar
2025-03-10 12:00:00,22.3,25.4,55.9,91.7,-9.9,524.5,Cloudy,normal
2025-03-10 13:00:00,29.6,6.7,47.8,87.1,-6.1,524.5,Clear,normal
2025-03-10 14:00:00,26.1,35.8,45.0,93.3,-6.1,524.5,Clear,peak_solar
2025-03-10 15:00:00,13.5,13.4,45.0,86.1,-2.9,524.5,Snow,normal
2025-03-10 16:00:00,17.8,11.8,51.4,77.4,-5.5,524.5,Clear,normal
2025-03-10 17:00:00,15.4,120.0,58.5,95.0,-6.3,524.5,Storm,normal
2025-03-10 18:00:00,3.5,19.7,56.1,81.8,-5.6,524.5,Snow,normal
2025-03-10 19:00:00,0.0,10.2,45.0,67.9,-1.6,524.5,Cloudy,normal
2025-03-10 20:00:00,0.0,4.1,49.3,49.8,-3.1,524.5,Cloudy,normal
2025-03-10 21:00:00,0.0,2.9,45.0,33.0,-5.2,524.5,Snow,normal
2025-03-10 22:00:00,0.0,0.0,45.0,15.0,-5.0,524.5,Clear,storm
2025-03-10 23:00:00,0.0,6.7,47.2,15.0,-8.2,511.3,Cloudy,storm
2025-03-11 00:00:00,0.0,120.0,45.0,42.6,-4.4,511.3,Clear,normal
2025-03-11 01:00:00,0.0,0.6,45.4,24.7,-9.5,511.3,Snow,normal
2025-03-11 02:00:00,0.0,120.0,45.0,52.3,-4.3,511.3,Storm,normal
2025-03-11 03:00:00,0.0,0.0,45.0,34.3,-6.1,511.3,Clear,normal
2025-03-11 04:00:00,0.0,32.9,45.0,29.4,-1.5,511.3,Cloudy,normal
2025-03-11 05:00:00,0.0,15.4,46.6,17.0,-9.5,511.3,Snow,normal
2025-03-11 06:00:00,4.9,120.0,45.4,46.2,-7.5,511.3,Storm,normal
2025-03-11 07:00:00,11.6,0.3,45.4,32.8,-3.5,511.3,Clear,normal
2025-03-11 08:00:00,9.9,0.0,45.0,18.7,-4.9,511.3,Snow,normal
2025-03-11 09:00:00,16.6,3.4,59.0,15.0,-9.0,501.2,Cloudy,storm
2025-03-11 10:00:00,22.0,1.7,48.8,15.0,-6.8,492.5,Cloudy,storm
2025-03-11 11:00:00,23.4,0.0,50.3,15.0,-7.0,483.3,Cloudy,storm
2025-03-11 12:00:00,16.8,10.7,48.6,15.0,-6.1,475.9,Snow,storm
2025-03-11 13:00:00,23.4,1.1,51.9,15.0,-7.9,466.5,Cloudy,storm
2025-03-11 14:00:00,13.4,120.0,52.0,45.0,-6.2,466.5,Storm,normal
2025-03-11 15:00:00,23.0,11.3,56.2,36.2,-9.1,466.5,Clear,normal
2025-03-11 16:00:00,19.9,0.1,46.9,25.4,-4.9,466.5,Clear,normal
2025-03-11 17:00:00,6.9,7.3,47.2,15.0,-3.9,463.9,Snow,storm
2025-03-11 18:00:00,2.9,14.5,45.0,15.0,-5.2,454.5,Snow,storm
2025-03-11 19:00:00,0.0,42.5,53.8,15.0,-8.1,450.4,Cloudy,storm
2025-03-11 20:00:00,0.0,8.6,46.4,15.0,-2.3,437.9,Clear,storm
2025-03-11 21:00:00,0.0,120.0,45.0,42.6,-3.7,437.9,Storm,normal
2025-03-11 22:00:00,0.0,0.0,45.0,24.6,-6.3,437.9,Snow,normal
2025-03-11 23:00:00,0.0,1.0,45.0,15.0,-5.5,430.9,Clear,storm
2025-03-12 00:00:00,0.0,0.1,48.9,15.0,-8.7,415.3,Cloudy,storm
2025-03-12 01:00:00,0.0,2.1,49.3,15.0,-8.0,400.2,Snow,storm
2025-03-12 02:00:00,0.0,21.1,45.0,15.0,-7.3,391.9,Clear,storm
2025-03-12 03:00:00,0.0,17.1,45.0,15.0,-3.8,382.3,Clear,storm
2025-03-12 04:00:00,0.0,40.4,46.5,15.0,-8.3,380.1,Cloudy,storm
2025-03-12 05:00:00,0.0,11.2,46.3,15.0,-5.8,368.4,Cloudy,storm
2025-03-12 06:00:00,5.4,13.6,45.5,15.0,-8.6,359.3,Clear,storm
2025-03-12 07:00:00,10.3,12.0,45.0,15.0,-7.1,351.4,Cloudy,storm
2025-03-12 08:00:00,11.9,1.3,54.1,15.0,-8.0,338.1,Cloudy,storm
2025-03-12 09:00:00,11.4,0.9,45.0,15.0,-5.7,327.1,Snow,storm
2025-03-12 10:00:00,15.8,0.1,47.6,15.0,-8.6,316.4,Snow,storm
2025-03-12 11:00:00,18.9,46.4,50.2,20.6,-10.7,316.4,Cloudy,normal
2025-03-12 12:00:00,18.6,0.0,50.2,15.0,-9.9,310.1,Snow,storm
2025-03-12 13:00:00,10.7,12.7,45.0,15.0,-7.7,302.5,Snow,storm
2025-03-12 14:00:00,12.0,72.5,49.6,27.8,-8.9,302.5,Snow,normal
2025-03-12 15:00:00,13.8,120.0,45.7,60.2,-4.9,302.5,Snow,normal
2025-03-12 16:00:00,7.1,0.0,48.4,43.7,-6.4,302.5,Snow,normal
2025-03-12 17:00:00,6.4,1.6,45.0,28.9,0.1,302.5,Snow,normal
2025-03-12 18:00:00,3.6,0.2,46.7,15.0,-8.7,299.6,Cloudy,storm
2025-03-12 19:00:00,0.0,1.0,45.5,15.0,-4.3,285.3,Clear,storm
2025-03-12 20:00:00,0.0,120.0,49.7,40.9,-7.1,285.3,Clear,normal
2025-03-12 21:00:00,0.0,0.2,45.0,22.9,-5.8,285.3,Cloudy,normal
2025-03-12 22:00:00,0.0,72.2,45.0,32.9,-4.5,285.3,Snow,normal
2025-03-12 23:00:00,0.0,13.3,46.2,19.8,-10.2,285.3,Snow,normal
2025-03-13 00:00:00,0.0,0.8,45.0,15.0,-5.1,274.5,Cloudy,storm
2025-03-13 01:00:00,0.0,0.4,45.0,15.0,-1.8,260.2,Clear,storm
2025-03-13 02:00:00,0.0,18.4,45.0,15.0,-7.3,251.0,Clear,storm
2025-03-13 03:00:00,0.0,6.3,46.1,15.0,-6.1,238.0,Cloudy,storm
2025-03-13 04:00:00,0.0,0.0,45.0,15.0,-4.8,223.6,Clear,storm
2025-03-13 05:00:00,0.0,0.0,45.0,15.0,-7.7,209.2,Cloudy,storm
2025-03-13 06:00:00,5.0,19.8,45.0,15.0,-8.9,202.1,Clear,storm
2025-03-13 07:00:00,9.8,0.0,46.1,15.0,-12.8,190.1,Cloudy,storm
2025-03-13 08:00:00,17.0,102.0,46.2,41.8,-6.4,190.1,Clear,normal
2025-03-13 09:00:00,11.8,0.0,52.5,25.6,-8.0,190.1,Snow,normal
2025-03-13 10:00:00,20.6,2.8,51.7,15.0,-9.9,189.4,Cloudy,storm
2025-03-13 11:00:00,30.8,51.0,45.0,28.5,-7.1,189.4,Clear,peak_solar
2025-03-13 12:00:00,20.6,0.0,57.5,15.0,-8.4,188.3,Cloudy,storm
2025-03-13 13:00:00,31.5,0.0,51.6,15.0,-7.9,181.2,Clear,storm
2025-03-13 14:00:00,13.1,31.0,52.0,15.0,-5.0,178.3,Snow,storm
2025-03-13 15:00:00,15.9,79.2,47.5,32.5,-8.9,178.3,Cloudy,normal
2025-03-13 16:00:00,12.4,3.8,45.0,21.0,-3.3,178.3,Cloudy,normal
2025-03-13 17:00:00,7.8,1.4,55.3,15.0,-8.3,167.8,Cloudy,storm
2025-03-13 18:00:00,4.9,0.0,46.5,15.0,-6.5,154.3,Clear,storm
2025-03-13 19:00:00,0.0,10.1,45.0,15.0,-0.6,142.6,Cloudy,storm
2025-03-13 20:00:00,0.0,0.0,45.0,15.0,-2.3,128.2,Clear,storm
2025-03-13 21:00:00,0.0,120.0,45.0,42.6,-4.7,128.2,Storm,normal
2025-03-13 22:00:00,0.0,4.6,45.0,26.4,-7.1,128.2,Clear,normal
2025-03-13 23:00:00,0.0,0.0,45.0,15.0,-6.4,122.4,Clear,storm
2025-03-14 00:00:00,0.0,0.4,45.0,15.0,-5.6,108.1,Cloudy,storm
2025-03-14 01:00:00,0.0,13.1,45.0,15.0,-6.0,97.3,Cloudy,storm
2025-03-14 02:00:00,0.0,1.1,45.0,15.0,-6.7,83.2,Cloudy,storm
2025-03-14 03:00:00,0.0,7.4,45.0,15.0,-7.0,70.9,Snow,storm
2025-03-14 04:00:00,0.0,0.0,45.0,15.0,-7.7,56.5,Cloudy,storm
2025-03-14 05:00:00,0.0,120.0,48.1,41.4,-10.7,56.5,Snow,normal
2025-03-14 06:00:00,4.8,0.5,45.0,25.6,-8.9,56.5,Clear,normal
2025-03-14 07:00:00,6.0,0.0,45.0,15.0,-5.9,51.9,Snow,storm
2025-03-14 08:00:00,13.4,1.7,54.8,15.0,-11.0,39.0,Cloudy,storm
2025-03-14 09:00:00,24.9,0.2,49.2,15.0,-8.4,30.6,Clear,storm
2025-03-14 10:00:00,19.4,120.0,56.5,45.5,-9.6,30.6,Cloudy,normal
2025-03-14 11:00:00,18.5,0.0,48.8,33.4,-7.3,30.6,Cloudy,normal
2025-03-14 12:00:00,36.7,1.0,48.9,28.9,-8.1,30.6,Clear,normal
2025-03-14 13:00:00,21.0,14.2,51.0,22.6,-3.6,30.6,Cloudy,normal
2025-03-14 14:00:00,22.8,42.5,49.0,28.6,-5.4,30.6,Cloudy,normal
2025-03-14 15:00:00,16.9,120.0,45.0,62.4,-9.0,30.6,Storm,normal
2025-03-14 16:00:00,11.6,0.0,45.0,49.1,-4.3,30.6,Cloudy,normal
2025-03-14 17:00:00,13.6,120.0,56.5,77.5,-7.1,30.6,Clear,normal
2025-03-14 18:00:00,2.6,110.1,49.8,95.0,-6.5,30.6,Snow,normal
2025-03-14 19:00:00,0.0,0.1,46.7,76.4,-4.4,30.6,Cloudy,normal
2025-03-14 20:00:00,0.0,0.0,45.0,58.4,-6.1,30.6,Cloudy,normal
2025-03-14 21:00:00,0.0,26.1,45.0,50.8,-3.1,30.6,Clear,normal
2025-03-14 22:00:00,0.0,6.9,45.0,35.6,-6.9,30.6,Clear,normal
2025-03-14 23:00:00,0.0,25.9,45.0,27.9,-6.8,30.6,Clear,normal
2025-03-15 00:00:00,0.0,2.0,45.0,15.0,-7.4,26.7,Snow,storm
2025-03-15 01:00:00,0.0,9.8,45.0,15.0,-7.5,15.0,Snow,storm
2025-03-15 02:00:00,0.0,4.9,45.0,15.0,-4.3,1.9,Clear,storm
2025-03-15 03:00:00,0.0,25.4,45.0,15.0,-5.7,0.0,Snow,storm
2025-03-15 04:00:00,0.0,0.0,45.0,15.0,-3.7,0.0,Clear,storm
2025-03-15 05:00:00,0.0,12.5,45.0,15.0,-2.7,0.0,Clear,storm
2025-03-15 06:00:00,2.2,120.0,45.0,43.4,-10.2,0.0,Storm,normal
2025-03-15 07:00:00,12.4,120.0,45.0,75.6,-8.0,0.0,Storm,normal
2025-03-15 08:00:00,15.3,17.7,54.6,66.9,-10.8,0.0,Cloudy,normal
2025-03-15 09:00:00,18.7,0.0,52.5,53.4,-9.8,0.0,Cloudy,normal
2025-03-15 10:00:00,17.1,120.0,58.3,82.4,-9.4,0.0,Storm,normal
2025-03-15 11:00:00,28.9,25.4,52.0,83.2,-10.1,0.0,Clear,peak_solar
2025-03-15 12:00:00,14.0,120.0,47.4,95.0,-9.7,0.0,Storm,normal
2025-03-15 13:00:00,18.2,28.4,50.4,93.5,-7.4,0.0,Cloudy,normal
2025-03-15 14:00:00,30.3,0.0,50.1,85.6,-9.4,0.0,Clear,normal
2025-03-15 15:00:00,29.6,120.0,45.0,95.0,-4.4,0.0,Storm,peak_solar
2025-03-15 16:00:00,12.1,78.9,49.7,95.0,-7.9,0.0,Cloudy,normal
2025-03-15 17:00:00,9.3,8.6,48.9,82.6,0.6,0.0,Cloudy,normal
2025-03-15 18:00:00,4.8,0.0,47.9,65.3,-6.4,0.0,Clear,normal
2025-03-15 19:00:00,0.0,102.0,52.4,83.6,-5.1,0.0,Cloudy,normal
2025-03-15 20:00:00,0.0,27.7,53.9,73.1,-8.0,0.0,Clear,normal
2025-03-15 21:00:00,0.0,120.0,46.0,95.0,-1.5,0.0,Storm,normal
2025-03-15 22:00:00,0.0,120.0,45.0,95.0,-2.9,0.0,Storm,normal
2025-03-15 23:00:00,0.0,120.0,45.0,95.0,-5.0,0.0,Storm,normal
2025-03-16 00:00:00,0.0,16.7,45.0,83.7,-9.1,0.0,Cloudy,normal
2025-03-16 01:00:00,0.0,14.5,45.0,71.5,-6.0,0.0,Cloudy,normal
2025-03-16 02:00:00,0.0,29.0,45.0,65.1,-9.3,0.0,Cloudy,normal
2025-03-16 03:00:00,0.0,0.3,45.0,47.2,-4.0,0.0,Cloudy,normal
2025-03-16 04:00:00,0.0,9.7,45.0,33.1,-5.8,0.0,Cloudy,normal
2025-03-16 05:00:00,0.0,4.6,45.0,17.0,-7.7,0.0,Clear,normal
2025-03-16 06:00:00,4.2,120.0,45.0,46.1,-13.5,0.0,Clear,normal
2025-03-16 07:00:00,12.7,120.0,45.0,78.4,-10.5,0.0,Storm,normal
2025-03-16 08:00:00,8.8,57.6,56.4,82.1,-6.8,0.0,Snow,normal
2025-03-16 09:00:00,23.5,0.1,47.3,72.6,-5.6,0.0,Clear,normal
2025-03-16 10:00:00,27.5,120.0,51.8,95.0,-5.7,0.0,Storm,peak_solar
2025-03-16 11:00:00,12.8,102.0,51.6,95.0,-11.4,0.0,Snow,normal
2025-03-16 12:00:00,18.6,23.8,53.5,90.6,-6.9,0.0,Snow,normal
2025-03-16 13:00:00,14.5,45.0,49.6,94.2,-5.0,0.0,Snow,normal
2025-03-16 14:00:00,18.4,0.0,61.5,77.0,-10.5,0.0,Cloudy,normal
2025-03-16 15:00:00,26.9,4.7,54.8,67.8,-6.5,0.0,Clear,normal
2025-03-16 16:00:00,21.9,120.0,51.4,95.0,-5.5,0.0,Storm,normal
2025-03-16 17:00:00,5.8,0.0,47.2,78.5,-6.5,0.0,Snow,normal
2025-03-16 18:00:00,3.9,0.0,47.9,60.9,-9.6,0.0,Clear,normal
2025-03-16 19:00:00,0.0,103.7,48.5,81.2,-6.1,0.0,Cloudy,normal
2025-03-16 20:00:00,0.0,37.2,49.2,76.4,-6.1,0.0,Cloudy,normal
2025-03-16 21:00:00,0.0,0.0,45.0,58.4,-5.7,0.0,Cloudy,normal
2025-03-16 22:00:00,0.0,3.2,45.0,41.7,-6.8,0.0,Cloudy,normal
2025-03-16 23:00:00,0.0,23.8,45.0,33.2,-6.8,0.0,Clear,normal
2025-03-17 00:00:00,0.0,17.0,45.0,22.0,-6.4,0.0,Clear,normal
2025-03-17 01:00:00,0.0,30.2,46.8,15.4,-5.7,0.0,Clear,normal
2025-03-17 02:00:00,0.0,2.4,45.0,15.0,-7.7,0.0,Snow,storm
2025-03-17 03:00:00,0.0,19.8,45.0,15.0,-8.3,0.0,Cloudy,storm
2025-03-17 04:00:00,0.0,58.3,46.7,19.3,-7.6,0.0,Clear,normal
2025-03-17 05:00:00,0.0,47.6,48.1,19.1,-12.3,0.0,Cloudy,normal
2025-03-17 06:00:00,2.9,2.7,45.0,15.0,-7.3,0.0,Clear,storm
2025-03-17 07:00:00,4.0,73.3,45.0,26.9,-8.5,0.0,Snow,normal
2025-03-17 08:00:00,10.8,0.0,56.4,15.0,-8.4,0.0,Cloudy,storm
2025-03-17 09:00:00,21.4,0.5,56.2,15.0,-6.4,0.0,Clear,storm
2025-03-17 10:00:00,18.4,104.8,52.9,40.8,-12.6,0.0,Cloudy,normal
2025-03-17 11:00:00,30.4,69.5,56.6,56.8,-12.4,0.0,Clear,peak_solar
2025-03-17 12:00:00,19.0,3.9,52.0,45.2,-7.2,0.0,Cloudy,normal
2025-03-17 13:00:00,20.0,0.4,45.0,35.3,-7.4,0.0,Cloudy,normal
2025-03-17 14:00:00,26.8,0.9,49.5,26.6,-6.7,0.0,Clear,normal
2025-03-17 15:00:00,11.0,52.0,45.0,33.3,-7.7,0.0,Snow,normal
2025-03-17 16:00:00,15.0,31.2,47.7,32.6,-4.8,0.0,Cloudy,normal
2025-03-17 17:00:00,11.4,0.3,56.0,15.0,-3.9,0.0,Clear,storm
2025-03-17 18:00:00,2.5,68.2,45.0,24.5,-4.7,0.0,Cloudy,normal
2025-03-17 19:00:00,0.0,3.3,56.7,15.0,-6.2,0.0,Clear,storm
2025-03-17 20:00:00,0.0,0.0,60.3,15.0,-10.2,0.0,Cloudy,storm
2025-03-17 21:00:00,0.0,1.5,45.0,15.0,-3.9,0.0,Clear,storm
2025-03-17 22:00:00,0.0,12.6,45.0,15.0,-3.0,0.0,Cloudy,storm
2025-03-17 23:00:00,0.0,62.7,45.0,21.5,-4.6,0.0,Clear,normal
2025-03-18 00:00:00,0.0,54.0,45.0,24.8,-8.4,0.0,Cloudy,normal
2025-03-18 01:00:00,0.0,6.8,45.0,15.0,-5.3,0.0,Clear,storm
2025-03-18 02:00:00,0.0,18.4,45.0,15.0,-5.3,0.0,Clear,storm
2025-03-18 03:00:00,0.0,4.9,45.0,15.0,-4.2,0.0,Snow,storm
2025-03-18 04:00:00,0.0,0.3,45.1,15.0,-9.9,0.0,Cloudy,storm
2025-03-18 05:00:00,0.0,7.7,45.0,15.0,-8.8,0.0,Clear,storm
2025-03-18 06:00:00,2.9,0.0,45.0,15.0,-6.9,0.0,Clear,storm
2025-03-18 07:00:00,9.1,120.0,46.4,45.4,-8.5,0.0,Storm,normal
2025-03-18 08:00:00,9.2,17.0,58.7,32.4,-11.2,0.0,Snow,normal
2025-03-18 09:00:00,12.6,35.2,48.8,32.0,-7.7,0.0,Snow,normal
2025-03-18 10:00:00,10.2,0.4,54.3,15.0,-7.2,0.0,Snow,storm
2025-03-18 11:00:00,32.1,16.5,59.8,15.0,-8.1,0.0,Clear,storm
2025-03-18 12:00:00,31.6,26.5,50.6,17.8,-7.5,0.0,Clear,peak_solar
2025-03-18 13:00:00,19.1,4.1,51.7,15.0,-8.2,0.0,Cloudy,storm
2025-03-18 14:00:00,28.0,5.0,49.7,15.0,-4.0,0.0,Clear,storm
2025-03-18 15:00:00,12.9,0.0,45.0,15.0,-8.8,0.0,Snow,storm
2025-03-18 16:00:00,9.1,120.0,45.3,45.8,-7.8,0.0,Storm,normal
2025-03-18 17:00:00,8.9,0.3,46.9,30.8,-6.1,0.0,Cloudy,normal
2025-03-18 18:00:00,2.1,0.8,45.6,15.0,-4.0,0.0,Cloudy,storm
2025-03-18 19:00:00,0.0,120.0,52.6,39.8,-9.1,0.0,Storm,normal
2025-03-18 20:00:00,0.0,39.7,52.7,34.6,-8.6,0.0,Cloudy,normal
2025-03-18 21:00:00,0.0,64.9,45.0,42.0,-10.2,0.0,Cloudy,normal
2025-03-18 22:00:00,0.0,0.0,45.4,23.8,-5.8,0.0,Clear,normal
2025-03-18 23:00:00,0.0,15.9,45.0,15.0,-8.6,0.0,Snow,storm
2025-03-19 00:00:00,0.0,0.0,45.0,15.0,-7.5,0.0,Snow,storm
2025-03-19 01:00:00,0.0,0.1,45.0,15.0,-5.5,0.0,Cloudy,storm
2025-03-19 02:00:00,0.0,120.0,45.0,42.6,-8.8,0.0,Storm,normal
2025-03-19 03:00:00,0.0,0.0,45.0,24.6,-7.3,0.0,Cloudy,normal
2025-03-19 04:00:00,0.0,58.6,45.0,29.6,-8.8,0.0,Snow,normal
2025-03-19 05:00:00,0.0,0.0,45.0,15.0,-7.0,0.0,Cloudy,storm
2025-03-19 06:00:00,2.2,0.1,45.0,15.0,-7.6,0.0,Clear,storm
2025-03-19 07:00:00,3.1,0.0,52.3,15.0,-10.4,0.0,Storm,storm
2025-03-19 08:00:00,15.1,7.0,50.0,15.0,-9.3,0.0,Clear,storm
2025-03-19 09:00:00,21.0,0.0,45.0,15.0,-6.5,0.0,Clear,storm
2025-03-19 10:00:00,19.9,64.9,53.1,26.7,-7.8,0.0,Cloudy,normal
2025-03-19 11:00:00,24.1,120.0,52.6,60.3,-11.5,0.0,Cloudy,peak_solar
2025-03-19 12:00:00,32.0,80.9,51.4,83.0,-6.7,0.0,Clear,peak_solar
2025-03-19 13:00:00,32.7,5.1,55.8,75.8,-10.2,0.0,Clear,normal
2025-03-19 14:00:00,14.2,5.8,45.3,65.6,-4.3,0.0,Snow,normal
2025-03-19 15:00:00,11.9,1.1,49.5,51.0,-4.8,0.0,Snow,normal
2025-03-19 16:00:00,18.3,0.0,48.9,38.8,-6.0,0.0,Clear,normal
2025-03-19 17:00:00,11.8,25.5,45.0,35.7,-6.0,0.0,Clear,normal
2025-03-19 18:00:00,1.3,4.2,47.5,18.9,-6.6,0.0,Cloudy,normal
2025-03-19 19:00:00,0.0,0.0,45.0,15.0,-4.5,0.0,Clear,storm
2025-03-19 20:00:00,0.0,7.6,45.0,15.0,-6.7,0.0,Clear,storm
2025-03-19 21:00:00,0.0,0.4,45.0,15.0,-5.4,0.0,Cloudy,storm
2025-03-19 22:00:00,0.0,21.9,45.0,15.0,-4.2,0.0,Clear,storm
2025-03-19 23:00:00,0.0,16.4,45.0,15.0,-7.6,0.0,Clear,storm
2025-03-20 00:00:00,0.0,2.4,45.0,15.0,-8.2,0.0,Cloudy,storm
2025-03-20 01:00:00,0.0,9.2,45.0,15.0,-9.8,0.0,Cloudy,storm
2025-03-20 02:00:00,0.0,12.0,45.0,15.0,-9.9,0.0,Cloudy,storm
2025-03-20 03:00:00,0.0,109.3,47.0,37.9,-12.0,0.0,Cloudy,normal
2025-03-20 04:00:00,0.0,8.1,45.0,23.2,-6.7,0.0,Cloudy,normal
2025-03-20 05:00:00,0.0,1.3,45.0,15.0,-4.7,0.0,Snow,storm
2025-03-20 06:00:00,1.0,3.6,45.0,15.0,-5.7,0.0,Cloudy,storm
2025-03-20 07:00:00,5.3,120.0,45.3,44.4,-12.6,0.0,Storm,normal
2025-03-20 08:00:00,11.8,0.1,47.8,30.0,-7.5,0.0,Cloudy,normal
2025-03-20 09:00:00,13.3,4.6,48.1,18.0,-5.9,0.0,Snow,normal
2025-03-20 10:00:00,17.8,4.4,45.0,15.0,-9.9,0.0,Cloudy,storm
2025-03-20 11:00:00,32.7,5.1,52.6,15.0,-8.4,0.0,Clear,storm
2025-03-20 12:00:00,12.8,0.0,50.7,15.0,-12.7,0.0,Snow,storm
2025-03-20 13:00:00,31.3,0.0,55.2,15.0,-7.4,0.0,Clear,storm
2025-03-20 14:00:00,24.5,3.6,46.0,15.0,-9.9,0.0,Clear,storm
2025-03-20 15:00:00,11.9,1.0,51.2,15.0,-6.7,0.0,Snow,storm
2025-03-20 16:00:00,7.5,22.0,45.3,15.0,-10.3,0.0,Snow,storm
2025-03-20 17:00:00,6.9,120.0,45.7,44.9,-5.3,0.0,Cloudy,normal
2025-03-20 18:00:00,1.2,27.3,48.6,36.8,-4.0,0.0,Cloudy,normal
2025-03-20 19:00:00,0.0,13.4,54.5,20.4,-7.8,0.0,Cloudy,normal
2025-03-20 20:00:00,0.0,35.5,55.1,15.0,-8.6,0.0,Clear,storm
2025-03-20 21:00:00,0.0,17.7,48.6,15.0,-10.9,0.0,Clear,storm
2025-03-20 22:00:00,0.0,8.9,45.1,15.0,-6.9,0.0,Cloudy,storm
2025-03-20 23:00:00,0.0,100.3,46.3,34.9,-7.8,0.0,Clear,normal
2025-03-21 00:00:00,0.0,0.0,45.0,16.9,-10.4,0.0,Clear,normal
2025-03-21 01:00:00,0.0,3.2,45.0,15.0,-6.4,0.0,Clear,storm
2025-03-21 02:00:00,0.0,0.0,46.5,15.0,-8.8,0.0,Clear,storm
2025-03-21 03:00:00,0.0,0.8,49.8,15.0,-10.5,0.0,Cloudy,storm
2025-03-21 04:00:00,0.0,0.4,45.0,15.0,-9.7,0.0,Cloudy,storm
2025-03-21 05:00:00,0.0,120.0,45.0,42.6,-6.5,0.0,Storm,normal
2025-03-21 06:00:00,0.6,120.0,45.0,70.4,-7.7,0.0,Cloudy,normal
2025-03-21 07:00:00,6.6,14.2,45.0,60.8,-9.5,0.0,Cloudy,normal
2025-03-21 08:00:00,18.0,0.4,52.7,47.1,-7.9,0.0,Clear,normal
2025-03-21 09:00:00,14.5,99.3,59.2,67.2,-11.8,0.0,Cloudy,normal
2025-03-21 10:00:00,18.4,12.7,53.8,58.1,-9.0,0.0,Cloudy,normal
2025-03-21 11:00:00,18.9,3.3,51.3,46.4,-8.5,0.0,Cloudy,normal
2025-03-21 12:00:00,13.8,13.0,60.1,33.1,-9.5,0.0,Snow,normal
2025-03-21 13:00:00,24.4,3.7,50.1,24.3,-7.2,0.0,Cloudy,normal
2025-03-21 14:00:00,29.6,35.0,58.0,26.7,-9.5,0.0,Clear,peak_solar
2025-03-21 15:00:00,15.2,0.0,45.0,15.0,-6.3,0.0,Cloudy,storm
2025-03-21 16:00:00,14.2,34.3,49.6,15.0,-5.8,0.0,Clear,storm
2025-03-21 17:00:00,7.8,3.6,52.1,15.0,-13.1,0.0,Clear,storm
2025-03-21 18:00:00,0.8,104.8,45.0,37.3,-3.8,0.0,Clear,normal
2025-03-21 19:00:00,0.0,120.0,52.7,62.0,-13.0,0.0,Clear,normal
2025-03-21 20:00:00,0.0,120.0,50.8,87.5,-7.6,0.0,Storm,normal
2025-03-21 21:00:00,0.0,120.0,45.0,95.0,-4.1,0.0,Storm,normal
2025-03-21 22:00:00,0.0,120.0,45.0,95.0,-7.2,0.0,Storm,normal
2025-03-21 23:00:00,0.0,120.0,45.0,95.0,-9.9,0.0,Storm,normal
2025-03-22 00:00:00,0.0,98.7,45.0,95.0,-9.6,0.0,Snow,normal
2025-03-22 01:00:00,0.0,0.0,45.0,77.0,-5.3,0.0,Clear,normal
2025-03-22 02:00:00,0.0,0.0,49.0,57.4,-12.2,0.0,Cloudy,normal
2025-03-22 03:00:00,0.0,120.0,45.0,85.0,-5.9,0.0,Cloudy,normal
2025-03-22 04:00:00,0.0,0.1,46.3,66.5,-8.8,0.0,Clear,normal
2025-03-22 05:00:00,0.0,0.0,53.4,45.2,-11.6,0.0,Storm,normal
2025-03-22 06:00:00,0.2,0.0,45.0,27.2,-10.5,0.0,Clear,normal
2025-03-22 07:00:00,6.5,89.3,45.0,46.0,-11.6,0.0,Cloudy,normal
2025-03-22 08:00:00,16.2,18.2,50.4,39.6,-7.5,0.0,Clear,normal
2025-03-22 09:00:00,18.2,0.0,50.3,26.7,-7.8,0.0,Cloudy,normal
2025-03-22 10:00:00,15.3,17.9,56.5,17.4,-13.0,0.0,Snow,normal
2025-03-22 11:00:00,17.9,0.3,56.2,15.0,-9.9,0.0,Snow,storm
2025-03-22 12:00:00,24.4,7.6,52.6,15.0,-10.6,0.0,Cloudy,storm
2025-03-22 13:00:00,33.6,7.9,52.6,15.0,-5.5,0.0,Clear,storm
2025-03-22 14:00:00,13.6,0.4,50.8,15.0,-10.9,0.0,Snow,storm
2025-03-22 15:00:00,12.1,2.6,45.0,15.0,-4.0,0.0,Snow,storm
2025-03-22 16:00:00,11.0,0.2,45.9,15.0,-7.3,0.0,Cloudy,storm
2025-03-22 17:00:00,5.9,0.0,45.0,15.0,-9.4,0.0,Cloudy,storm
2025-03-22 18:00:00,0.1,13.9,45.0,15.0,-8.1,0.0,Cloudy,storm
2025-03-22 19:00:00,0.0,120.0,54.9,39.0,-8.3,0.0,Storm,normal
2025-03-22 20:00:00,0.0,0.3,56.7,16.4,-9.3,0.0,Cloudy,normal
2025-03-22 21:00:00,0.0,120.0,45.0,44.0,-6.3,0.0,Storm,normal
2025-03-22 22:00:00,0.0,120.0,48.0,70.5,-9.3,0.0,Storm,normal
2025-03-22 23:00:00,0.0,1.8,45.0,53.2,-11.7,0.0,Cloudy,normal
2025-03-23 00:00:00,0.0,4.6,45.0,37.0,-8.2,0.0,Cloudy,normal
2025-03-23 01:00:00,0.0,2.0,45.0,19.8,-11.7,0.0,Clear,normal
2025-03-23 02:00:00,0.0,0.0,49.0,15.0,-9.8,0.0,Clear,storm
2025-03-23 03:00:00,0.0,4.7,52.7,15.0,-10.5,0.0,Clear,storm
2025-03-23 04:00:00,0.0,3.0,45.0,15.0,-10.8,0.0,Clear,storm
2025-03-23 05:00:00,0.0,13.4,45.0,15.0,-4.8,0.0,Snow,storm
2025-03-23 06:00:00,0.0,15.8,48.5,15.0,-9.3,0.0,Clear,storm
2025-03-23 07:00:00,4.4,0.0,53.0,15.0,-9.0,0.0,Snow,storm
2025-03-23 08:00:00,10.5,54.4,61.2,16.4,-13.5,0.0,Cloudy,normal
2025-03-23 09:00:00,19.2,4.5,49.2,15.0,-11.0,0.0,Cloudy,storm
2025-03-23 10:00:00,11.9,0.0,55.5,15.0,-9.0,0.0,Snow,storm
2025-03-23 11:00:00,13.3,4.2,51.8,15.0,-11.4,0.0,Snow,storm
2025-03-23 12:00:00,31.6,17.7,55.5,15.0,-6.9,0.0,Clear,storm
2025-03-23 13:00:00,18.6,120.0,56.7,45.1,-11.2,0.0,Storm,normal
2025-03-23 14:00:00,31.7,120.0,47.7,83.4,-8.8,0.0,Storm,peak_solar
2025-03-23 15:00:00,16.4,1.2,56.4,67.9,-9.0,0.0,Cloudy,normal
2025-03-23 16:00:00,10.5,5.8,52.1,53.5,-7.0,0.0,Cloudy,normal
2025-03-23 17:00:00,7.8,0.1,53.1,35.4,-8.5,0.0,Clear,normal
2025-03-23 18:00:00,0.0,27.7,50.5,26.3,-7.4,0.0,Cloudy,normal
2025-03-23 19:00:00,0.0,1.6,48.1,15.0,-7.2,0.0,Clear,storm
2025-03-23 20:00:00,0.0,5.1,53.8,15.0,-8.3,0.0,Clear,storm
2025-03-23 21:00:00,0.0,120.0,49.4,41.0,-5.6,0.0,Snow,normal
2025-03-23 22:00:00,0.0,0.0,48.9,21.4,-6.3,0.0,Snow,normal
2025-03-23 23:00:00,0.0,120.0,45.0,49.0,-7.3,0.0,Storm,normal
2025-03-24 00:00:00,0.0,36.7,45.0,45.7,-8.5,0.0,Cloudy,normal
2025-03-24 01:00:00,0.0,120.0,45.0,73.3,-6.2,0.0,Storm,normal
2025-03-24 02:00:00,0.0,80.0,45.0,86.2,-8.8,0.0,Cloudy,normal
2025-03-24 03:00:00,0.0,120.0,45.5,95.0,-9.4,0.0,Clear,normal
2025-03-24 04:00:00,0.0,11.7,47.4,80.7,-8.8,0.0,Snow,normal
2025-03-24 05:00:00,0.0,0.0,45.0,62.7,-5.7,0.0,Clear,normal
2025-03-24 06:00:00,0.0,0.8,50.6,42.8,-12.6,0.0,Cloudy,normal
2025-03-24 07:00:00,4.7,0.2,45.0,26.8,-8.1,0.0,Cloudy,normal
2025-03-24 08:00:00,8.0,0.0,54.9,15.0,-14.0,0.0,Snow,storm
2025-03-24 09:00:00,13.9,120.0,48.0,46.6,-9.3,0.0,Cloudy,normal
2025-03-24 10:00:00,25.2,8.0,50.2,39.8,-6.2,0.0,Clear,normal
2025-03-24 11:00:00,29.4,0.1,54.8,29.7,-8.3,0.0,Clear,normal
2025-03-24 12:00:00,34.5,120.0,56.0,66.0,-8.7,0.0,Storm,peak_solar
2025-03-24 13:00:00,32.9,120.0,45.0,95.0,-9.9,0.0,Storm,peak_solar
2025-03-24 14:00:00,27.8,0.0,53.2,84.8,-8.3,0.0,Clear,normal
2025-03-24 15:00:00,20.9,4.8,47.3,76.2,-8.5,0.0,Clear,normal
2025-03-24 16:00:00,9.6,3.7,54.7,59.7,-9.3,0.0,Cloudy,normal
2025-03-24 17:00:00,5.8,0.0,46.7,43.4,-7.9,0.0,Cloudy,normal
2025-03-24 18:00:00,0.0,120.0,52.5,68.2,-6.6,0.0,Snow,normal
2025-03-24 19:00:00,0.0,0.0,49.0,48.6,-8.6,0.0,Cloudy,normal
2025-03-24 20:00:00,0.0,120.0,49.1,74.7,-8.6,0.0,Storm,normal
2025-03-24 21:00:00,0.0,13.4,48.1,60.8,-9.9,0.0,Cloudy,normal
2025-03-24 22:00:00,0.0,120.0,45.0,88.4,-6.2,0.0,Storm,normal
2025-03-24 23:00:00,0.0,10.2,45.0,74.4,-6.1,0.0,Cloudy,normal
2025-03-25 00:00:00,0.0,3.8,45.3,57.8,-7.3,0.0,Clear,normal
2025-03-25 01:00:00,0.0,120.0,45.0,85.4,-6.0,0.0,Clear,normal
2025-03-25 02:00:00,0.0,120.0,45.0,95.0,-8.3,0.0,Storm,normal
2025-03-25 03:00:00,0.0,120.0,48.1,95.0,-8.0,0.0,Storm,normal
2025-03-25 04:00:00,0.0,0.0,46.9,76.2,-8.6,0.0,Snow,normal
2025-03-25 05:00:00,0.0,120.0,51.4,95.0,-9.8,0.0,Storm,normal
2025-03-25 06:00:00,0.0,3.1,45.0,78.2,-11.0,0.0,Snow,normal
2025-03-25 07:00:00,4.6,7.2,45.0,65.0,-5.1,0.0,Cloudy,normal
2025-03-25 08:00:00,11.2,2.8,52.2,49.7,-11.0,0.0,Cloudy,normal
2025-03-25 09:00:00,12.5,0.9,56.4,32.5,-11.4,0.0,Snow,normal
2025-03-25 10:00:00,27.8,5.2,48.1,26.4,-8.9,0.0,Clear,normal
2025-03-25 11:00:00,25.7,0.0,48.8,17.2,-9.0,0.0,Cloudy,normal
2025-03-25 12:00:00,31.9,120.0,55.6,52.6,-12.4,0.0,Storm,peak_solar
2025-03-25 13:00:00,14.2,78.3,45.0,70.1,-6.4,0.0,Snow,normal
2025-03-25 14:00:00,22.6,23.4,45.0,70.5,-8.7,0.0,Cloudy,normal
2025-03-25 15:00:00,22.0,2.8,53.1,59.2,-10.6,0.0,Clear,normal
2025-03-25 16:00:00,13.1,1.2,58.8,41.3,-5.2,0.0,Clear,normal
2025-03-25 17:00:00,7.5,41.5,49.6,41.1,-6.1,0.0,Clear,normal
2025-03-25 18:00:00,0.0,25.6,51.5,30.8,-10.0,0.0,Clear,normal
2025-03-25 19:00:00,0.0,120.0,47.9,57.3,-3.2,0.0,Snow,normal
2025-03-25 20:00:00,0.0,1.3,50.9,37.5,-5.6,0.0,Cloudy,normal
2025-03-25 21:00:00,0.0,0.8,45.0,19.8,-7.1,0.0,Clear,normal
2025-03-25 22:00:00,0.0,70.9,45.0,29.3,-3.7,0.0,Cloudy,normal
2025-03-25 23:00:00,0.0,115.1,45.0,55.1,-7.1,0.0,Snow,normal
2025-03-26 00:00:00,0.0,120.0,46.6,82.1,-8.0,0.0,Storm,normal
2025-03-26 01:00:00,0.0,0.0,45.0,64.1,-9.8,0.0,Snow,normal
2025-03-26 02:00:00,0.0,120.0,45.0,91.7,-7.4,0.0,Storm,normal
2025-03-26 03:00:00,0.0,18.5,47.2,80.2,-8.0,0.0,Clear,normal
2025-03-26 04:00:00,0.0,1.8,45.0,62.9,-9.4,0.0,Cloudy,normal
2025-03-26 05:00:00,0.0,43.8,45.0,62.4,-11.5,0.0,Snow,normal
2025-03-26 06:00:00,0.0,39.9,45.0,60.4,-9.7,0.0,Clear,normal
2025-03-26 07:00:00,5.3,2.0,45.0,45.3,-10.3,0.0,Cloudy,normal
2025-03-26 08:00:00,11.1,0.0,58.1,26.6,-13.1,0.0,Cloudy,normal
2025-03-26 09:00:00,20.3,120.0,54.1,58.3,-13.4,0.0,Storm,normal
2025-03-26 10:00:00,10.9,0.5,49.3,43.1,-8.8,0.0,Snow,normal
2025-03-26 11:00:00,24.3,0.2,57.0,30.1,-15.5,0.0,Cloudy,normal
2025-03-26 12:00:00,34.0,0.8,53.5,22.6,-9.0,0.0,Clear,normal
2025-03-26 13:00:00,21.3,104.1,56.7,47.9,-10.1,0.0,Cloudy,normal
2025-03-26 14:00:00,12.3,3.4,58.1,30.9,-5.8,0.0,Snow,normal
2025-03-26 15:00:00,16.6,0.9,60.1,15.0,-9.4,0.0,Cloudy,storm
2025-03-26 16:00:00,10.0,36.5,49.0,15.0,-6.5,0.0,Cloudy,storm
2025-03-26 17:00:00,5.5,24.4,48.6,15.0,-8.5,0.0,Clear,storm
2025-03-26 18:00:00,0.0,1.0,47.7,15.0,-7.2,0.0,Snow,storm
2025-03-26 19:00:00,0.0,0.0,45.0,15.0,-5.6,0.0,Cloudy,storm
2025-03-26 20:00:00,0.0,98.7,51.7,32.3,-8.2,0.0,Clear,normal
2025-03-26 21:00:00,0.0,25.8,45.0,24.6,-5.1,0.0,Cloudy,normal
2025-03-26 22:00:00,0.0,0.0,45.0,15.0,-9.6,0.0,Clear,storm
2025-03-26 23:00:00,0.0,120.0,45.0,42.6,-7.0,0.0,Storm,normal
2025-03-27 00:00:00,0.0,0.0,45.0,24.6,-6.1,0.0,Cloudy,normal
2025-03-27 01:00:00,0.0,0.3,45.0,15.0,-7.1,0.0,Clear,storm
2025-03-27 02:00:00,0.0,0.4,45.0,15.0,-4.7,0.0,Snow,storm
2025-03-27 03:00:00,0.0,1.2,49.5,15.0,-11.0,0.0,Cloudy,storm
2025-03-27 04:00:00,0.0,1.0,52.5,15.0,-12.7,0.0,Clear,storm
2025-03-27 05:00:00,0.0,0.0,45.3,15.0,-12.1,0.0,Cloudy,storm
2025-03-27 06:00:00,0.0,19.8,45.0,15.0,-8.7,0.0,Clear,storm
2025-03-27 07:00:00,5.1,120.0,45.0,44.5,-9.3,0.0,Clear,normal
2025-03-27 08:00:00,12.8,19.0,54.3,35.5,-10.2,0.0,Clear,normal
2025-03-27 09:00:00,12.4,30.5,59.4,28.9,-12.8,0.0,Snow,normal
2025-03-27 10:00:00,9.9,3.8,52.2,15.0,-8.5,0.0,Snow,storm
2025-03-27 11:00:00,12.4,16.9,50.3,15.0,-12.7,0.0,Snow,storm
2025-03-27 12:00:00,14.6,37.4,54.4,15.0,-7.1,0.0,Snow,storm
2025-03-27 13:00:00,32.2,80.9,45.8,39.8,-3.0,0.0,Clear,peak_solar
2025-03-27 14:00:00,29.8,0.6,50.3,31.8,-8.1,0.0,Clear,normal
2025-03-27 15:00:00,20.2,0.3,51.9,19.2,-7.2,0.0,Clear,normal
2025-03-27 16:00:00,9.9,0.0,56.4,15.0,-9.2,0.0,Cloudy,storm
2025-03-27 17:00:00,2.4,120.0,50.2,41.6,-11.8,0.0,Storm,normal
2025-03-27 18:00:00,0.0,120.0,46.5,68.6,-8.9,0.0,Storm,normal
2025-03-27 19:00:00,0.0,9.6,52.7,51.4,-9.9,0.0,Cloudy,normal
2025-03-27 20:00:00,0.0,11.6,53.5,34.6,-10.6,0.0,Snow,normal
2025-03-27 21:00:00,0.0,120.0,45.0,62.2,-3.7,0.0,Storm,normal
2025-03-27 22:00:00,0.0,0.0,47.1,43.4,-7.0,0.0,Clear,normal
2025-03-27 23:00:00,0.0,0.1,45.0,25.4,-7.0,0.0,Clear,normal
2025-03-28 00:00:00,0.0,120.0,45.3,52.9,-9.0,0.0,Storm,normal
2025-03-28 01:00:00,0.0,3.7,45.9,36.0,-9.1,0.0,Snow,normal
2025-03-28 02:00:00,0.0,0.0,45.0,18.0,-7.0,0.0,Clear,normal
2025-03-28 03:00:00,0.0,44.2,45.0,17.7,-9.6,0.0,Cloudy,normal
2025-03-28 04:00:00,0.0,0.7,45.8,15.0,-8.7,0.0,Cloudy,storm
2025-03-28 05:00:00,0.0,120.0,45.0,42.6,-10.6,0.0,Storm,normal
2025-03-28 06:00:00,0.0,16.8,48.4,30.0,-11.1,0.0,Clear,normal
2025-03-28 07:00:00,5.2,0.8,45.0,15.0,-13.6,0.0,Clear,storm
2025-03-28 08:00:00,16.2,1.1,58.1,15.0,-14.9,0.0,Clear,storm
2025-03-28 09:00:00,17.6,39.0,52.9,16.4,-11.1,0.0,Cloudy,normal
2025-03-28 10:00:00,19.8,6.0,61.8,15.0,-10.3,0.0,Cloudy,storm
2025-03-28 11:00:00,14.8,3.5,52.4,15.0,-13.0,0.0,Snow,storm
2025-03-28 12:00:00,34.0,90.3,49.0,42.7,-9.9,0.0,Clear,peak_solar
2025-03-28 13:00:00,28.6,120.0,58.3,75.9,-9.4,0.0,Storm,peak_solar
2025-03-28 14:00:00,19.6,63.6,60.2,84.4,-13.8,0.0,Cloudy,normal
2025-03-28 15:00:00,15.2,0.4,54.6,68.8,-10.7,0.0,Cloudy,normal
2025-03-28 16:00:00,6.9,0.0,48.3,52.2,-7.4,0.0,Snow,normal
2025-03-28 17:00:00,3.1,78.3,45.4,65.5,-7.2,0.0,Cloudy,normal
2025-03-28 18:00:00,0.0,63.2,51.4,69.8,-10.3,0.0,Cloudy,normal
2025-03-28 19:00:00,0.0,2.6,48.0,51.6,-7.3,0.0,Clear,normal
2025-03-28 20:00:00,0.0,6.4,45.3,36.1,-5.3,0.0,Snow,normal
2025-03-28 21:00:00,0.0,0.6,45.0,18.3,-5.9,0.0,Snow,normal
2025-03-28 22:00:00,0.0,0.0,45.0,15.0,-8.0,0.0,Cloudy,storm
2025-03-28 23:00:00,0.0,0.9,47.8,15.0,-9.1,0.0,Cloudy,storm
2025-03-29 00:00:00,0.0,0.0,45.0,15.0,-9.9,0.0,Snow,storm
2025-03-29 01:00:00,0.0,120.0,45.0,42.6,-7.9,0.0,Storm,normal
2025-03-29 02:00:00,0.0,0.0,45.0,24.6,-8.9,0.0,Cloudy,normal
2025-03-29 03:00:00,0.0,10.7,45.0,15.0,-8.3,0.0,Cloudy,storm
2025-03-29 04:00:00,0.0,0.0,47.3,15.0,-9.8,0.0,Snow,storm
2025-03-29 05:00:00,0.0,59.0,45.2,20.1,-8.6,0.0,Cloudy,normal
2025-03-29 06:00:00,0.0,117.4,45.6,46.5,-10.4,0.0,Cloudy,normal
2025-03-29 07:00:00,4.3,14.4,48.2,34.7,-9.0,0.0,Clear,normal
2025-03-29 08:00:00,8.2,8.8,45.0,23.5,-8.9,0.0,Cloudy,normal
2025-03-29 09:00:00,9.2,0.6,64.1,15.0,-12.5,0.0,Snow,storm
2025-03-29 10:00:00,13.3,120.0,62.1,41.2,-14.6,0.0,Snow,normal
2025-03-29 11:00:00,18.6,0.0,56.8,25.9,-7.0,0.0,Cloudy,normal
2025-03-29 12:00:00,23.9,2.0,48.9,16.8,-9.5,0.0,Cloudy,normal
2025-03-29 13:00:00,14.1,0.3,56.6,15.0,-13.5,0.0,Snow,storm
2025-03-29 14:00:00,21.6,0.2,55.0,15.0,-10.9,0.0,Cloudy,storm
2025-03-29 15:00:00,23.2,120.0,48.6,49.8,-7.2,0.0,Clear,normal
2025-03-29 16:00:00,6.4,7.1,52.8,34.1,-9.2,0.0,Snow,normal
2025-03-29 17:00:00,3.7,0.6,53.3,15.0,-9.4,0.0,Cloudy,storm
2025-03-29 18:00:00,0.0,29.8,45.0,15.0,-4.9,0.0,Cloudy,storm
2025-03-29 19:00:00,0.0,23.4,56.0,15.0,-10.1,0.0,Clear,storm
2025-03-29 20:00:00,0.0,112.6,55.0,36.2,-9.5,0.0,Cloudy,normal
2025-03-29 21:00:00,0.0,39.7,45.0,34.0,-7.4,0.0,Cloudy,normal
2025-03-29 22:00:00,0.0,8.4,45.0,19.4,-7.1,0.0,Cloudy,normal
2025-03-29 23:00:00,0.0,10.5,45.0,15.0,-7.1,0.0,Clear,storm
2025-03-30 00:00:00,0.0,0.0,45.0,15.0,-6.7,0.0,Cloudy,storm
2025-03-30 01:00:00,0.0,35.8,45.0,15.0,-8.7,0.0,Clear,storm
2025-03-30 02:00:00,0.0,0.1,45.0,15.0,-8.4,0.0,Cloudy,storm
2025-03-30 03:00:00,0.0,22.5,51.4,15.0,-10.4,0.0,Clear,storm
2025-03-30 04:00:00,0.0,120.0,45.0,42.6,-10.1,0.0,Storm,normal
2025-03-30 05:00:00,0.0,14.6,45.0,30.4,-10.3,0.0,Cloudy,normal
2025-03-30 06:00:00,0.0,3.1,45.4,15.0,-10.3,0.0,Cloudy,storm
2025-03-30 07:00:00,2.5,2.9,45.0,15.0,-9.2,0.0,Cloudy,storm
2025-03-30 08:00:00,8.4,32.1,49.3,15.0,-9.8,0.0,Cloudy,storm
2025-03-30 09:00:00,12.0,19.1,47.2,15.0,-10.8,0.0,Snow,storm
2025-03-30 10:00:00,18.0,67.4,56.4,25.7,-12.6,0.0,Cloudy,normal
2025-03-30 11:00:00,15.9,0.8,57.1,15.0,-10.4,0.0,Snow,storm
2025-03-30 12:00:00,25.8,5.9,51.6,15.0,-10.3,0.0,Cloudy,storm
2025-03-30 13:00:00,30.1,99.7,57.5,41.6,-9.5,0.0,Clear,peak_solar
2025-03-30 14:00:00,11.5,119.6,45.0,73.3,-4.6,0.0,Snow,normal
2025-03-30 15:00:00,12.9,120.0,51.4,95.0,-10.3,0.0,Cloudy,normal
2025-03-30 16:00:00,7.0,76.9,54.4,95.0,-7.8,0.0,Snow,normal
2025-03-30 17:00:00,2.6,83.2,52.0,95.0,-6.1,0.0,Cloudy,normal
2025-03-30 18:00:00,0.0,22.4,52.8,82.8,-8.0,0.0,Clear,normal
2025-03-30 19:00:00,0.0,0.0,50.3,62.7,-2.9,0.0,Clear,normal
2025-03-30 20:00:00,0.0,0.0,51.6,42.1,-8.8,0.0,Snow,normal
2025-03-30 21:00:00,0.0,13.8,45.0,29.6,-7.3,0.0,Snow,normal
2025-03-30 22:00:00,0.0,15.8,45.0,17.9,-9.9,0.0,Clear,normal
2025-03-30 23:00:00,0.0,0.2,51.9,15.0,-9.2,0.0,Snow,storm
2025-03-31 00:00:00,0.0,0.3,45.0,15.0,-8.4,0.0,Cloudy,storm
2025-03-31 01:00:00,0.0,8.5,45.0,15.0,-7.4,0.0,Clear,storm
2025-03-31 02:00:00,0.0,120.0,45.0,42.6,-9.0,0.0,Storm,normal
2025-03-31 03:00:00,0.0,0.0,45.0,24.6,-7.3,0.0,Cloudy,normal
2025-03-31 04:00:00,0.0,2.5,48.2,15.0,-10.6,0.0,Cloudy,storm
2025-03-31 05:00:00,0.0,115.5,45.0,41.0,-11.5,0.0,Cloudy,normal
2025-03-31 06:00:00,0.0,73.8,47.1,50.8,-5.0,0.0,Clear,normal
2025-03-31 07:00:00,2.8,28.3,51.7,42.6,-10.3,0.0,Clear,normal
2025-03-31 08:00:00,9.1,0.0,60.8,21.8,-12.8,0.0,Cloudy,normal
2025-03-31 09:00:00,18.4,4.9,56.3,15.0,-12.7,0.0,Clear,storm
2025-03-31 10:00:00,11.5,120.0,61.1,40.9,-13.1,0.0,Storm,normal
2025-03-31 11:00:00,21.2,0.2,52.8,28.4,-8.7,0.0,Cloudy,normal
2025-03-31 12:00:00,17.0,0.2,55.2,15.0,-11.2,0.0,Snow,storm
2025-03-31 13:00:00,30.3,120.0,55.6,49.9,-9.8,0.0,Storm,peak_solar
2025-03-31 14:00:00,25.9,8.4,55.0,41.6,-9.8,0.0,Clear,normal
2025-03-31 15:00:00,17.6,0.0,54.8,26.8,-7.7,0.0,Clear,normal
2025-03-31 16:00:00,4.8,0.0,45.2,15.0,-10.8,0.0,Snow,storm
2025-03-31 17:00:00,2.2,1.0,53.6,15.0,-11.0,0.0,Cloudy,storm
2025-03-31 18:00:00,0.0,24.6,46.0,15.0,-7.9,0.0,Snow,storm
2025-03-31 19:00:00,0.0,5.6,53.6,15.0,-6.9,0.0,Clear,storm
2025-03-31 20:00:00,0.0,0.1,46.8,15.0,-7.5,0.0,Cloudy,storm
2025-03-31 21:00:00,0.0,6.0,45.0,15.0,-10.0,0.0,Snow,storm
2025-03-31 22:00:00,0.0,0.2,45.6,15.0,-6.9,0.0,Clear,storm
2025-03-31 23:00:00,0.0,120.0,50.5,40.6,-10.3,0.0,Storm,normal
2025-04-01 00:00:00,0.0,0.0,48.8,21.0,-10.3,0.0,Clear,normal
2025-04-01 01:00:00,0.0,1.9,49.6,15.0,-11.6,0.0,Cloudy,storm
2025-04-01 02:00:00,0.0,0.9,45.0,15.0,-7.0,0.0,Clear,storm
2025-04-01 03:00:00,0.0,1.0,45.0,15.0,-8.9,0.0,Snow,storm
2025-04-01 04:00:00,0.0,0.0,45.0,15.0,-9.3,0.0,Clear,storm
2025-04-01 05:00:00,0.0,120.0,45.0,42.6,-8.2,0.0,Storm,normal
2025-04-01 06:00:00,0.0,120.0,45.0,70.2,-5.0,0.0,Storm,normal
2025-04-01 07:00:00,2.4,35.0,54.1,63.5,-15.1,0.0,Clear,normal
2025-04-01 08:00:00,11.5,27.4,60.0,55.1,-13.0,0.0,Clear,normal
2025-04-01 09:00:00,15.3,0.0,48.3,41.9,-12.7,0.0,Cloudy,normal
2025-04-01 10:00:00,16.8,120.0,56.0,71.6,-13.1,0.0,Storm,normal
2025-04-01 11:00:00,17.8,0.2,55.2,56.7,-13.3,0.0,Snow,normal
2025-04-01 12:00:00,27.5,0.0,45.0,49.7,-11.3,0.0,Cloudy,normal
2025-04-01 13:00:00,21.4,55.4,59.3,56.1,-13.0,0.0,Cloudy,normal
2025-04-01 14:00:00,22.9,120.0,55.3,88.4,-9.1,0.0,Clear,normal
2025-04-01 15:00:00,18.2,120.0,50.0,95.0,-9.4,0.0,Storm,normal
2025-04-01 16:00:00,12.9,2.0,49.9,81.0,-8.1,0.0,Clear,normal
2025-04-01 17:00:00,2.3,1.1,51.3,61.9,-7.7,0.0,Clear,normal
2025-04-01 18:00:00,0.0,21.7,52.0,49.8,-7.3,0.0,Cloudy,normal
2025-04-01 19:00:00,0.0,5.8,49.7,32.2,-9.3,0.0,Cloudy,normal
2025-04-01 20:00:00,0.0,58.3,45.0,37.1,-3.7,0.0,Snow,normal
2025-04-01 21:00:00,0.0,22.4,45.0,28.1,-7.9,0.0,Snow,normal
2025-04-01 22:00:00,0.0,0.1,53.7,15.0,-12.7,0.0,Cloudy,storm
2025-04-01 23:00:00,0.0,120.0,50.9,40.4,-11.0,0.0,Storm,normal
2025-04-02 00:00:00,0.0,60.2,45.0,46.0,-13.2,0.0,Cloudy,normal
2025-04-02 01:00:00,0.0,120.0,45.0,73.6,-9.7,0.0,Snow,normal
2025-04-02 02:00:00,0.0,0.1,45.0,55.7,-10.4,0.0,Snow,normal
2025-04-02 03:00:00,0.0,56.0,45.0,59.8,-11.5,0.0,Clear,normal
2025-04-02 04:00:00,0.0,106.2,49.2,80.7,-6.4,0.0,Cloudy,normal
2025-04-02 05:00:00,0.0,20.2,45.0,70.8,-9.9,0.0,Snow,normal
2025-04-02 06:00:00,0.0,0.0,47.8,51.7,-9.8,0.0,Clear,normal
2025-04-02 07:00:00,1.2,15.2,47.2,39.4,-13.6,0.0,Cloudy,normal
2025-04-02 08:00:00,8.4,84.2,55.9,52.8,-13.8,0.0,Cloudy,normal
2025-04-02 09:00:00,7.6,120.0,53.3,80.1,-11.5,0.0,Snow,normal
2025-04-02 10:00:00,9.9,0.0,55.5,61.9,-11.0,0.0,Snow,normal
2025-04-02 11:00:00,25.5,19.1,57.5,56.8,-15.2,0.0,Cloudy,normal
2025-04-02 12:00:00,38.1,0.0,57.2,49.1,-11.2,0.0,Clear,normal
2025-04-02 13:00:00,18.0,86.9,58.0,66.4,-10.4,0.0,Cloudy,normal
2025-04-02 14:00:00,30.7,120.0,51.1,95.0,-10.6,0.0,Clear,peak_solar
2025-04-02 15:00:00,23.4,0.1,55.3,82.2,-11.5,0.0,Clear,normal
2025-04-02 16:00:00,8.8,0.0,47.0,67.0,-10.5,0.0,Cloudy,normal
2025-04-02 17:00:00,1.8,0.9,50.3,47.9,-9.4,0.0,Clear,normal
2025-04-02 18:00:00,0.0,6.8,51.7,30.0,-8.6,0.0,Clear,normal
2025-04-02 19:00:00,0.0,0.4,49.5,15.0,-7.3,0.0,Cloudy,storm
2025-04-02 20:00:00,0.0,107.2,48.8,36.5,-6.2,0.0,Clear,normal
2025-04-02 21:00:00,0.0,120.0,46.4,63.6,-9.3,0.0,Cloudy,normal
2025-04-02 22:00:00,0.0,16.9,47.7,51.3,-9.8,0.0,Clear,normal
2025-04-02 23:00:00,0.0,0.5,45.0,33.5,-8.1,0.0,Snow,normal
2025-04-03 00:00:00,0.0,6.0,45.0,17.9,-8.2,0.0,Snow,normal
2025-04-03 01:00:00,0.0,17.2,45.0,15.0,-10.9,0.0,Clear,storm
2025-04-03 02:00:00,0.0,5.2,45.0,15.0,-8.5,0.0,Cloudy,storm
2025-04-03 03:00:00,0.0,9.3,49.1,15.0,-8.5,0.0,Cloudy,storm
2025-04-03 04:00:00,0.0,120.0,45.0,42.6,-8.2,0.0,Clear,normal
2025-04-03 05:00:00,0.0,0.3,45.0,24.7,-7.4,0.0,Clear,normal
2025-04-03 06:00:00,0.0,120.0,54.3,48.9,-13.5,0.0,Storm,normal
2025-04-03 07:00:00,0.4,18.8,47.0,37.8,-11.7,0.0,Snow,normal
2025-04-03 08:00:00,10.6,4.2,51.0,23.3,-11.8,0.0,Clear,normal
2025-04-03 09:00:00,20.2,0.3,54.1,15.0,-12.0,0.0,Clear,storm
2025-04-03 10:00:00,29.7,0.5,63.1,15.0,-13.0,0.0,Clear,storm
2025-04-03 11:00:00,30.0,12.8,62.3,15.0,-14.6,0.0,Clear,storm
2025-04-03 12:00:00,27.2,18.4,51.7,15.0,-10.8,0.0,Cloudy,storm
2025-04-03 13:00:00,34.5,3.6,61.5,15.0,-12.4,0.0,Clear,storm
2025-04-03 14:00:00,9.7,0.0,55.6,15.0,-10.1,0.0,Snow,storm
2025-04-03 15:00:00,19.9,12.8,45.0,15.0,-11.6,0.0,Clear,storm
2025-04-03 16:00:00,8.5,0.6,54.6,15.0,-12.0,0.0,Cloudy,storm
2025-04-03 17:00:00,1.0,0.0,59.0,15.0,-8.7,0.0,Clear,storm
2025-04-03 18:00:00,0.0,66.4,51.1,20.6,-8.7,0.0,Clear,normal
2025-04-03 19:00:00,0.0,0.0,56.7,15.0,-7.6,0.0,Clear,storm
2025-04-03 20:00:00,0.0,3.0,45.0,15.0,-4.0,0.0,Snow,storm
2025-04-03 21:00:00,0.0,8.4,45.0,15.0,-8.2,0.0,Clear,storm
2025-04-03 22:00:00,0.0,120.0,47.4,41.7,-7.9,0.0,Storm,normal
2025-04-03 23:00:00,0.0,0.0,50.0,21.7,-11.6,0.0,Cloudy,normal
2025-04-04 00:00:00,0.0,87.2,47.5,36.3,-12.6,0.0,Snow,normal
2025-04-04 01:00:00,0.0,120.0,45.1,63.9,-6.6,0.0,Snow,normal
2025-04-04 02:00:00,0.0,120.0,45.1,91.4,-12.5,0.0,Storm,normal
2025-04-04 03:00:00,0.0,120.0,45.0,95.0,-13.2,0.0,Clear,normal
2025-04-04 04:00:00,0.0,9.6,47.8,79.7,-11.3,0.0,Cloudy,normal
2025-04-04 05:00:00,0.0,97.0,45.6,95.0,-11.7,0.0,Cloudy,normal
2025-04-04 06:00:00,0.0,120.0,50.5,95.0,-13.8,0.0,Storm,normal
2025-04-04 07:00:00,0.1,0.0,48.4,75.7,-12.6,0.0,Clear,normal
2025-04-04 08:00:00,7.8,0.0,51.0,58.4,-9.3,0.0,Cloudy,normal
2025-04-04 09:00:00,19.2,25.0,64.2,50.4,-13.7,0.0,Clear,normal
2025-04-04 10:00:00,20.5,120.0,53.8,82.3,-14.9,0.0,Cloudy,normal
2025-04-04 11:00:00,19.4,61.7,53.1,92.6,-9.5,0.0,Cloudy,normal
2025-04-04 12:00:00,20.4,32.1,52.8,92.5,-10.2,0.0,Cloudy,normal
2025-04-04 13:00:00,25.8,120.0,56.4,95.0,-12.2,0.0,Storm,peak_solar
2025-04-04 14:00:00,11.1,3.7,57.2,78.0,-14.0,0.0,Snow,normal
2025-04-04 15:00:00,14.0,0.4,59.0,60.2,-11.7,0.0,Cloudy,normal
2025-04-04 16:00:00,6.5,1.6,54.2,41.8,-9.9,0.0,Cloudy,normal
2025-04-04 17:00:00,0.1,26.6,47.3,33.5,-6.9,0.0,Clear,normal
2025-04-04 18:00:00,0.0,8.5,50.4,16.8,-11.5,0.0,Clear,normal
2025-04-04 19:00:00,0.0,120.0,49.1,42.8,-9.2,0.0,Cloudy,normal
2025-04-04 20:00:00,0.0,0.6,47.2,24.2,-7.5,0.0,Snow,normal
2025-04-04 21:00:00,0.0,37.6,52.0,18.4,-14.3,0.0,Cloudy,normal
2025-04-04 22:00:00,0.0,97.7,45.0,37.8,-6.9,0.0,Cloudy,normal
2025-04-04 23:00:00,0.0,120.0,48.6,64.1,-12.0,0.0,Storm,normal
2025-04-05 00:00:00,0.0,0.0,45.0,46.1,-9.2,0.0,Cloudy,normal
2025-04-05 01:00:00,0.0,1.4,45.0,28.7,-9.8,0.0,Snow,normal
2025-04-05 02:00:00,0.0,6.7,45.2,15.0,-8.3,0.0,Clear,storm
2025-04-05 03:00:00,0.0,0.0,49.1,15.0,-9.9,0.0,Cloudy,storm
2025-04-05 04:00:00,0.0,31.9,45.8,15.0,-16.7,0.0,Snow,storm
2025-04-05 05:00:00,0.0,30.5,54.8,15.0,-13.5,0.0,Clear,storm
2025-04-05 06:00:00,0.0,23.9,52.5,15.0,-11.7,0.0,Snow,storm
2025-04-05 07:00:00,0.0,5.4,51.7,15.0,-12.6,0.0,Cloudy,storm
2025-04-05 08:00:00,8.5,120.0,59.2,40.5,-11.1,0.0,Storm,normal
2025-04-05 09:00:00,17.3,1.6,51.9,27.3,-10.4,0.0,Clear,normal
2025-04-05 10:00:00,22.7,120.0,50.5,61.3,-10.7,0.0,Clear,normal
2025-04-05 11:00:00,30.7,1.5,55.5,51.9,-12.2,0.0,Clear,normal
2025-04-05 12:00:00,22.6,0.0,59.7,37.1,-15.5,0.0,Cloudy,normal
2025-04-05 13:00:00,32.7,10.2,52.6,33.1,-12.1,0.0,Clear,normal
2025-04-05 14:00:00,23.1,17.9,55.2,27.5,-9.8,0.0,Clear,normal
2025-04-05 15:00:00,20.4,39.9,61.3,27.1,-12.7,0.0,Clear,normal
2025-04-05 16:00:00,10.4,0.0,55.2,15.0,-8.6,0.0,Clear,storm
2025-04-05 17:00:00,0.0,3.5,50.8,15.0,-7.6,0.0,Cloudy,storm
2025-04-05 18:00:00,0.0,120.0,45.0,42.6,-9.1,0.0,Storm,normal
2025-04-05 19:00:00,0.0,1.0,52.9,21.9,-16.0,0.0,Snow,normal
2025-04-05 20:00:00,0.0,120.0,54.6,45.9,-12.0,0.0,Cloudy,normal
2025-04-05 21:00:00,0.0,0.0,45.0,27.9,-5.1,0.0,Storm,normal
2025-04-05 22:00:00,0.0,120.0,45.0,55.5,-10.6,0.0,Storm,normal
2025-04-05 23:00:00,0.0,0.0,49.4,35.8,-14.0,0.0,Cloudy,normal
2025-04-06 00:00:00,0.0,105.8,45.2,58.1,-7.4,0.0,Clear,normal
2025-04-06 01:00:00,0.0,120.0,45.2,85.6,-10.5,0.0,Cloudy,normal
2025-04-06 02:00:00,0.0,71.1,45.0,95.0,-8.5,0.0,Cloudy,normal
2025-04-06 03:00:00,0.0,0.0,45.0,77.0,-10.7,0.0,Cloudy,normal
2025-04-06 04:00:00,0.0,23.8,48.7,67.0,-10.6,0.0,Snow,normal
2025-04-06 05:00:00,0.0,23.3,45.0,58.4,-11.2,0.0,Cloudy,normal
2025-04-06 06:00:00,0.0,0.0,52.3,37.4,-10.7,0.0,Snow,normal
2025-04-06 07:00:00,0.0,4.5,45.0,21.2,-7.3,0.0,Cloudy,normal
2025-04-06 08:00:00,7.1,27.0,54.8,15.0,-10.3,0.0,Cloudy,storm
2025-04-06 09:00:00,12.0,9.4,62.1,15.0,-15.8,0.0,Cloudy,storm
2025-04-06 10:00:00,19.8,84.8,52.7,34.0,-11.2,0.0,Cloudy,normal
2025-04-06 11:00:00,22.0,4.0,54.3,22.8,-9.4,0.0,Cloudy,normal
2025-04-06 12:00:00,20.4,17.5,49.4,18.2,-9.0,0.0,Cloudy,normal
2025-04-06 13:00:00,19.0,120.0,52.0,50.2,-12.2,0.0,Cloudy,normal
2025-04-06 14:00:00,21.9,120.0,47.6,84.8,-8.3,0.0,Storm,normal
2025-04-06 15:00:00,19.0,0.0,49.5,72.6,-8.5,0.0,Clear,normal
2025-04-06 16:00:00,10.0,77.2,55.7,84.2,-4.5,0.0,Clear,normal
2025-04-06 17:00:00,0.0,2.0,50.9,64.7,-11.5,0.0,Cloudy,normal
2025-04-06 18:00:00,0.0,41.9,56.2,59.0,-10.7,0.0,Snow,normal
2025-04-06 19:00:00,0.0,0.0,52.2,38.1,-10.1,0.0,Clear,normal
2025-04-06 20:00:00,0.0,120.0,49.0,64.2,-10.5,0.0,Storm,normal
2025-04-06 21:00:00,0.0,0.3,49.6,44.5,-11.4,0.0,Cloudy,normal
2025-04-06 22:00:00,0.0,120.0,48.7,70.8,-15.7,0.0,Cloudy,normal
2025-04-06 23:00:00,0.0,0.0,45.0,52.8,-10.8,0.0,Cloudy,normal
2025-04-07 00:00:00,0.0,0.0,48.8,33.2,-9.5,0.0,Snow,normal
2025-04-07 01:00:00,0.0,6.2,45.8,17.4,-11.8,0.0,Clear,normal
2025-04-07 02:00:00,0.0,25.0,45.0,15.0,-6.8,0.0,Snow,storm
2025-04-07 03:00:00,0.0,120.0,46.4,42.1,-11.5,0.0,Storm,normal
2025-04-07 04:00:00,0.0,23.3,45.0,33.4,-9.0,0.0,Clear,normal
2025-04-07 05:00:00,0.0,0.0,45.0,15.4,-11.6,0.0,Cloudy,normal
2025-04-07 06:00:00,0.0,107.2,49.0,36.8,-10.6,0.0,Clear,normal
2025-04-07 07:00:00,0.0,120.0,47.8,63.4,-11.9,0.0,Storm,normal
2025-04-07 08:00:00,5.6,0.2,55.9,43.4,-9.6,0.0,Cloudy,normal
2025-04-07 09:00:00,19.6,120.0,55.9,74.2,-12.4,0.0,Clear,normal
2025-04-07 10:00:00,15.8,120.0,58.5,95.0,-11.3,0.0,Storm,normal
2025-04-07 11:00:00,33.6,113.3,55.0,95.0,-11.4,0.0,Clear,peak_solar
2025-04-07 12:00:00,25.3,0.8,61.0,81.0,-12.5,0.0,Cloudy,normal
2025-04-07 13:00:00,22.2,25.6,50.0,80.2,-10.6,0.0,Cloudy,normal
2025-04-07 14:00:00,17.3,42.5,46.0,85.2,-6.2,0.0,Cloudy,normal
2025-04-07 15:00:00,10.0,120.0,61.4,95.0,-11.3,0.0,Storm,normal
2025-04-07 16:00:00,5.5,1.2,55.7,75.4,-9.4,0.0,Cloudy,normal
2025-04-07 17:00:00,0.0,120.0,57.8,95.0,-7.3,0.0,Cloudy,normal
2025-04-07 18:00:00,0.0,8.5,52.8,77.3,-7.3,0.0,Cloudy,normal
2025-04-07 19:00:00,0.0,3.7,51.5,58.2,-9.6,0.0,Snow,normal
2025-04-07 20:00:00,0.0,16.0,65.3,38.4,-14.8,0.0,Cloudy,normal
2025-04-07 21:00:00,0.0,0.0,45.0,20.4,-8.5,0.0,Cloudy,normal
2025-04-07 22:00:00,0.0,0.0,52.9,15.0,-14.7,0.0,Cloudy,storm
2025-04-07 23:00:00,0.0,0.0,45.0,15.0,-6.8,0.0,Cloudy,storm
2025-04-08 00:00:00,0.0,48.4,51.2,15.0,-10.2,0.0,Clear,storm
2025-04-08 01:00:00,0.0,5.8,45.0,15.0,-8.7,0.0,Clear,storm
2025-04-08 02:00:00,0.0,0.8,47.1,15.0,-13.3,0.0,Snow,storm
2025-04-08 03:00:00,0.0,12.2,46.2,15.0,-15.1,0.0,Clear,storm
2025-04-08 04:00:00,0.0,120.0,48.9,41.2,-11.5,0.0,Cloudy,normal
2025-04-08 05:00:00,0.0,10.4,46.7,26.7,-12.4,0.0,Cloudy,normal
2025-04-08 06:00:00,0.0,0.0,54.2,15.0,-13.7,0.0,Cloudy,storm
2025-04-08 07:00:00,0.0,120.0,45.0,42.6,-12.6,0.0,Storm,normal
2025-04-08 08:00:00,6.9,14.4,45.0,33.1,-6.7,0.0,Clear,normal
2025-04-08 09:00:00,15.9,120.0,52.0,64.0,-10.9,0.0,Storm,normal
2025-04-08 10:00:00,24.2,117.7,59.8,94.2,-10.3,0.0,Clear,peak_solar
2025-04-08 11:00:00,14.5,2.8,57.7,78.0,-10.5,0.0,Snow,normal
2025-04-08 12:00:00,18.4,120.0,56.4,95.0,-8.8,0.0,Storm,normal
2025-04-08 13:00:00,17.3,1.3,52.9,81.3,-12.1,0.0,Snow,normal
2025-04-08 14:00:00,12.4,46.4,53.5,83.2,-15.8,0.0,Snow,normal
2025-04-08 15:00:00,12.3,32.1,60.0,77.0,-11.3,0.0,Cloudy,normal
2025-04-08 16:00:00,7.2,41.2,46.3,77.7,-8.8,0.0,Clear,normal
2025-04-08 17:00:00,0.0,120.0,55.4,95.0,-12.4,0.0,Storm,normal
2025-04-08 18:00:00,0.0,15.6,50.7,80.9,-10.4,0.0,Cloudy,normal
2025-04-08 19:00:00,0.0,26.9,54.7,69.8,-11.4,0.0,Clear,normal
2025-04-08 20:00:00,0.0,31.0,45.0,64.2,-6.5,0.0,Clear,normal
2025-04-08 21:00:00,0.0,120.0,46.6,91.2,-8.2,0.0,Storm,normal
2025-04-08 22:00:00,0.0,120.0,49.1,95.0,-8.6,0.0,Storm,normal
2025-04-08 23:00:00,0.0,0.0,48.1,75.8,-8.9,0.0,Snow,normal
2025-04-09 00:00:00,0.0,1.6,45.0,58.4,-10.8,0.0,Cloudy,normal
2025-04-09 01:00:00,0.0,19.6,47.4,47.3,-10.7,0.0,Cloudy,normal
2025-04-09 02:00:00,0.0,120.0,48.4,73.6,-14.1,0.0,Storm,normal
2025-04-09 03:00:00,0.0,120.0,51.7,95.0,-16.7,0.0,Storm,normal
2025-04-09 04:00:00,0.0,13.1,53.5,78.8,-11.9,0.0,Cloudy,normal
2025-04-09 05:00:00,0.0,1.4,45.2,61.3,-11.9,0.0,Snow,normal
2025-04-09 06:00:00,0.0,8.1,47.8,45.4,-10.1,0.0,Snow,normal
2025-04-09 07:00:00,0.0,21.8,45.0,36.1,-9.5,0.0,Cloudy,normal
2025-04-09 08:00:00,4.5,6.3,52.9,19.3,-9.6,0.0,Cloudy,normal
2025-04-09 09:00:00,17.9,120.0,61.9,47.3,-15.2,0.0,Storm,normal
2025-04-09 10:00:00,24.6,4.3,56.0,36.5,-13.6,0.0,Clear,normal
2025-04-09 11:00:00,22.4,0.2,57.0,22.8,-11.5,0.0,Cloudy,normal
2025-04-09 12:00:00,15.1,7.5,46.5,15.0,-6.7,0.0,Snow,storm
2025-04-09 13:00:00,9.3,37.4,49.7,15.0,-8.6,0.0,Snow,storm
2025-04-09 14:00:00,14.6,120.0,51.5,45.6,-9.0,0.0,Storm,normal
2025-04-09 15:00:00,19.4,0.1,52.8,32.3,-12.0,0.0,Clear,normal
2025-04-09 16:00:00,6.5,38.1,59.3,26.4,-12.7,0.0,Clear,normal
2025-04-09 17:00:00,0.0,41.4,56.1,20.5,-8.7,0.0,Clear,normal
2025-04-09 18:00:00,0.0,65.9,58.2,23.4,-12.6,0.0,Snow,normal
2025-04-09 19:00:00,0.0,4.3,45.0,15.0,-10.6,0.0,Cloudy,storm
2025-04-09 20:00:00,0.0,63.2,52.0,19.1,-10.3,0.0,Cloudy,normal
2025-04-09 21:00:00,0.0,112.6,45.0,44.0,-6.6,0.0,Snow,normal
2025-04-09 22:00:00,0.0,4.1,45.4,27.5,-11.0,0.0,Snow,normal
2025-04-09 23:00:00,0.0,27.3,49.9,18.4,-15.8,0.0,Cloudy,normal
2025-04-10 00:00:00,0.0,9.4,48.6,15.0,-9.9,0.0,Cloudy,storm
2025-04-10 01:00:00,0.0,0.6,51.8,15.0,-12.9,0.0,Clear,storm
2025-04-10 02:00:00,0.0,0.0,49.0,15.0,-11.6,0.0,Cloudy,storm
2025-04-10 03:00:00,0.0,1.4,45.0,15.0,-12.3,0.0,Clear,storm
2025-04-10 04:00:00,0.0,2.0,45.0,15.0,-13.1,0.0,Cloudy,storm
2025-04-10 05:00:00,0.0,0.0,47.6,15.0,-11.0,0.0,Snow,storm
2025-04-10 06:00:00,0.0,54.2,45.0,18.4,-16.4,0.0,Clear,normal
2025-04-10 07:00:00,0.0,120.0,55.9,42.0,-14.3,0.0,Clear,normal
2025-04-10 08:00:00,3.9,8.6,55.2,24.9,-11.7,0.0,Cloudy,normal
2025-04-10 09:00:00,15.5,13.9,54.7,15.0,-14.5,0.0,Clear,storm
2025-04-10 10:00:00,22.3,2.6,57.4,15.0,-16.5,0.0,Clear,storm
2025-04-10 11:00:00,12.3,11.6,59.1,15.0,-11.3,0.0,Snow,storm
2025-04-10 12:00:00,24.0,65.4,48.0,30.2,-10.0,0.0,Cloudy,peak_solar
2025-04-10 13:00:00,16.5,39.0,47.5,33.2,-12.2,0.0,Snow,normal
2025-04-10 14:00:00,23.8,11.4,55.0,25.2,-16.0,0.0,Clear,normal
2025-04-10 15:00:00,10.2,1.9,54.0,15.0,-9.8,0.0,Cloudy,storm
2025-04-10 16:00:00,5.2,110.1,64.0,33.8,-14.6,0.0,Clear,normal
2025-04-10 17:00:00,0.0,3.0,57.9,15.0,-10.0,0.0,Snow,storm
2025-04-10 18:00:00,0.0,0.0,53.6,15.0,-12.4,0.0,Clear,storm
2025-04-10 19:00:00,0.0,23.4,56.9,15.0,-12.8,0.0,Cloudy,storm
2025-04-10 20:00:00,0.0,0.0,55.6,15.0,-11.2,0.0,Clear,storm
2025-04-10 21:00:00,0.0,34.8,46.6,15.0,-10.7,0.0,Cloudy,storm
2025-04-10 22:00:00,0.0,42.5,45.0,15.0,-11.8,0.0,Cloudy,storm
2025-04-10 23:00:00,0.0,1.3,45.0,15.0,-9.4,0.0,Snow,storm
2025-04-11 00:00:00,0.0,2.6,50.3,15.0,-12.1,0.0,Snow,storm
2025-04-11 01:00:00,0.0,120.0,51.9,40.1,-9.4,0.0,Clear,normal
2025-04-11 02:00:00,0.0,120.0,47.9,66.6,-11.3,0.0,Storm,normal
2025-04-11 03:00:00,0.0,16.8,53.2,52.0,-13.8,0.0,Snow,normal
2025-04-11 04:00:00,0.0,0.0,53.1,30.8,-14.6,0.0,Cloudy,normal
2025-04-11 05:00:00,0.0,1.5,50.1,15.0,-16.6,0.0,Cloudy,storm
2025-04-11 06:00:00,0.0,44.2,45.0,15.0,-12.6,0.0,Clear,storm
2025-04-11 07:00:00,0.0,10.2,53.6,15.0,-14.1,0.0,Cloudy,storm
2025-04-11 08:00:00,3.0,36.9,69.0,15.0,-18.6,0.0,Cloudy,storm
2025-04-11 09:00:00,5.6,24.1,55.8,15.0,-14.5,0.0,Snow,storm
2025-04-11 10:00:00,20.6,25.8,63.0,15.0,-15.2,0.0,Cloudy,storm
2025-04-11 11:00:00,14.6,0.0,53.1,15.0,-9.5,0.0,Snow,storm
2025-04-11 12:00:00,29.2,2.6,53.9,15.0,-16.4,0.0,Clear,storm
2025-04-11 13:00:00,25.2,1.6,58.7,15.0,-15.5,0.0,Cloudy,storm
2025-04-11 14:00:00,25.5,1.5,50.2,15.0,-9.5,0.0,Clear,storm
2025-04-11 15:00:00,9.2,80.0,53.3,28.2,-8.5,0.0,Cloudy,normal
2025-04-11 16:00:00,2.6,0.0,57.4,15.0,-12.8,0.0,Snow,storm
2025-04-11 17:00:00,0.0,0.0,52.6,15.0,-12.2,0.0,Cloudy,storm
2025-04-11 18:00:00,0.0,1.4,47.1,15.0,-9.3,0.0,Clear,storm
2025-04-11 19:00:00,0.0,0.4,56.8,15.0,-15.6,0.0,Clear,storm
2025-04-11 20:00:00,0.0,17.2,63.7,15.0,-14.5,0.0,Snow,storm
2025-04-11 21:00:00,0.0,0.4,45.0,15.0,-11.1,0.0,Clear,storm
2025-04-11 22:00:00,0.0,6.0,45.1,15.0,-7.2,0.0,Clear,storm
2025-04-11 23:00:00,0.0,3.4,49.2,15.0,-11.8,0.0,Snow,storm
2025-04-12 00:00:00,0.0,120.0,45.0,42.6,-11.2,0.0,Storm,normal
2025-04-12 01:00:00,0.0,0.5,45.0,24.8,-9.2,0.0,Clear,normal
2025-04-12 02:00:00,0.0,70.1,45.0,34.0,-7.5,0.0,Cloudy,normal
2025-04-12 03:00:00,0.0,11.6,48.7,19.2,-13.8,0.0,Cloudy,normal
2025-04-12 04:00:00,0.0,120.0,45.9,46.4,-12.9,0.0,Clear,normal
2025-04-12 05:00:00,0.0,120.0,46.1,73.6,-9.2,0.0,Storm,normal
2025-04-12 06:00:00,0.0,11.0,58.3,54.7,-16.8,0.0,Cloudy,normal
2025-04-12 07:00:00,0.0,0.0,51.3,34.2,-11.3,0.0,Cloudy,normal
2025-04-12 08:00:00,4.1,0.0,59.4,15.0,-15.9,0.0,Clear,storm
2025-04-12 09:00:00,11.4,0.0,45.0,15.0,-13.3,0.0,Cloudy,storm
2025-04-12 10:00:00,18.9,2.7,56.0,15.0,-14.0,0.0,Cloudy,storm
2025-04-12 11:00:00,25.8,1.3,54.3,15.0,-15.3,0.0,Cloudy,storm
2025-04-12 12:00:00,23.0,28.0,57.2,15.0,-15.0,0.0,Cloudy,storm
2025-04-12 13:00:00,13.3,120.0,53.5,44.4,-11.9,0.0,Snow,normal
2025-04-12 14:00:00,23.4,0.0,51.6,33.1,-9.9,0.0,Clear,normal
2025-04-12 15:00:00,10.3,14.6,59.3,19.3,-12.0,0.0,Cloudy,normal
2025-04-12 16:00:00,2.7,0.6,53.3,15.0,-11.2,0.0,Cloudy,storm
2025-04-12 17:00:00,0.0,16.3,51.7,15.0,-9.8,0.0,Snow,storm
2025-04-12 18:00:00,0.0,2.7,57.9,15.0,-13.0,0.0,Clear,storm
2025-04-12 19:00:00,0.0,91.5,47.8,31.1,-9.0,0.0,Clear,normal
2025-04-12 20:00:00,0.0,0.0,50.4,15.0,-8.8,0.0,Cloudy,storm
2025-04-12 21:00:00,0.0,0.8,45.0,15.0,-4.9,0.0,Cloudy,storm
2025-04-12 22:00:00,0.0,8.7,49.2,15.0,-11.7,0.0,Snow,storm
2025-04-12 23:00:00,0.0,4.2,48.0,15.0,-12.1,0.0,Clear,storm
2025-04-13 00:00:00,0.0,8.7,53.2,15.0,-9.9,0.0,Cloudy,storm
2025-04-13 01:00:00,0.0,0.0,45.0,15.0,-10.1,0.0,Clear,storm
2025-04-13 02:00:00,0.0,120.0,52.4,39.9,-13.5,0.0,Storm,normal
2025-04-13 03:00:00,0.0,2.0,45.0,22.7,-13.6,0.0,Clear,normal
2025-04-13 04:00:00,0.0,0.1,45.0,15.0,-11.9,0.0,Cloudy,storm
2025-04-13 05:00:00,0.0,9.6,45.0,15.0,-15.2,0.0,Clear,storm
2025-04-13 06:00:00,0.0,15.4,49.8,15.0,-14.5,0.0,Snow,storm
2025-04-13 07:00:00,0.0,120.0,49.7,40.9,-13.6,0.0,Storm,normal
2025-04-13 08:00:00,2.9,120.0,53.3,66.5,-11.6,0.0,Cloudy,normal
2025-04-13 09:00:00,18.0,3.9,49.4,55.5,-15.1,0.0,Clear,normal
2025-04-13 10:00:00,20.6,120.0,58.6,85.7,-17.7,0.0,Storm,normal
2025-04-13 11:00:00,17.4,120.0,61.1,95.0,-17.6,0.0,Storm,normal
2025-04-13 12:00:00,28.1,0.1,55.1,84.2,-15.8,0.0,Clear,normal
2025-04-13 13:00:00,18.6,120.0,58.5,95.0,-15.6,0.0,Storm,normal
2025-04-13 14:00:00,19.2,2.2,60.0,79.5,-12.7,0.0,Cloudy,normal
2025-04-13 15:00:00,14.3,21.7,55.3,71.8,-14.6,0.0,Clear,normal
2025-04-13 16:00:00,3.7,120.0,51.8,95.0,-13.1,0.0,Storm,normal
2025-04-13 17:00:00,0.0,0.0,55.7,72.7,-13.0,0.0,Cloudy,normal
2025-04-13 18:00:00,0.0,8.7,62.3,51.3,-12.0,0.0,Snow,normal
2025-04-13 19:00:00,0.0,33.0,53.0,43.3,-8.0,0.0,Clear,normal
2025-04-13 20:00:00,0.0,120.0,46.4,70.4,-9.4,0.0,Cloudy,normal
2025-04-13 21:00:00,0.0,13.2,51.2,55.2,-10.8,0.0,Snow,normal
2025-04-13 22:00:00,0.0,0.0,45.3,37.1,-12.0,0.0,Snow,normal
2025-04-13 23:00:00,0.0,120.0,46.3,64.2,-12.2,0.0,Storm,normal
2025-04-14 00:00:00,0.0,15.0,45.0,52.2,-11.1,0.0,Snow,normal
2025-04-14 01:00:00,0.0,37.4,46.5,48.5,-10.9,0.0,Cloudy,normal
2025-04-14 02:00:00,0.0,0.0,45.0,30.5,-14.5,0.0,Cloudy,normal
2025-04-14 03:00:00,0.0,120.0,45.0,58.1,-12.8,0.0,Storm,normal
2025-04-14 04:00:00,0.0,2.4,55.2,37.0,-17.8,0.0,Clear,normal
2025-04-14 05:00:00,0.0,0.6,48.6,17.8,-13.1,0.0,Cloudy,normal
2025-04-14 06:00:00,0.0,120.0,45.0,45.4,-12.2,0.0,Storm,normal
2025-04-14 07:00:00,0.0,0.0,48.8,25.9,-14.6,0.0,Cloudy,normal
2025-04-14 08:00:00,2.1,38.8,55.8,19.9,-10.0,0.0,Cloudy,normal
2025-04-14 09:00:00,13.7,0.5,60.4,15.0,-15.9,0.0,Clear,storm
2025-04-14 10:00:00,19.8,52.7,59.0,19.9,-13.4,0.0,Cloudy,normal
2025-04-14 11:00:00,12.4,97.7,52.0,41.3,-13.7,0.0,Snow,normal
2025-04-14 12:00:00,21.0,2.0,53.7,29.1,-13.5,0.0,Cloudy,normal
2025-04-14 13:00:00,30.8,120.0,63.9,61.0,-13.2,0.0,Storm,peak_solar
2025-04-14 14:00:00,17.0,15.1,53.7,52.4,-12.3,0.0,Cloudy,normal
2025-04-14 15:00:00,12.4,120.0,51.5,82.2,-10.3,0.0,Storm,normal
2025-04-14 16:00:00,1.5,120.0,52.3,95.0,-8.8,0.0,Storm,normal
2025-04-14 17:00:00,0.0,21.1,55.4,81.3,-11.5,0.0,Cloudy,normal
2025-04-14 18:00:00,0.0,20.6,48.4,70.2,-9.4,0.0,Clear,normal
2025-04-14 19:00:00,0.0,0.0,45.6,51.9,-12.6,0.0,Snow,normal
2025-04-14 20:00:00,0.0,120.0,51.1,77.2,-9.4,0.0,Storm,normal
2025-04-14 21:00:00,0.0,1.3,47.7,58.7,-12.8,0.0,Clear,normal
2025-04-14 22:00:00,0.0,28.6,45.0,52.1,-8.8,0.0,Cloudy,normal
2025-04-14 23:00:00,0.0,120.0,45.0,79.7,-6.6,0.0,Storm,normal
2025-04-15 00:00:00,0.0,120.0,48.6,95.0,-12.3,0.0,Storm,normal
2025-04-15 01:00:00,0.0,0.1,56.1,72.6,-17.2,0.0,Clear,normal
2025-04-15 02:00:00,0.0,15.7,45.0,60.9,-13.9,0.0,Snow,normal
2025-04-15 03:00:00,0.0,38.3,46.9,57.4,-10.4,0.0,Cloudy,normal
2025-04-15 04:00:00,0.0,120.0,49.5,83.4,-12.3,0.0,Storm,normal
2025-04-15 05:00:00,0.0,120.0,54.2,95.0,-13.3,0.0,Storm,normal
2025-04-15 06:00:00,0.0,71.7,50.2,95.0,-11.8,0.0,Cloudy,normal
2025-04-15 07:00:00,0.0,56.3,52.3,95.0,-13.1,0.0,Cloudy,normal
2025-04-15 08:00:00,1.4,14.8,55.2,79.4,-11.6,0.0,Clear,normal
2025-04-15 09:00:00,10.4,35.3,53.4,76.4,-12.2,0.0,Cloudy,normal
2025-04-15 10:00:00,22.5,6.5,58.8,64.4,-10.7,0.0,Clear,normal
2025-04-15 11:00:00,13.8,120.0,50.9,94.9,-13.0,0.0,Snow,normal
2025-04-15 12:00:00,15.5,64.2,60.6,95.0,-11.5,0.0,Snow,normal
2025-04-15 13:00:00,18.0,120.0,60.0,95.0,-13.8,0.0,Cloudy,normal
2025-04-15 14:00:00,18.0,120.0,55.8,95.0,-14.1,0.0,Cloudy,normal
2025-04-15 15:00:00,16.0,1.3,45.2,83.8,-8.6,0.0,Clear,normal
2025-04-15 16:00:00,1.1,0.0,54.2,62.6,-11.5,0.0,Cloudy,normal
2025-04-15 17:00:00,0.0,0.8,50.4,42.7,-9.9,0.0,Cloudy,normal
2025-04-15 18:00:00,0.0,34.7,47.9,37.4,-11.2,0.0,Cloudy,normal
2025-04-15 19:00:00,0.0,6.6,53.3,18.8,-12.6,0.0,Cloudy,normal
2025-04-15 20:00:00,0.0,5.6,57.8,15.0,-11.2,0.0,Clear,storm
2025-04-15 21:00:00,0.0,0.6,45.0,15.0,-8.1,0.0,Snow,storm
2025-04-15 22:00:00,0.0,49.9,45.0,16.8,-10.2,0.0,Cloudy,normal
2025-04-15 23:00:00,0.0,0.0,45.0,15.0,-15.4,0.0,Snow,storm
2025-04-16 00:00:00,0.0,71.4,47.0,24.0,-12.7,0.0,Cloudy,normal
2025-04-16 01:00:00,0.0,74.9,49.9,33.2,-8.6,0.0,Snow,normal
2025-04-16 02:00:00,0.0,120.0,48.6,59.5,-13.4,0.0,Clear,normal
2025-04-16 03:00:00,0.0,0.0,50.8,39.2,-17.3,0.0,Storm,normal
2025-04-16 04:00:00,0.0,0.0,47.5,20.2,-9.5,0.0,Snow,normal
2025-04-16 05:00:00,0.0,66.9,52.6,25.4,-12.5,0.0,Clear,normal
2025-04-16 06:00:00,0.0,106.2,54.9,44.3,-14.4,0.0,Cloudy,normal
2025-04-16 07:00:00,0.0,0.9,51.6,24.0,-15.2,0.0,Cloudy,normal
2025-04-16 08:00:00,0.5,8.6,48.5,15.0,-12.1,0.0,Cloudy,storm
2025-04-16 09:00:00,10.6,2.6,62.6,15.0,-15.6,0.0,Cloudy,storm
2025-04-16 10:00:00,26.4,78.3,53.1,34.0,-11.7,0.0,Clear,peak_solar
2025-04-16 11:00:00,28.5,120.0,53.7,68.9,-12.8,0.0,Storm,peak_solar
2025-04-16 12:00:00,30.5,0.0,52.3,60.2,-13.2,0.0,Clear,normal
2025-04-16 13:00:00,19.3,52.2,58.2,65.1,-13.0,0.0,Cloudy,normal
2025-04-16 14:00:00,20.3,120.0,60.1,94.6,-13.3,0.0,Storm,normal
2025-04-16 15:00:00,9.6,1.3,50.6,78.7,-10.3,0.0,Cloudy,normal
2025-04-16 16:00:00,0.4,0.0,59.7,55.0,-14.1,0.0,Cloudy,normal
2025-04-16 17:00:00,0.0,0.3,62.9,29.9,-15.5,0.0,Cloudy,normal
2025-04-16 18:00:00,0.0,0.1,54.8,15.0,-10.3,0.0,Clear,storm
2025-04-16 19:00:00,0.0,0.4,53.1,15.0,-10.1,0.0,Cloudy,storm
2025-04-16 20:00:00,0.0,120.0,52.8,39.7,-10.4,0.0,Storm,normal
2025-04-16 21:00:00,0.0,120.0,45.0,67.3,-10.6,0.0,Storm,normal
2025-04-16 22:00:00,0.0,120.0,50.4,92.9,-12.4,0.0,Storm,normal
2025-04-16 23:00:00,0.0,6.2,49.8,75.5,-10.2,0.0,Snow,normal
2025-04-17 00:00:00,0.5,120.0,48.0,95.0,-12.5,0.0,Storm,normal
2025-04-17 01:00:00,0.0,0.0,47.0,76.2,-13.8,0.0,Clear,normal
2025-04-17 02:00:00,0.0,0.0,50.8,55.9,-13.8,0.0,Clear,normal
2025-04-17 03:00:00,0.0,120.0,45.0,83.5,-9.1,0.0,Snow,normal
2025-04-17 04:00:00,0.0,2.0,57.7,61.2,-17.7,0.0,Clear,normal
2025-04-17 05:00:00,0.0,0.0,52.7,40.2,-13.1,0.0,Snow,normal
2025-04-17 06:00:00,0.0,49.0,55.1,37.7,-18.1,0.0,Clear,normal
2025-04-17 07:00:00,0.0,52.2,48.1,39.3,-14.8,0.0,Cloudy,normal
2025-04-17 08:00:00,0.0,66.9,57.8,42.6,-15.6,0.0,Clear,normal
2025-04-17 09:00:00,6.6,88.1,55.2,57.1,-19.2,0.0,Cloudy,normal
2025-04-17 10:00:00,25.7,42.8,53.5,62.6,-13.6,0.0,Clear,peak_solar
2025-04-17 11:00:00,19.7,12.0,61.0,50.9,-15.1,0.0,Cloudy,normal
2025-04-17 12:00:00,21.8,21.0,58.4,44.6,-18.5,0.0,Cloudy,normal
2025-04-17 13:00:00,26.7,120.0,64.2,75.0,-11.7,0.0,Clear,peak_solar
2025-04-17 14:00:00,18.5,38.8,51.0,77.3,-10.0,0.0,Cloudy,normal
2025-04-17 15:00:00,8.8,3.2,48.8,62.6,-9.5,0.0,Cloudy,normal
2025-04-17 16:00:00,0.0,0.8,56.0,40.5,-11.6,0.0,Snow,normal
2025-04-17 17:00:00,0.0,20.5,56.5,26.1,-12.0,0.0,Cloudy,normal
2025-04-17 18:00:00,0.0,120.0,57.4,49.2,-8.9,0.0,Storm,normal
2025-04-17 19:00:00,0.0,91.5,50.0,64.5,-8.0,0.0,Cloudy,normal
2025-04-17 20:00:00,0.0,120.0,48.6,90.7,-9.2,0.0,Storm,normal
2025-04-17 21:00:00,0.0,6.0,46.5,74.5,-13.8,0.0,Cloudy,normal
2025-04-17 22:00:00,0.0,31.5,51.2,66.6,-11.4,0.0,Clear,normal
2025-04-17 23:00:00,0.0,46.8,52.7,64.3,-11.1,0.0,Clear,normal
2025-04-18 00:00:00,3.5,120.0,49.2,91.6,-16.6,0.0,Cloudy,normal
2025-04-18 01:00:00,0.0,6.1,46.3,75.5,-11.9,0.0,Clear,normal
2025-04-18 02:00:00,0.0,92.2,48.9,91.4,-8.4,0.0,Clear,normal
2025-04-18 03:00:00,0.0,120.0,50.2,95.0,-12.3,0.0,Storm,normal
2025-04-18 04:00:00,0.0,14.5,45.0,82.8,-10.9,0.0,Snow,normal
2025-04-18 05:00:00,0.0,0.4,45.0,65.0,-14.0,0.0,Clear,normal
2025-04-18 06:00:00,0.0,120.0,47.1,91.8,-14.8,0.0,Storm,normal
2025-04-18 07:00:00,0.0,114.4,52.3,95.0,-14.0,0.0,Cloudy,normal
2025-04-18 08:00:00,0.0,0.0,53.6,73.6,-16.7,0.0,Cloudy,normal
2025-04-18 09:00:00,11.7,15.7,60.6,60.3,-16.9,0.0,Clear,normal
2025-04-18 10:00:00,21.6,120.0,53.3,92.7,-11.9,0.0,Storm,normal
2025-04-18 11:00:00,23.0,75.5,51.4,95.0,-11.4,0.0,Cloudy,normal
2025-04-18 12:00:00,34.2,20.7,57.2,94.1,-16.3,0.0,Clear,normal
2025-04-18 13:00:00,21.8,0.1,58.0,79.6,-11.6,0.0,Cloudy,normal
2025-04-18 14:00:00,21.7,0.1,58.6,64.9,-13.6,0.0,Clear,normal
2025-04-18 15:00:00,5.7,120.0,59.2,89.4,-12.2,0.0,Snow,normal
2025-04-18 16:00:00,0.0,0.3,51.2,69.0,-11.6,0.0,Cloudy,normal
2025-04-18 17:00:00,0.0,48.4,46.3,69.8,-10.1,0.0,Snow,normal
2025-04-18 18:00:00,0.0,14.4,55.5,53.4,-11.9,0.0,Clear,normal
2025-04-18 19:00:00,0.0,41.4,51.6,49.2,-8.8,0.0,Snow,normal
2025-04-18 20:00:00,0.0,10.9,52.1,32.7,-11.2,0.0,Snow,normal
2025-04-18 21:00:00,0.0,67.4,45.0,41.0,-10.5,0.0,Cloudy,normal
2025-04-18 22:00:00,0.0,120.0,52.2,65.9,-13.9,0.0,Cloudy,normal
2025-04-18 23:00:00,0.0,11.5,45.0,52.5,-7.6,0.0,Cloudy,normal
2025-04-19 00:00:00,4.9,120.0,49.5,80.3,-11.8,0.0,Cloudy,normal
2025-04-19 01:00:00,0.0,120.0,49.2,95.0,-11.6,0.0,Storm,normal
2025-04-19 02:00:00,0.0,48.2,54.4,92.5,-17.1,0.0,Clear,normal
2025-04-19 03:00:00,0.0,120.0,50.4,95.0,-15.8,0.0,Clear,normal
2025-04-19 04:00:00,0.0,0.0,45.0,77.0,-11.6,0.0,Clear,normal
2025-04-19 05:00:00,0.0,12.6,45.0,64.0,-14.0,0.0,Clear,normal
2025-04-19 06:00:00,0.0,0.0,50.6,43.8,-19.1,0.0,Snow,normal
2025-04-19 07:00:00,0.0,3.1,55.0,23.0,-12.7,0.0,Clear,normal
2025-04-19 08:00:00,0.0,13.1,63.0,15.0,-16.3,0.0,Cloudy,storm
2025-04-19 09:00:00,5.4,120.0,54.1,41.2,-11.9,0.0,Storm,normal
2025-04-19 10:00:00,11.2,0.9,55.5,23.9,-15.1,0.0,Snow,normal
2025-04-19 11:00:00,24.9,18.4,57.6,18.1,-14.2,0.0,Cloudy,normal
2025-04-19 12:00:00,32.6,0.3,58.0,15.0,-11.7,0.0,Clear,storm
2025-04-19 13:00:00,13.1,9.9,60.0,15.0,-15.9,0.0,Snow,storm
2025-04-19 14:00:00,14.3,71.4,53.1,27.0,-15.8,0.0,Cloudy,normal
2025-04-19 15:00:00,5.6,104.1,62.2,44.4,-13.6,0.0,Snow,normal
2025-04-19 16:00:00,0.0,6.2,55.8,24.6,-11.0,0.0,Clear,normal
2025-04-19 17:00:00,0.0,1.9,56.3,15.0,-15.4,0.0,Clear,storm
2025-04-19 18:00:00,0.0,0.0,60.2,15.0,-15.9,0.0,Cloudy,storm
2025-04-19 19:00:00,0.0,120.0,58.0,37.8,-10.3,0.0,Storm,normal
2025-04-19 20:00:00,0.0,4.6,57.8,16.5,-13.4,0.0,Snow,normal
2025-04-19 21:00:00,0.0,0.0,49.6,15.0,-13.0,0.0,Snow,storm
2025-04-19 22:00:00,0.0,120.0,57.4,38.0,-16.4,0.0,Storm,normal
2025-04-19 23:00:00,0.0,0.0,46.4,19.5,-14.0,0.0,Clear,normal
2025-04-20 00:00:00,5.6,120.0,45.0,49.1,-13.0,0.0,Storm,normal
2025-04-20 01:00:00,0.0,0.0,45.0,31.1,-11.3,0.0,Clear,normal
2025-04-20 02:00:00,0.0,0.0,53.9,15.0,-15.5,0.0,Snow,storm
2025-04-20 03:00:00,0.0,0.0,49.3,15.0,-10.5,0.0,Snow,storm
2025-04-20 04:00:00,0.0,3.4,51.6,15.0,-16.0,0.0,Clear,storm
2025-04-20 05:00:00,0.0,120.0,47.9,41.5,-16.3,0.0,Storm,normal
2025-04-20 06:00:00,0.0,0.1,53.8,20.0,-11.7,0.0,Clear,normal
2025-04-20 07:00:00,0.0,71.9,45.2,29.9,-14.8,0.0,Snow,normal
2025-04-20 08:00:00,0.0,40.1,57.7,22.8,-16.5,0.0,Clear,normal
2025-04-20 09:00:00,8.1,24.3,55.8,15.0,-15.6,0.0,Cloudy,storm
2025-04-20 10:00:00,14.5,120.0,59.3,42.7,-12.1,0.0,Storm,normal
2025-04-20 11:00:00,31.3,30.8,53.9,45.7,-11.6,0.0,Clear,peak_solar
2025-04-20 12:00:00,16.0,37.9,65.9,40.9,-16.3,0.0,Snow,normal
2025-04-20 13:00:00,21.1,120.0,60.5,70.6,-14.3,0.0,Cloudy,normal
2025-04-20 14:00:00,17.4,3.9,52.9,58.0,-13.6,0.0,Cloudy,normal
2025-04-20 15:00:00,9.3,19.2,57.3,46.4,-15.6,0.0,Clear,normal
2025-04-20 16:00:00,0.0,48.8,54.0,44.4,-13.1,0.0,Cloudy,normal
2025-04-20 17:00:00,0.0,120.0,61.2,66.0,-12.7,0.0,Clear,normal
2025-04-20 18:00:00,0.0,12.8,56.4,48.6,-10.0,0.0,Snow,normal
2025-04-20 19:00:00,0.0,18.2,46.4,37.3,-9.7,0.0,Cloudy,normal
2025-04-20 20:00:00,0.0,67.7,58.1,40.8,-13.0,0.0,Cloudy,normal
2025-04-20 21:00:00,0.0,13.5,47.6,27.2,-12.8,0.0,Clear,normal
2025-04-20 22:00:00,0.0,1.1,45.0,15.0,-11.0,0.0,Cloudy,storm
2025-04-20 23:00:00,0.0,120.0,45.7,42.4,-14.0,0.0,Clear,normal
2025-04-21 00:00:00,12.7,31.8,46.0,41.7,-11.9,0.0,Cloudy,normal
2025-04-21 01:00:00,0.9,5.4,45.0,26.2,-13.8,0.0,Snow,normal
2025-04-21 02:00:00,0.0,0.0,52.0,15.0,-16.1,0.0,Cloudy,storm
2025-04-21 03:00:00,0.0,0.0,51.8,15.0,-16.5,0.0,Clear,storm
2025-04-21 04:00:00,0.0,78.0,45.5,27.0,-11.5,0.0,Snow,normal
2025-04-21 05:00:00,0.0,1.0,50.5,15.0,-15.4,0.0,Snow,storm
2025-04-21 06:00:00,0.0,0.0,45.8,15.0,-11.7,0.0,Clear,storm
2025-04-21 07:00:00,0.0,0.5,47.1,15.0,-16.6,0.0,Cloudy,storm
2025-04-21 08:00:00,0.0,49.0,55.2,15.0,-14.8,0.0,Snow,storm
2025-04-21 09:00:00,5.0,0.9,50.1,15.0,-10.2,0.0,Snow,storm
2025-04-21 10:00:00,21.8,51.6,63.1,18.8,-17.6,0.0,Clear,normal
2025-04-21 11:00:00,21.4,2.6,57.9,15.0,-19.2,0.0,Clear,storm
2025-04-21 12:00:00,23.8,19.2,52.7,15.0,-11.9,0.0,Cloudy,storm
2025-04-21 13:00:00,16.6,24.7,59.3,15.0,-16.2,0.0,Snow,storm
2025-04-21 14:00:00,11.6,114.8,50.9,42.8,-14.0,0.0,Snow,normal
2025-04-21 15:00:00,6.6,120.0,56.1,68.7,-14.9,0.0,Cloudy,normal
2025-04-21 16:00:00,0.0,21.2,55.7,54.9,-12.6,0.0,Clear,normal
2025-04-21 17:00:00,0.0,0.2,58.6,31.6,-15.0,0.0,Clear,normal
2025-04-21 18:00:00,0.0,120.0,57.4,54.6,-13.1,0.0,Storm,normal
2025-04-21 19:00:00,0.0,5.0,51.4,36.0,-11.5,0.0,Snow,normal
2025-04-21 20:00:00,0.0,0.0,53.3,15.0,-14.7,0.0,Cloudy,storm
2025-04-21 21:00:00,0.0,44.4,47.2,15.0,-14.1,0.0,Cloudy,storm
2025-04-21 22:00:00,0.0,49.2,49.1,15.0,-13.4,0.0,Snow,normal
2025-04-21 23:00:00,1.5,5.8,49.9,15.0,-16.1,0.0,Clear,storm
2025-04-22 00:00:00,13.0,0.0,45.0,15.0,-14.4,0.0,Cloudy,storm
2025-04-22 01:00:00,6.0,0.0,57.3,15.0,-13.5,0.0,Clear,storm
2025-04-22 02:00:00,0.0,7.8,46.9,15.0,-15.1,0.0,Snow,storm
2025-04-22 03:00:00,0.0,0.1,45.0,15.0,-15.2,0.0,Clear,storm
2025-04-22 04:00:00,0.0,120.0,47.2,41.8,-15.0,0.0,Clear,normal
2025-04-22 05:00:00,0.0,6.8,55.2,22.4,-16.7,0.0,Clear,normal
2025-04-22 06:00:00,0.0,4.2,51.3,15.0,-14.0,0.0,Cloudy,storm
2025-04-22 07:00:00,0.0,120.0,54.6,39.0,-12.5,0.0,Storm,normal
2025-04-22 08:00:00,0.0,0.0,55.6,16.8,-16.7,0.0,Snow,normal
2025-04-22 09:00:00,5.1,19.0,56.4,15.0,-14.6,0.0,Cloudy,storm
2025-04-22 10:00:00,9.0,0.0,63.0,15.0,-16.0,0.0,Snow,storm
2025-04-22 11:00:00,17.9,120.0,53.2,46.2,-14.4,0.0,Storm,normal
2025-04-22 12:00:00,31.4,0.0,59.1,35.1,-11.5,0.0,Clear,normal
2025-04-22 13:00:00,11.7,55.6,56.6,39.0,-13.5,0.0,Snow,normal
2025-04-22 14:00:00,13.4,37.7,57.9,36.2,-18.1,0.0,Cloudy,normal
2025-04-22 15:00:00,7.5,0.0,48.9,19.7,-12.8,0.0,Clear,normal
2025-04-22 16:00:00,0.0,56.7,55.8,20.0,-10.7,0.0,Cloudy,normal
2025-04-22 17:00:00,0.0,2.6,62.5,15.0,-13.6,0.0,Clear,storm
2025-04-22 18:00:00,0.0,90.0,55.1,27.8,-10.7,0.0,Cloudy,normal
2025-04-22 19:00:00,0.0,1.9,58.9,15.0,-14.3,0.0,Snow,storm
2025-04-22 20:00:00,0.0,57.2,60.0,15.0,-16.0,0.0,Clear,storm
2025-04-22 21:00:00,0.0,13.9,51.1,15.0,-12.4,0.0,Clear,storm
2025-04-22 22:00:00,0.0,56.7,56.7,15.0,-16.8,0.0,Snow,normal
2025-04-22 23:00:00,5.3,86.3,45.0,32.1,-13.7,0.0,Clear,normal
2025-04-23 00:00:00,17.2,9.8,45.0,24.9,-10.8,0.0,Cloudy,normal
2025-04-23 01:00:00,8.1,5.3,50.7,15.0,-18.2,0.0,Clear,storm
2025-04-23 02:00:00,0.0,81.8,53.0,25.6,-17.2,0.0,Snow,normal
2025-04-23 03:00:00,0.0,2.8,50.4,15.0,-17.0,0.0,Clear,storm
2025-04-23 04:00:00,0.0,10.5,52.1,15.0,-15.3,0.0,Clear,storm
2025-04-23 05:00:00,0.0,120.0,52.6,39.8,-16.3,0.0,Storm,normal
2025-04-23 06:00:00,0.0,20.0,45.0,29.8,-12.6,0.0,Clear,normal
2025-04-23 07:00:00,0.0,120.0,45.0,57.4,-13.7,0.0,Cloudy,normal
2025-04-23 08:00:00,0.0,1.4,60.8,33.6,-14.8,0.0,Clear,normal
2025-04-23 09:00:00,5.7,56.0,55.2,36.0,-15.5,0.0,Clear,normal
2025-04-23 10:00:00,24.1,11.4,64.7,24.4,-14.8,0.0,Clear,normal
2025-04-23 11:00:00,17.3,5.8,63.7,15.0,-17.3,0.0,Cloudy,storm
2025-04-23 12:00:00,29.5,0.0,49.2,15.0,-13.3,0.0,Clear,storm
2025-04-23 13:00:00,16.0,0.1,57.0,15.0,-17.2,0.0,Snow,storm
2025-04-23 14:00:00,9.6,0.0,56.6,15.0,-12.6,0.0,Snow,storm
2025-04-23 15:00:00,3.0,120.0,52.6,40.9,-11.4,0.0,Storm,normal
2025-04-23 16:00:00,0.0,13.5,55.5,24.1,-13.2,0.0,Cloudy,normal
2025-04-23 17:00:00,0.0,20.4,52.3,15.0,-13.7,0.0,Cloudy,storm
2025-04-23 18:00:00,0.0,120.0,56.6,38.3,-12.2,0.0,Cloudy,normal
2025-04-23 19:00:00,0.0,43.4,62.3,30.8,-19.2,0.0,Cloudy,normal
2025-04-23 20:00:00,0.0,5.7,58.2,15.0,-12.2,0.0,Snow,storm
2025-04-23 21:00:00,0.0,6.0,48.0,15.0,-13.2,0.0,Snow,storm
2025-04-23 22:00:00,0.0,0.0,45.7,15.0,-13.2,0.0,Cloudy,storm
2025-04-23 23:00:00,5.5,69.0,47.4,25.0,-11.8,0.0,Cloudy,normal
2025-04-24 00:00:00,8.4,76.6,50.4,37.7,-14.0,0.0,Snow,normal
2025-04-24 01:00:00,5.2,21.6,51.7,27.7,-16.7,0.0,Snow,normal
2025-04-24 02:00:00,0.0,12.7,54.8,15.0,-14.9,0.0,Cloudy,storm
2025-04-24 03:00:00,0.0,78.3,45.5,27.1,-14.8,0.0,Clear,normal
2025-04-24 04:00:00,0.0,0.0,53.7,15.0,-15.1,0.0,Clear,storm
2025-04-24 05:00:00,0.0,51.0,45.4,17.0,-15.3,0.0,Cloudy,normal
2025-04-24 06:00:00,0.0,120.0,51.2,42.4,-13.6,0.0,Storm,normal
2025-04-24 07:00:00,0.0,1.6,45.2,24.9,-18.4,0.0,Cloudy,normal
2025-04-24 08:00:00,0.0,9.2,57.5,15.0,-15.7,0.0,Cloudy,storm
2025-04-24 09:00:00,4.6,120.0,60.0,38.8,-13.2,0.0,Storm,normal
2025-04-24 10:00:00,10.0,21.7,61.0,27.0,-19.7,0.0,Cloudy,normal
2025-04-24 11:00:00,19.5,120.0,57.9,57.0,-15.3,0.0,Cloudy,normal
2025-04-24 12:00:00,19.0,59.0,60.6,63.4,-16.6,0.0,Cloudy,normal
2025-04-24 13:00:00,19.3,72.7,49.4,79.1,-15.8,0.0,Cloudy,normal
2025-04-24 14:00:00,7.3,1.2,60.7,58.2,-16.6,0.0,Snow,normal
2025-04-24 15:00:00,5.1,1.0,53.7,39.2,-14.6,0.0,Clear,normal
2025-04-24 16:00:00,0.0,112.2,56.5,59.7,-9.8,0.0,Clear,normal
2025-04-24 17:00:00,0.0,0.0,58.8,36.2,-16.3,0.0,Clear,normal
2025-04-24 18:00:00,0.0,10.7,59.9,16.5,-15.9,0.0,Clear,normal
2025-04-24 19:00:00,0.0,78.6,54.1,25.5,-16.0,0.0,Cloudy,normal
2025-04-24 20:00:00,0.0,9.0,55.4,15.0,-9.3,0.0,Cloudy,storm
2025-04-24 21:00:00,0.0,13.1,48.9,15.0,-14.2,0.0,Clear,storm
2025-04-24 22:00:00,0.0,120.0,45.0,42.6,-13.4,0.0,Storm,normal
2025-04-24 23:00:00,9.5,120.0,47.2,72.9,-14.4,0.0,Cloudy,normal
2025-04-25 00:00:00,27.6,120.0,53.6,95.0,-16.1,0.0,Storm,peak_solar
2025-04-25 01:00:00,9.7,0.0,50.2,78.8,-14.9,0.0,Storm,normal
2025-04-25 02:00:00,3.2,120.0,47.0,95.0,-9.4,0.0,Storm,normal
2025-04-25 03:00:00,0.0,4.1,45.4,78.5,-12.1,0.0,Clear,normal
2025-04-25 04:00:00,0.0,0.4,57.0,55.8,-17.4,0.0,Cloudy,normal
2025-04-25 05:00:00,0.0,4.3,54.8,35.6,-14.4,0.0,Cloudy,normal
2025-04-25 06:00:00,0.0,83.0,45.7,49.4,-17.9,0.0,Cloudy,normal
2025-04-25 07:00:00,0.0,6.4,57.3,29.0,-20.2,0.0,Clear,normal
2025-04-25 08:00:00,0.0,1.5,62.9,15.0,-14.1,0.0,Clear,storm
2025-04-25 09:00:00,2.5,120.0,58.4,38.6,-13.7,0.0,Storm,normal
2025-04-25 10:00:00,14.7,5.6,56.4,24.2,-13.8,0.0,Cloudy,normal
2025-04-25 11:00:00,13.8,68.2,54.4,34.4,-16.9,0.0,Snow,normal
2025-04-25 12:00:00,27.2,63.6,57.4,46.6,-15.9,0.0,Cloudy,peak_solar
2025-04-25 13:00:00,28.9,0.0,54.2,36.5,-13.5,0.0,Clear,normal
2025-04-25 14:00:00,17.7,120.0,60.2,65.0,-13.9,0.0,Storm,normal
2025-04-25 15:00:00,3.5,0.0,62.1,41.6,-15.3,0.0,Cloudy,normal
2025-04-25 16:00:00,0.0,0.0,59.7,17.7,-17.6,0.0,Cloudy,normal
2025-04-25 17:00:00,0.0,3.6,52.5,15.0,-13.5,0.0,Cloudy,storm
2025-04-25 18:00:00,0.0,0.5,45.4,15.0,-11.1,0.0,Cloudy,storm
2025-04-25 19:00:00,0.0,120.0,61.1,36.7,-16.0,0.0,Storm,normal
2025-04-25 20:00:00,0.0,42.8,56.7,31.1,-11.9,0.0,Cloudy,normal
2025-04-25 21:00:00,0.0,2.4,45.0,15.0,-12.6,0.0,Snow,storm
2025-04-25 22:00:00,2.5,0.0,48.8,15.0,-11.9,0.0,Clear,storm
2025-04-25 23:00:00,16.0,57.9,50.1,23.8,-11.8,0.0,Clear,normal
2025-04-26 00:00:00,19.2,8.0,45.0,16.6,-15.8,0.0,Cloudy,normal
2025-04-26 01:00:00,17.5,82.4,49.0,35.4,-18.2,0.0,Clear,normal
2025-04-26 02:00:00,3.0,44.4,60.9,30.0,-16.2,0.0,Snow,normal
2025-04-26 03:00:00,0.0,0.6,48.5,15.0,-13.4,0.0,Clear,storm
2025-04-26 04:00:00,0.0,111.1,60.9,33.5,-16.9,0.0,Cloudy,normal
2025-04-26 05:00:00,0.0,0.0,53.4,15.0,-17.6,0.0,Cloudy,storm
2025-04-26 06:00:00,0.0,6.9,59.6,15.0,-20.3,0.0,Clear,storm
2025-04-26 07:00:00,0.0,10.9,46.3,15.0,-12.6,0.0,Snow,storm
2025-04-26 08:00:00,0.0,16.8,54.9,15.0,-14.7,0.0,Cloudy,storm
2025-04-26 09:00:00,2.2,0.0,51.3,15.0,-14.8,0.0,Cloudy,storm
2025-04-26 10:00:00,17.9,120.0,59.3,43.9,-14.2,0.0,Storm,normal
2025-04-26 11:00:00,21.3,0.6,54.3,31.0,-14.8,0.0,Cloudy,normal
2025-04-26 12:00:00,18.4,0.0,55.4,16.2,-16.3,0.0,Snow,normal
2025-04-26 13:00:00,26.5,48.2,52.5,24.4,-15.8,0.0,Clear,peak_solar
2025-04-26 14:00:00,9.0,120.0,59.0,50.1,-15.9,0.0,Storm,normal
2025-04-26 15:00:00,2.2,0.0,54.8,29.1,-8.8,0.0,Cloudy,normal
2025-04-26 16:00:00,0.0,0.1,55.0,15.0,-13.0,0.0,Clear,storm
2025-04-26 17:00:00,0.0,120.0,56.7,38.3,-15.0,0.0,Cloudy,normal
2025-04-26 18:00:00,0.0,20.8,61.8,21.9,-12.7,0.0,Snow,normal
2025-04-26 19:00:00,0.0,0.0,52.3,15.0,-15.8,0.0,Snow,storm
2025-04-26 20:00:00,0.0,10.6,60.4,15.0,-10.2,0.0,Snow,storm
2025-04-26 21:00:00,0.0,120.0,45.0,42.6,-15.0,0.0,Storm,normal
2025-04-26 22:00:00,7.7,120.0,47.1,72.3,-12.6,0.0,Storm,normal
2025-04-26 23:00:00,19.2,0.0,48.1,60.7,-11.6,0.0,Storm,normal
2025-04-27 00:00:00,12.7,120.0,52.5,90.2,-13.6,0.0,Snow,normal
2025-04-27 01:00:00,22.7,3.3,45.0,82.6,-14.6,0.0,Clear,normal
2025-04-27 02:00:00,5.9,120.0,50.8,95.0,-15.2,0.0,Snow,normal
2025-04-27 03:00:00,0.0,1.2,48.2,76.2,-15.7,0.0,Cloudy,normal
2025-04-27 04:00:00,0.0,14.2,56.2,59.4,-17.2,0.0,Clear,normal
2025-04-27 05:00:00,0.0,1.2,49.8,40.0,-17.3,0.0,Cloudy,normal
2025-04-27 06:00:00,0.0,120.0,45.0,67.6,-13.3,0.0,Cloudy,normal
2025-04-27 07:00:00,0.0,100.3,53.4,84.9,-16.9,0.0,Snow,normal
2025-04-27 08:00:00,0.0,1.8,61.3,61.1,-18.4,0.0,Cloudy,normal
2025-04-27 09:00:00,0.6,120.0,67.9,80.5,-17.8,0.0,Storm,normal
2025-04-27 10:00:00,8.2,120.0,60.9,95.0,-14.1,0.0,Storm,normal
2025-04-27 11:00:00,20.2,3.4,54.3,82.7,-14.8,0.0,Cloudy,normal
2025-04-27 12:00:00,12.9,62.7,61.6,87.9,-14.7,0.0,Snow,normal
2025-04-27 13:00:00,29.6,120.0,59.6,95.0,-16.2,0.0,Storm,peak_solar
2025-04-27 14:00:00,15.4,49.7,59.8,95.0,-13.9,0.0,Clear,normal
2025-04-27 15:00:00,1.5,7.0,56.2,75.9,-16.2,0.0,Clear,normal
2025-04-27 16:00:00,0.0,16.2,56.5,59.8,-15.0,0.0,Cloudy,normal
2025-04-27 17:00:00,0.0,3.2,57.6,38.1,-12.0,0.0,Cloudy,normal
2025-04-27 18:00:00,0.0,120.0,57.9,60.9,-12.0,0.0,Storm,normal
2025-04-27 19:00:00,0.0,120.0,50.5,86.5,-15.9,0.0,Storm,normal
2025-04-27 20:00:00,0.0,120.0,60.9,95.0,-15.6,0.0,Storm,normal
2025-04-27 21:00:00,0.0,1.0,45.1,77.4,-13.5,0.0,Cloudy,normal
2025-04-27 22:00:00,10.2,2.5,46.0,64.0,-10.1,0.0,Clear,normal
2025-04-27 23:00:00,17.9,0.0,46.8,52.4,-18.4,0.0,Cloudy,normal
2025-04-28 00:00:00,35.6,88.4,52.5,78.7,-14.0,0.0,Clear,peak_solar
2025-04-28 01:00:00,20.8,0.0,55.7,64.8,-18.0,0.0,Cloudy,normal
2025-04-28 02:00:00,7.8,120.0,48.5,94.0,-16.8,0.0,Storm,normal
2025-04-28 03:00:00,0.0,0.5,53.2,72.9,-16.6,0.0,Clear,normal
2025-04-28 04:00:00,0.0,0.0,52.0,52.1,-17.1,0.0,Cloudy,normal
2025-04-28 05:00:00,0.0,0.0,55.0,30.1,-17.6,0.0,Clear,normal
2025-04-28 06:00:00,0.0,46.6,46.2,30.2,-16.7,0.0,Cloudy,normal
2025-04-28 07:00:00,0.0,15.7,48.2,17.3,-18.0,0.0,Clear,normal
2025-04-28 08:00:00,0.0,0.5,60.2,15.0,-20.1,0.0,Clear,storm
2025-04-28 09:00:00,0.0,13.4,57.9,15.0,-15.1,0.0,Clear,storm
2025-04-28 10:00:00,11.8,2.1,64.6,15.0,-15.1,0.0,Cloudy,storm
2025-04-28 11:00:00,32.1,83.2,58.3,36.0,-14.6,0.0,Clear,peak_solar
2025-04-28 12:00:00,20.1,0.0,66.4,17.5,-19.6,0.0,Cloudy,normal
2025-04-28 13:00:00,22.5,31.2,54.6,17.1,-15.1,0.0,Cloudy,normal
2025-04-28 14:00:00,18.7,35.0,54.6,16.8,-13.9,0.0,Clear,normal
2025-04-28 15:00:00,0.0,17.3,57.6,15.0,-17.3,0.0,Snow,storm
2025-04-28 16:00:00,0.0,61.2,56.8,16.6,-14.6,0.0,Cloudy,normal
2025-04-28 17:00:00,0.0,12.9,60.3,15.0,-14.6,0.0,Cloudy,storm
2025-04-28 18:00:00,0.0,120.0,51.8,40.1,-10.1,0.0,Snow,normal
2025-04-28 19:00:00,0.0,17.3,51.5,26.4,-9.7,0.0,Snow,normal
2025-04-28 20:00:00,0.0,120.0,62.9,47.4,-17.6,0.0,Storm,normal
2025-04-28 21:00:00,0.0,30.7,45.0,41.7,-8.5,0.0,Clear,normal
2025-04-28 22:00:00,17.6,120.0,48.0,74.7,-16.1,0.0,Storm,normal
2025-04-28 23:00:00,33.2,2.3,45.9,70.5,-12.2,0.0,Clear,normal
2025-04-29 00:00:00,20.3,0.2,55.0,56.7,-12.7,0.0,Cloudy,normal
2025-04-29 01:00:00,19.8,120.0,55.9,87.6,-17.4,0.0,Cloudy,normal
2025-04-29 02:00:00,15.9,18.6,57.1,78.5,-14.5,0.0,Cloudy,normal
2025-04-29 03:00:00,3.8,0.0,46.0,61.7,-16.2,0.0,Cloudy,normal
2025-04-29 04:00:00,0.0,0.9,51.7,41.4,-15.1,0.0,Clear,normal
2025-04-29 05:00:00,0.0,47.8,49.7,40.6,-16.2,0.0,Cloudy,normal
2025-04-29 06:00:00,0.0,14.1,48.0,27.0,-14.3,0.0,Snow,normal
2025-04-29 07:00:00,0.0,0.7,45.7,15.0,-16.9,0.0,Cloudy,storm
2025-04-29 08:00:00,0.0,18.1,65.7,15.0,-17.5,0.0,Cloudy,storm
2025-04-29 09:00:00,0.0,29.0,51.2,15.0,-14.7,0.0,Snow,storm
2025-04-29 10:00:00,14.9,0.0,62.2,15.0,-15.6,0.0,Clear,storm
2025-04-29 11:00:00,11.2,120.0,56.5,42.5,-15.1,0.0,Storm,normal
2025-04-29 12:00:00,23.0,120.0,57.2,74.1,-17.8,0.0,Storm,normal
2025-04-29 13:00:00,21.1,0.9,57.5,59.9,-18.3,0.0,Clear,normal
2025-04-29 14:00:00,7.7,120.0,60.1,84.7,-16.9,0.0,Storm,normal
2025-04-29 15:00:00,0.0,14.5,58.1,67.3,-16.6,0.0,Clear,normal
2025-04-29 16:00:00,0.0,1.7,56.1,45.5,-13.1,0.0,Cloudy,normal
2025-04-29 17:00:00,0.0,1.4,47.5,27.1,-12.4,0.0,Cloudy,normal
2025-04-29 18:00:00,0.0,120.0,49.4,53.1,-14.7,0.0,Storm,normal
2025-04-29 19:00:00,0.0,0.1,46.7,34.4,-11.0,0.0,Clear,normal
2025-04-29 20:00:00,0.0,30.8,57.3,23.8,-11.1,0.0,Clear,normal
2025-04-29 21:00:00,3.4,42.7,54.4,20.5,-13.6,0.0,Cloudy,normal
2025-04-29 22:00:00,19.2,120.0,50.0,53.3,-16.1,0.0,Clear,normal
2025-04-29 23:00:00,17.9,24.3,49.1,50.5,-11.1,0.0,Cloudy,normal
2025-04-30 00:00:00,16.9,120.0,51.6,81.9,-15.2,0.0,Storm,normal
2025-04-30 01:00:00,23.3,120.0,54.8,95.0,-15.1,0.0,Storm,normal
2025-04-30 02:00:00,16.0,120.0,56.4,95.0,-16.6,0.0,Storm,normal
2025-04-30 03:00:00,8.6,56.0,48.3,95.0,-18.2,0.0,Clear,normal
2025-04-30 04:00:00,0.0,120.0,55.6,95.0,-19.8,0.0,Cloudy,normal
2025-04-30 05:00:00,0.0,7.1,53.9,76.3,-15.5,0.0,Snow,normal
2025-04-30 06:00:00,0.0,120.0,57.2,95.0,-18.8,0.0,Storm,normal
2025-04-30 07:00:00,0.0,2.2,48.6,76.5,-10.5,0.0,Cloudy,normal
2025-04-30 08:00:00,0.0,0.3,62.6,51.6,-19.7,0.0,Cloudy,normal
2025-04-30 09:00:00,0.0,0.2,65.7,25.4,-20.0,0.0,Cloudy,normal
2025-04-30 10:00:00,11.0,90.9,53.3,43.3,-16.0,0.0,Cloudy,normal
2025-04-30 11:00:00,14.9,120.0,51.0,74.1,-13.5,0.0,Storm,normal
2025-04-30 12:00:00,15.3,120.0,65.4,95.0,-16.4,0.0,Storm,normal
2025-04-30 13:00:00,18.9,0.0,62.2,77.7,-14.9,0.0,Cloudy,normal
2025-04-30 14:00:00,5.9,120.0,69.2,95.0,-19.9,0.0,Storm,normal
2025-04-30 15:00:00,0.0,0.2,59.3,71.4,-16.9,0.0,Clear,normal
2025-04-30 16:00:00,0.0,0.0,56.5,48.8,-17.4,0.0,Storm,normal
2025-04-30 17:00:00,0.0,0.0,61.2,24.3,-18.9,0.0,Clear,normal
2025-04-30 18:00:00,0.0,0.0,65.0,15.0,-14.3,0.0,Cloudy,storm
2025-04-30 19:00:00,0.0,120.0,59.0,37.5,-19.3,0.0,Storm,normal
2025-04-30 20:00:00,0.0,5.6,59.5,15.9,-17.2,0.0,Cloudy,normal
2025-04-30 21:00:00,4.3,4.5,55.4,15.0,-15.5,0.0,Snow,storm
2025-04-30 22:00:00,18.2,0.9,51.6,15.0,-16.3,0.0,Cloudy,storm
2025-04-30 23:00:00,37.0,2.0,47.4,15.0,-13.9,0.0,Clear,storm
2025-05-01 00:00:00,13.6,120.0,52.6,44.8,-14.6,0.0,Storm,normal
2025-05-01 01:00:00,37.2,0.2,46.8,41.1,-13.7,0.0,Clear,normal
2025-05-01 02:00:00,15.0,13.3,51.3,31.8,-14.4,0.0,Snow,normal
2025-05-01 03:00:00,10.5,0.1,45.0,18.1,-13.9,0.0,Cloudy,normal
2025-05-01 04:00:00,0.0,28.4,45.0,15.0,-16.8,0.0,Snow,storm
2025-05-01 05:00:00,0.0,4.2,50.5,15.0,-16.4,0.0,Cloudy,storm
2025-05-01 06:00:00,0.0,74.4,56.5,21.6,-16.2,0.0,Cloudy,normal
2025-05-01 07:00:00,0.0,102.0,51.5,40.2,-17.2,0.0,Clear,normal
2025-05-01 08:00:00,0.0,120.0,61.2,61.8,-18.4,0.0,Storm,normal
2025-05-01 09:00:00,0.0,0.0,62.2,36.9,-18.2,0.0,Storm,normal
2025-05-01 10:00:00,8.5,1.5,60.4,16.8,-19.1,0.0,Cloudy,normal
2025-05-01 11:00:00,17.2,120.0,52.7,47.9,-16.1,0.0,Cloudy,normal
2025-05-01 12:00:00,36.0,4.0,62.8,38.8,-17.0,0.0,Clear,normal
2025-05-01 13:00:00,15.8,95.1,62.0,56.7,-17.9,0.0,Cloudy,normal
2025-05-01 14:00:00,4.5,85.4,61.9,67.0,-17.5,0.0,Snow,normal
2025-05-01 15:00:00,0.0,79.2,56.8,75.3,-18.3,0.0,Cloudy,normal
2025-05-01 16:00:00,0.0,120.0,62.2,95.0,-13.1,0.0,Snow,normal
2025-05-01 17:00:00,0.0,34.2,56.1,86.2,-14.8,0.0,Snow,normal
2025-05-01 18:00:00,0.0,5.8,65.3,62.4,-16.6,0.0,Snow,normal
2025-05-01 19:00:00,0.0,29.5,47.4,55.3,-12.8,0.0,Clear,normal
2025-05-01 20:00:00,0.0,120.0,57.0,78.5,-15.7,0.0,Storm,normal
2025-05-01 21:00:00,15.9,2.6,58.8,62.4,-17.7,0.0,Clear,normal
2025-05-01 22:00:00,19.1,7.8,46.9,54.4,-12.5,0.0,Cloudy,normal
2025-05-01 23:00:00,36.2,1.0,45.0,51.2,-16.1,0.0,Clear,normal
2025-05-02 00:00:00,14.5,0.0,47.6,38.0,-16.4,0.0,Cloudy,normal
2025-05-02 01:00:00,11.1,17.9,51.8,28.9,-15.7,0.0,Snow,normal
2025-05-02 02:00:00,21.1,113.3,54.4,58.4,-13.7,0.0,Cloudy,normal
2025-05-02 03:00:00,12.5,0.4,50.4,43.3,-16.6,0.0,Cloudy,normal
2025-05-02 04:00:00,1.1,120.0,59.0,66.2,-19.6,0.0,Storm,normal
2025-05-02 05:00:00,0.0,69.8,52.7,72.4,-16.1,0.0,Snow,normal
2025-05-02 06:00:00,0.0,120.0,52.0,95.0,-18.6,0.0,Storm,normal
2025-05-02 07:00:00,0.0,54.4,51.6,95.0,-13.5,0.0,Clear,normal
2025-05-02 08:00:00,0.0,13.3,64.5,74.5,-17.7,0.0,Clear,normal
2025-05-02 09:00:00,0.0,6.5,64.4,51.3,-22.6,0.0,Clear,normal
2025-05-02 10:00:00,9.7,48.8,56.8,51.9,-16.7,0.0,Cloudy,normal
2025-05-02 11:00:00,20.1,61.4,49.5,63.7,-13.0,0.0,Cloudy,normal
2025-05-02 12:00:00,35.0,3.6,58.2,55.9,-13.5,0.0,Clear,normal
2025-05-02 13:00:00,14.5,12.2,53.3,45.2,-12.6,0.0,Snow,normal
2025-05-02 14:00:00,9.1,120.0,63.6,69.3,-18.5,0.0,Storm,normal
2025-05-02 15:00:00,0.0,31.6,58.0,58.8,-13.8,0.0,Cloudy,normal
2025-05-02 16:00:00,0.0,41.7,61.5,50.9,-17.1,0.0,Cloudy,normal
2025-05-02 17:00:00,0.0,120.0,57.0,74.0,-14.7,0.0,Storm,normal
2025-05-02 18:00:00,0.0,63.6,55.6,77.0,-17.7,0.0,Cloudy,normal
2025-05-02 19:00:00,0.0,21.7,61.1,61.2,-16.2,0.0,Cloudy,normal
2025-05-02 20:00:00,2.3,120.0,62.6,83.2,-16.2,0.0,Storm,normal
2025-05-02 21:00:00,16.9,120.0,57.1,95.0,-12.8,0.0,Cloudy,normal
2025-05-02 22:00:00,18.0,44.6,45.8,95.0,-13.2,0.0,Cloudy,normal
2025-05-02 23:00:00,28.3,55.8,45.3,95.0,-14.5,0.0,Clear,peak_solar
2025-05-03 00:00:00,7.3,9.0,48.9,82.0,-18.6,0.0,Cloudy,normal
2025-05-03 01:00:00,24.6,0.0,51.5,71.2,-16.7,0.0,Clear,normal
2025-05-03 02:00:00,18.4,107.9,56.3,95.0,-18.1,0.0,Cloudy,normal
2025-05-03 03:00:00,13.4,0.0,53.5,79.0,-14.9,0.0,Snow,normal
2025-05-03 04:00:00,8.1,0.1,55.9,59.9,-14.6,0.0,Clear,normal
2025-05-03 05:00:00,0.0,11.9,51.6,44.0,-15.1,0.0,Snow,normal
2025-05-03 06:00:00,0.0,8.4,49.6,27.6,-19.4,0.0,Cloudy,normal
2025-05-03 07:00:00,0.0,120.0,59.9,49.7,-23.9,0.0,Cloudy,normal
2025-05-03 08:00:00,0.0,120.0,56.4,73.1,-21.8,0.0,Storm,normal
2025-05-03 09:00:00,0.0,120.0,56.3,95.0,-14.7,0.0,Storm,normal
2025-05-03 10:00:00,6.1,0.0,59.9,73.5,-18.6,0.0,Cloudy,normal
2025-05-03 11:00:00,19.4,80.3,63.9,86.7,-19.1,0.0,Clear,normal
2025-05-03 12:00:00,22.3,72.5,58.3,95.0,-13.5,0.0,Cloudy,normal
2025-05-03 13:00:00,13.2,52.2,54.0,95.0,-14.0,0.0,Snow,normal
2025-05-03 14:00:00,11.3,107.9,56.6,95.0,-16.4,0.0,Clear,normal
2025-05-03 15:00:00,0.0,120.0,60.0,95.0,-16.7,0.0,Snow,normal
2025-05-03 16:00:00,0.0,120.0,60.9,95.0,-16.0,0.0,Storm,normal
2025-05-03 17:00:00,0.0,56.5,60.8,93.3,-14.9,0.0,Snow,normal
2025-05-03 18:00:00,0.0,120.0,52.7,95.0,-11.6,0.0,Storm,normal
2025-05-03 19:00:00,0.0,57.4,56.8,95.0,-14.0,0.0,Clear,normal
2025-05-03 20:00:00,5.0,5.0,52.1,78.1,-13.3,0.0,Snow,normal
2025-05-03 21:00:00,21.6,45.2,45.0,86.2,-12.4,0.0,Cloudy,normal
2025-05-03 22:00:00,32.1,0.7,45.0,81.3,-17.7,0.0,Clear,normal
2025-05-03 23:00:00,20.6,0.9,46.2,71.4,-13.7,0.0,Cloudy,normal
2025-05-04 00:00:00,0.8,15.9,56.6,55.4,-16.5,0.0,Snow,normal
2025-05-04 01:00:00,18.1,9.9,62.5,41.6,-21.8,0.0,Clear,normal
2025-05-04 02:00:00,14.9,120.0,58.6,69.7,-21.3,0.0,Storm,normal
2025-05-04 03:00:00,25.5,15.3,58.2,62.7,-19.2,0.0,Clear,normal
2025-05-04 04:00:00,18.3,0.2,54.4,48.3,-16.2,0.0,Clear,normal
2025-05-04 05:00:00,0.0,26.9,53.1,37.9,-17.4,0.0,Cloudy,normal
2025-05-04 06:00:00,0.0,56.7,45.0,42.2,-17.5,0.0,Cloudy,normal
2025-05-04 07:00:00,0.0,36.2,57.9,33.5,-13.8,0.0,Cloudy,normal
2025-05-04 08:00:00,0.0,0.2,63.1,15.0,-20.9,0.0,Clear,storm
2025-05-04 09:00:00,0.0,120.0,60.2,37.0,-18.1,0.0,Storm,normal
2025-05-04 10:00:00,7.8,0.0,66.0,15.0,-17.2,0.0,Clear,storm
2025-05-04 11:00:00,13.4,34.7,62.9,15.0,-19.3,0.0,Cloudy,storm
2025-05-04 12:00:00,19.3,0.1,70.4,15.0,-17.3,0.0,Cloudy,storm
2025-05-04 13:00:00,24.8,120.0,60.2,46.1,-20.5,0.0,Storm,peak_solar
2025-05-04 14:00:00,7.2,82.4,60.6,56.8,-13.5,0.0,Cloudy,normal
2025-05-04 15:00:00,0.0,56.7,59.7,55.6,-17.7,0.0,Snow,normal
2025-05-04 16:00:00,0.0,11.8,54.8,38.4,-11.4,0.0,Cloudy,normal
2025-05-04 17:00:00,0.0,120.0,55.1,62.3,-15.6,0.0,Storm,normal
2025-05-04 18:00:00,0.0,11.8,53.5,45.6,-13.0,0.0,Cloudy,normal
2025-05-04 19:00:00,0.0,120.0,63.5,66.4,-15.3,0.0,Storm,normal
2025-05-04 20:00:00,8.2,0.8,60.3,45.9,-15.2,0.0,Snow,normal
2025-05-04 21:00:00,31.2,27.4,53.1,47.9,-16.4,0.0,Clear,peak_solar
2025-05-04 22:00:00,23.2,120.0,45.0,84.1,-15.0,0.0,Cloudy,normal
2025-05-04 23:00:00,20.8,97.3,45.0,95.0,-14.8,0.0,Clear,normal
2025-05-05 00:00:00,0.0,22.0,49.1,84.2,-17.8,0.0,Cloudy,normal
2025-05-05 01:00:00,12.0,0.0,50.1,68.9,-16.7,0.0,Clear,normal
2025-05-05 02:00:00,17.2,42.3,52.7,71.4,-18.1,0.0,Cloudy,normal
2025-05-05 03:00:00,15.4,7.9,48.4,61.4,-12.1,0.0,Snow,normal
2025-05-05 04:00:00,18.3,2.9,56.9,47.1,-17.8,0.0,Cloudy,normal
2025-05-05 05:00:00,1.4,120.0,55.4,71.4,-14.5,0.0,Clear,normal
2025-05-05 06:00:00,0.0,0.0,54.3,49.7,-18.5,0.0,Cloudy,normal
2025-05-05 07:00:00,0.0,24.6,49.3,39.8,-17.7,0.0,Clear,normal
2025-05-05 08:00:00,0.0,0.0,67.1,15.0,-21.2,0.0,Clear,storm
2025-05-05 09:00:00,0.0,100.3,62.9,28.8,-19.2,0.0,Clear,normal
2025-05-05 10:00:00,4.9,120.0,62.5,51.7,-17.6,0.0,Cloudy,normal
2025-05-05 11:00:00,24.0,40.6,62.2,52.6,-14.4,0.0,Clear,peak_solar
2025-05-05 12:00:00,27.2,5.5,58.6,42.2,-17.1,0.0,Cloudy,normal
2025-05-05 13:00:00,15.9,120.0,63.0,69.1,-14.2,0.0,Storm,normal
2025-05-05 14:00:00,4.2,120.0,52.7,95.0,-15.4,0.0,Storm,normal
2025-05-05 15:00:00,0.0,65.9,58.7,95.0,-12.8,0.0,Clear,normal
2025-05-05 16:00:00,0.0,120.0,56.6,95.0,-16.2,0.0,Storm,normal
2025-05-05 17:00:00,0.0,0.8,54.4,73.6,-10.5,0.0,Cloudy,normal
2025-05-05 18:00:00,0.0,18.1,60.9,56.4,-16.6,0.0,Snow,normal
2025-05-05 19:00:00,1.2,0.0,58.6,33.5,-17.0,0.0,Cloudy,normal
2025-05-05 20:00:00,20.3,0.1,58.4,18.3,-18.0,0.0,Clear,normal
2025-05-05 21:00:00,36.5,0.0,45.0,15.0,-10.2,0.0,Clear,storm
2025-05-05 22:00:00,9.2,99.0,49.8,36.5,-13.7,0.0,Snow,normal
2025-05-05 23:00:00,5.2,0.1,54.0,17.0,-16.5,0.0,Snow,normal
2025-05-06 00:00:00,0.0,0.0,55.8,15.0,-13.5,0.0,Cloudy,storm
2025-05-06 01:00:00,0.0,2.1,49.1,15.0,-15.1,0.0,Cloudy,storm
2025-05-06 02:00:00,12.2,3.7,45.0,15.0,-12.7,0.0,Snow,storm
2025-05-06 03:00:00,27.2,0.0,57.7,15.0,-20.8,0.0,Clear,storm
2025-05-06 04:00:00,8.9,33.2,46.3,15.0,-18.3,0.0,Snow,storm
2025-05-06 05:00:00,6.0,53.8,60.5,15.0,-19.1,0.0,Cloudy,storm
2025-05-06 06:00:00,0.0,0.0,60.6,15.0,-22.6,0.0,Cloudy,storm
2025-05-06 07:00:00,0.0,120.0,47.1,41.8,-16.1,0.0,Clear,normal
2025-05-06 08:00:00,0.0,0.5,55.8,19.8,-19.1,0.0,Cloudy,normal
2025-05-06 09:00:00,0.0,3.4,56.4,15.0,-16.8,0.0,Snow,storm
2025-05-06 10:00:00,4.0,86.3,58.2,26.8,-13.1,0.0,Clear,normal
2025-05-06 11:00:00,21.5,3.6,58.7,15.0,-18.8,0.0,Clear,storm
2025-05-06 12:00:00,26.3,0.1,64.7,15.0,-18.7,0.0,Clear,storm
2025-05-06 13:00:00,9.3,28.2,63.8,15.0,-17.1,0.0,Snow,storm
2025-05-06 14:00:00,3.0,120.0,55.5,39.8,-14.8,0.0,Storm,normal
2025-05-06 15:00:00,0.0,120.0,64.4,60.3,-17.9,0.0,Storm,normal
2025-05-06 16:00:00,0.0,2.3,65.4,35.0,-17.6,0.0,Cloudy,normal
2025-05-06 17:00:00,0.0,0.3,58.9,15.0,-13.6,0.0,Clear,storm
2025-05-06 18:00:00,0.0,1.1,60.1,15.0,-14.9,0.0,Snow,storm
2025-05-06 19:00:00,4.4,120.0,60.8,38.4,-20.1,0.0,Storm,normal
2025-05-06 20:00:00,23.2,1.0,69.3,20.4,-18.2,0.0,Clear,normal
2025-05-06 21:00:00,13.2,120.0,45.0,52.8,-12.3,0.0,Storm,normal
2025-05-06 22:00:00,19.7,83.6,48.0,73.2,-14.8,0.0,Clear,normal
2025-05-06 23:00:00,0.0,19.9,56.4,58.6,-17.6,0.0,Clear,normal
2025-05-07 00:00:00,0.0,2.2,50.3,39.4,-16.8,0.0,Clear,normal
2025-05-07 01:00:00,0.0,29.6,50.6,31.0,-16.8,0.0,Clear,normal
2025-05-07 02:00:00,5.7,0.1,45.2,15.2,-15.6,0.0,Snow,normal
2025-05-07 03:00:00,21.8,0.0,53.7,15.0,-20.6,0.0,Clear,storm
2025-05-07 04:00:00,15.2,86.6,64.5,28.7,-19.8,0.0,Snow,normal
2025-05-07 05:00:00,12.3,19.9,51.3,21.1,-17.7,0.0,Cloudy,normal
2025-05-07 06:00:00,0.0,120.0,58.8,43.6,-18.7,0.0,Clear,normal
2025-05-07 07:00:00,0.0,50.1,50.4,43.5,-17.4,0.0,Cloudy,normal
2025-05-07 08:00:00,0.0,2.1,60.1,20.2,-21.4,0.0,Cloudy,normal
2025-05-07 09:00:00,0.0,120.0,57.8,43.1,-17.9,0.0,Storm,normal
2025-05-07 10:00:00,2.6,3.4,62.0,20.7,-16.1,0.0,Clear,normal
2025-05-07 11:00:00,18.9,120.0,51.5,52.9,-17.2,0.0,Storm,normal
2025-05-07 12:00:00,12.0,3.0,67.4,31.9,-17.6,0.0,Snow,normal
2025-05-07 13:00:00,12.7,0.0,62.7,15.0,-17.8,0.0,Snow,storm
2025-05-07 14:00:00,1.3,120.0,60.5,37.4,-19.0,0.0,Storm,normal
2025-05-07 15:00:00,0.0,2.6,56.8,15.7,-17.0,0.0,Snow,normal
2025-05-07 16:00:00,0.0,3.5,54.6,15.0,-13.7,0.0,Cloudy,storm
2025-05-07 17:00:00,0.0,0.0,64.0,15.0,-16.4,0.0,Cloudy,storm
2025-05-07 18:00:00,0.0,15.4,54.6,15.0,-17.9,0.0,Cloudy,storm
2025-05-07 19:00:00,16.3,0.0,59.6,15.0,-16.8,0.0,Clear,storm
2025-05-07 20:00:00,9.5,120.0,62.8,39.5,-15.3,0.0,Storm,normal
2025-05-07 21:00:00,17.4,6.2,45.0,31.0,-16.6,0.0,Cloudy,normal
2025-05-07 22:00:00,8.8,0.4,47.3,15.7,-14.8,0.0,Cloudy,normal
2025-05-07 23:00:00,0.0,25.6,45.0,15.0,-15.0,0.0,Snow,storm
2025-05-08 00:00:00,0.0,0.0,45.0,15.0,-14.7,0.0,Storm,storm
2025-05-08 01:00:00,0.0,29.6,49.8,15.0,-13.9,0.0,Cloudy,storm
2025-05-08 02:00:00,0.0,10.3,52.8,15.0,-15.2,0.0,Clear,storm
2025-05-08 03:00:00,15.5,24.3,53.2,15.0,-19.8,0.0,Clear,storm
2025-05-08 04:00:00,14.4,120.0,49.1,46.4,-20.1,0.0,Snow,normal
2025-05-08 05:00:00,16.9,120.0,50.1,78.4,-18.6,0.0,Cloudy,normal
2025-05-08 06:00:00,1.1,46.8,56.3,75.0,-19.7,0.0,Cloudy,normal
2025-05-08 07:00:00,0.0,120.0,56.2,95.0,-21.3,0.0,Storm,normal
2025-05-08 08:00:00,0.0,28.6,58.2,83.2,-19.9,0.0,Cloudy,normal
2025-05-08 09:00:00,0.0,13.5,61.0,64.2,-19.9,0.0,Clear,normal
2025-05-08 10:00:00,0.0,26.9,66.3,48.4,-20.2,0.0,Clear,normal
2025-05-08 11:00:00,11.7,3.1,62.9,29.2,-19.1,0.0,Cloudy,normal
2025-05-08 12:00:00,25.3,120.0,54.3,62.7,-15.5,0.0,Cloudy,peak_solar
2025-05-08 13:00:00,21.6,2.6,61.3,47.8,-17.3,0.0,Clear,normal
2025-05-08 14:00:00,0.0,0.0,52.8,26.7,-12.0,0.0,Cloudy,normal
2025-05-08 15:00:00,0.0,0.0,57.0,15.0,-16.6,0.0,Snow,storm
2025-05-08 16:00:00,0.0,60.7,60.8,15.0,-17.3,0.0,Snow,storm
2025-05-08 17:00:00,0.0,1.1,54.9,15.0,-16.3,0.0,Clear,storm
2025-05-08 18:00:00,1.1,120.0,56.7,38.7,-15.5,0.0,Snow,normal
2025-05-08 19:00:00,20.7,20.8,62.2,30.4,-15.0,0.0,Cloudy,normal
2025-05-08 20:00:00,33.4,120.0,64.2,63.3,-11.3,0.0,Clear,peak_solar
2025-05-08 21:00:00,15.1,0.0,46.0,50.9,-17.8,0.0,Cloudy,normal
2025-05-08 22:00:00,0.0,2.5,45.7,33.6,-14.2,0.0,Clear,normal
2025-05-08 23:00:00,0.0,0.3,55.4,15.0,-15.9,0.0,Clear,storm
2025-05-09 00:00:00,0.0,0.0,50.3,15.0,-20.3,0.0,Storm,storm
2025-05-09 01:00:00,0.0,5.0,50.0,15.0,-15.5,0.0,Snow,storm
2025-05-09 02:00:00,0.0,0.0,57.0,15.0,-14.8,0.0,Clear,storm
2025-05-09 03:00:00,6.3,58.6,52.0,19.7,-19.9,0.0,Clear,normal
2025-05-09 04:00:00,13.6,0.2,52.3,15.0,-18.3,0.0,Snow,storm
2025-05-09 05:00:00,19.8,120.0,52.2,47.2,-22.4,0.0,Storm,normal
2025-05-09 06:00:00,9.2,120.0,59.4,72.9,-21.6,0.0,Storm,normal
2025-05-09 07:00:00,0.0,0.3,45.0,55.0,-16.7,0.0,Clear,normal
2025-05-09 08:00:00,0.0,1.3,60.3,31.4,-20.1,0.0,Clear,normal
2025-05-09 09:00:00,0.0,45.8,59.3,26.0,-21.5,0.0,Snow,normal
2025-05-09 10:00:00,0.0,120.0,60.1,48.1,-18.4,0.0,Storm,normal
2025-05-09 11:00:00,13.7,61.4,70.2,49.9,-19.8,0.0,Cloudy,normal
2025-05-09 12:00:00,22.4,5.0,63.9,35.3,-19.4,0.0,Cloudy,normal
2025-05-09 13:00:00,21.6,0.0,60.2,19.8,-16.3,0.0,Clear,normal
2025-05-09 14:00:00,0.0,120.0,64.3,40.3,-20.1,0.0,Storm,normal
2025-05-09 15:00:00,0.0,65.4,62.1,41.5,-19.2,0.0,Cloudy,normal
2025-05-09 16:00:00,0.0,120.0,64.6,61.9,-16.5,0.0,Storm,normal
2025-05-09 17:00:00,0.0,92.8,60.5,73.8,-14.4,0.0,Clear,normal
2025-05-09 18:00:00,7.7,120.0,51.4,95.0,-13.6,0.0,Storm,normal
2025-05-09 19:00:00,24.5,0.8,64.5,79.3,-17.6,0.0,Cloudy,normal
2025-05-09 20:00:00,31.0,1.2,57.9,69.0,-14.0,0.0,Clear,normal
2025-05-09 21:00:00,3.8,12.1,54.7,53.5,-17.9,0.0,Snow,normal
2025-05-09 22:00:00,0.0,0.5,45.0,35.7,-12.3,0.0,Snow,normal
2025-05-09 23:00:00,0.0,0.0,54.0,15.0,-19.0,0.0,Cloudy,storm
2025-05-10 00:00:00,0.0,2.1,48.5,15.0,-14.1,0.0,Cloudy,storm
2025-05-10 01:00:00,0.0,90.6,51.0,29.6,-18.8,0.0,Cloudy,normal
2025-05-10 02:00:00,0.0,0.0,52.6,15.0,-13.3,0.0,Clear,storm
2025-05-10 03:00:00,0.0,0.0,45.4,15.0,-16.9,0.0,Snow,storm
2025-05-10 04:00:00,10.8,2.8,67.9,15.0,-20.8,0.0,Cloudy,storm
2025-05-10 05:00:00,31.9,0.2,50.5,15.0,-20.0,0.0,Clear,storm
2025-05-10 06:00:00,19.9,3.5,54.3,15.0,-17.4,0.0,Clear,storm
2025-05-10 07:00:00,0.0,15.6,52.8,15.0,-16.9,0.0,Clear,storm
2025-05-10 08:00:00,0.0,0.0,67.1,15.0,-19.4,0.0,Cloudy,storm
2025-05-10 09:00:00,0.0,3.0,68.8,15.0,-19.1,0.0,Cloudy,storm
2025-05-10 10:00:00,0.0,20.6,58.7,15.0,-17.4,0.0,Cloudy,storm
2025-05-10 11:00:00,17.8,0.6,62.2,15.0,-18.5,0.0,Clear,storm
2025-05-10 12:00:00,15.0,0.0,62.7,15.0,-21.4,0.0,Snow,storm
2025-05-10 13:00:00,10.1,1.0,59.0,15.0,-19.9,0.0,Cloudy,storm
2025-05-10 14:00:00,0.0,6.3,60.4,15.0,-17.3,0.0,Cloudy,storm
2025-05-10 15:00:00,0.0,0.0,57.6,15.0,-14.7,0.0,Clear,storm
2025-05-10 16:00:00,0.0,94.1,56.5,28.8,-13.5,0.0,Cloudy,normal
2025-05-10 17:00:00,0.0,7.7,56.5,15.0,-15.0,0.0,Clear,storm
2025-05-10 18:00:00,7.7,1.0,60.2,15.0,-15.8,0.0,Snow,storm
2025-05-10 19:00:00,25.6,0.0,60.8,15.0,-14.7,0.0,Cloudy,storm
2025-05-10 20:00:00,14.0,68.0,55.9,24.6,-17.7,0.0,Cloudy,normal
2025-05-10 21:00:00,0.0,120.0,54.2,48.8,-16.7,0.0,Storm,normal
2025-05-10 22:00:00,0.0,2.5,59.6,26.0,-18.3,0.0,Clear,normal
2025-05-10 23:00:00,0.0,120.0,49.4,52.0,-19.5,0.0,Storm,normal
2025-05-11 00:00:00,15.2,18.0,52.1,44.4,-16.5,0.0,Cloudy,normal
2025-05-11 01:00:00,0.0,20.2,54.0,30.9,-17.2,0.0,Cloudy,normal
2025-05-11 02:00:00,0.0,120.0,54.5,55.0,-16.4,0.0,Clear,normal
2025-05-11 03:00:00,0.0,78.3,55.7,63.3,-17.1,0.0,Cloudy,normal
2025-05-11 04:00:00,0.0,0.0,58.0,40.1,-18.2,0.0,Cloudy,normal
2025-05-11 05:00:00,23.8,2.1,53.3,29.2,-17.8,0.0,Clear,normal
2025-05-11 06:00:00,24.2,120.0,50.4,63.7,-19.4,0.0,Storm,peak_solar
2025-05-11 07:00:00,2.0,82.4,52.1,75.6,-18.5,0.0,Snow,normal
2025-05-11 08:00:00,0.0,120.0,69.9,94.0,-21.1,0.0,Storm,normal
2025-05-11 09:00:00,0.0,55.1,58.1,92.8,-18.6,0.0,Cloudy,normal
2025-05-11 10:00:00,0.0,89.6,62.9,95.0,-17.8,0.0,Snow,normal
2025-05-11 11:00:00,9.1,1.0,66.9,72.3,-20.5,0.0,Cloudy,normal
2025-05-11 12:00:00,29.7,120.0,64.0,95.0,-18.6,0.0,Storm,peak_solar
2025-05-11 13:00:00,9.7,0.0,66.4,72.3,-19.7,0.0,Cloudy,normal
2025-05-11 14:00:00,0.0,33.0,62.0,60.7,-19.1,0.0,Cloudy,normal
2025-05-11 15:00:00,0.0,96.4,62.6,73.2,-20.0,0.0,Cloudy,normal
2025-05-11 16:00:00,0.0,46.2,64.7,65.8,-14.4,0.0,Clear,normal
2025-05-11 17:00:00,5.6,18.6,65.5,49.2,-14.6,0.0,Cloudy,normal
2025-05-11 18:00:00,30.7,12.9,64.3,41.0,-15.5,0.0,Clear,normal
2025-05-11 19:00:00,22.5,21.0,57.4,35.4,-12.2,0.0,Clear,normal
2025-05-11 20:00:00,0.0,0.1,57.6,15.0,-16.9,0.0,Clear,storm
2025-05-11 21:00:00,0.0,45.6,45.4,15.1,-9.8,0.0,Cloudy,normal
2025-05-11 22:00:00,0.0,1.0,51.7,15.0,-17.2,0.0,Snow,storm
2025-05-11 23:00:00,0.0,2.6,55.7,15.0,-16.3,0.0,Cloudy,storm
2025-05-12 00:00:00,16.9,0.0,54.9,15.0,-18.3,0.0,Cloudy,storm
2025-05-12 01:00:00,15.1,0.0,54.2,15.0,-16.9,0.0,Storm,storm
2025-05-12 02:00:00,0.0,38.1,51.2,15.0,-16.3,0.0,Clear,storm
2025-05-12 03:00:00,0.0,0.0,45.0,15.0,-18.8,0.0,Cloudy,storm
2025-05-12 04:00:00,0.0,28.3,55.2,15.0,-15.0,0.0,Cloudy,storm
2025-05-12 05:00:00,3.4,120.0,53.4,40.8,-18.7,0.0,Storm,normal
2025-05-12 06:00:00,19.9,44.8,57.8,43.3,-18.9,0.0,Cloudy,normal
2025-05-12 07:00:00,17.4,17.4,55.2,35.1,-21.6,0.0,Clear,normal
2025-05-12 08:00:00,0.0,0.7,68.2,15.0,-18.7,0.0,Cloudy,storm
2025-05-12 09:00:00,0.0,45.0,60.8,15.0,-19.9,0.0,Clear,storm
2025-05-12 10:00:00,0.0,120.0,63.5,35.8,-20.8,0.0,Snow,normal
2025-05-12 11:00:00,10.1,120.0,64.0,60.1,-20.9,0.0,Cloudy,normal
2025-05-12 12:00:00,26.7,34.7,50.0,64.3,-13.0,0.0,Cloudy,peak_solar
2025-05-12 13:00:00,10.5,34.3,63.7,56.7,-19.1,0.0,Cloudy,normal
2025-05-12 14:00:00,0.0,120.0,67.7,76.0,-21.4,0.0,Storm,normal
2025-05-12 15:00:00,0.0,120.0,64.0,95.0,-19.3,0.0,Storm,normal
2025-05-12 16:00:00,0.0,10.8,69.8,71.4,-17.5,0.0,Clear,normal
2025-05-12 17:00:00,24.0,120.0,55.3,95.0,-15.9,0.0,Storm,peak_solar
2025-05-12 18:00:00,31.1,0.0,51.7,86.8,-15.6,0.0,Clear,normal
2025-05-12 19:00:00,7.9,39.2,53.4,84.2,-15.2,0.0,Clear,normal
2025-05-12 20:00:00,0.0,51.2,61.4,80.1,-18.1,0.0,Snow,normal
2025-05-12 21:00:00,0.0,0.4,55.7,58.0,-15.9,0.0,Cloudy,normal
2025-05-12 22:00:00,0.0,0.0,54.5,36.2,-18.8,0.0,Clear,normal
2025-05-12 23:00:00,15.5,0.5,51.4,22.1,-18.4,0.0,Cloudy,normal
2025-05-13 00:00:00,0.0,120.0,60.6,43.9,-19.6,0.0,Storm,normal
2025-05-13 01:00:00,12.1,120.0,55.1,72.2,-20.6,0.0,Storm,normal
2025-05-13 02:00:00,29.8,120.0,45.5,95.0,-16.0,0.0,Clear,peak_solar
2025-05-13 03:00:00,0.0,1.2,56.2,73.0,-17.2,0.0,Snow,normal
2025-05-13 04:00:00,0.0,120.0,54.5,95.0,-16.9,0.0,Storm,normal
2025-05-13 05:00:00,0.0,1.7,55.2,73.6,-19.3,0.0,Clear,normal
2025-05-13 06:00:00,15.4,46.8,59.4,74.6,-17.9,0.0,Clear,normal
2025-05-13 07:00:00,9.8,21.2,58.3,63.7,-23.7,0.0,Snow,normal
2025-05-13 08:00:00,3.9,5.7,62.0,42.7,-17.9,0.0,Clear,normal
2025-05-13 09:00:00,0.0,110.4,58.5,61.8,-19.4,0.0,Snow,normal
2025-05-13 10:00:00,0.0,120.0,58.5,84.5,-18.3,0.0,Cloudy,normal
2025-05-13 11:00:00,6.4,0.9,59.7,63.5,-18.6,0.0,Cloudy,normal
2025-05-13 12:00:00,24.3,25.2,67.1,56.5,-21.3,0.0,Clear,normal
2025-05-13 13:00:00,4.3,120.0,62.3,79.3,-22.0,0.0,Snow,normal
2025-05-13 14:00:00,0.0,0.0,62.5,54.3,-19.9,0.0,Snow,normal
2025-05-13 15:00:00,0.0,65.4,58.8,56.7,-16.7,0.0,Clear,normal
2025-05-13 16:00:00,4.2,120.0,58.9,80.7,-16.1,0.0,Clear,normal
2025-05-13 17:00:00,18.8,73.3,60.2,92.5,-20.3,0.0,Cloudy,normal
2025-05-13 18:00:00,14.0,82.7,61.4,95.0,-19.2,0.0,Clear,normal
2025-05-13 19:00:00,0.0,17.0,56.9,79.0,-18.5,0.0,Cloudy,normal
2025-05-13 20:00:00,0.0,120.0,60.4,95.0,-17.6,0.0,Snow,normal
2025-05-13 21:00:00,0.0,0.0,54.8,73.1,-19.9,0.0,Cloudy,normal
2025-05-13 22:00:00,23.4,0.6,55.5,60.5,-20.2,0.0,Clear,normal
2025-05-13 23:00:00,9.6,79.2,56.3,72.4,-19.1,0.0,Snow,normal
2025-05-14 00:00:00,0.0,120.0,59.8,94.5,-17.6,0.0,Clear,normal
2025-05-14 01:00:00,0.0,120.0,49.1,95.0,-20.7,0.0,Storm,normal
2025-05-14 02:00:00,5.9,120.0,52.3,95.0,-18.8,0.0,Storm,normal
2025-05-14 03:00:00,21.2,1.3,48.0,84.8,-16.6,0.0,Cloudy,normal
2025-05-14 04:00:00,2.4,0.1,58.4,62.5,-22.1,0.0,Snow,normal
2025-05-14 05:00:00,0.0,120.0,57.8,85.4,-20.0,0.0,Cloudy,normal
2025-05-14 06:00:00,0.0,4.9,47.8,68.2,-17.6,0.0,Snow,normal
2025-05-14 07:00:00,12.6,19.4,57.2,58.2,-20.9,0.0,Cloudy,normal
2025-05-14 08:00:00,16.4,120.0,67.8,83.4,-21.3,0.0,Cloudy,normal
2025-05-14 09:00:00,0.0,40.1,62.1,74.6,-17.4,0.0,Cloudy,normal
2025-05-14 10:00:00,0.0,120.0,62.2,95.0,-20.5,0.0,Cloudy,normal
2025-05-14 11:00:00,5.6,0.8,62.8,72.4,-17.1,0.0,Clear,normal
2025-05-14 12:00:00,18.2,54.2,60.3,76.9,-18.3,0.0,Cloudy,normal
2025-05-14 13:00:00,5.2,51.2,66.3,72.9,-19.7,0.0,Clear,normal
2025-05-14 14:00:00,0.0,120.0,61.9,94.3,-17.5,0.0,Storm,normal
2025-05-14 15:00:00,0.0,120.0,59.6,95.0,-17.4,0.0,Storm,normal
2025-05-14 16:00:00,22.2,4.5,53.5,84.3,-15.5,0.0,Clear,normal
2025-05-14 17:00:00,6.8,0.2,61.8,62.4,-18.7,0.0,Snow,normal
2025-05-14 18:00:00,0.0,120.0,55.8,86.0,-17.1,0.0,Snow,normal
2025-05-14 19:00:00,0.0,0.0,55.8,63.7,-17.2,0.0,Clear,normal
2025-05-14 20:00:00,4.4,120.0,57.1,88.5,-15.5,0.0,Cloudy,normal
2025-05-14 21:00:00,23.3,120.0,54.0,95.0,-19.3,0.0,Cloudy,normal
2025-05-14 22:00:00,3.8,3.2,45.2,79.7,-15.0,0.0,Cloudy,normal
2025-05-14 23:00:00,0.0,0.0,50.7,59.4,-16.4,0.0,Clear,normal
2025-05-15 00:00:00,3.9,120.0,54.8,84.8,-20.8,0.0,Storm,normal
2025-05-15 01:00:00,32.6,120.0,48.3,95.0,-15.7,0.0,Storm,peak_solar
2025-05-15 02:00:00,0.0,120.0,47.8,95.0,-13.8,0.0,Storm,normal
2025-05-15 03:00:00,0.0,120.0,54.5,95.0,-16.9,0.0,Storm,normal
2025-05-15 04:00:00,9.1,0.0,49.8,78.7,-16.3,0.0,Snow,normal
2025-05-15 05:00:00,9.7,28.3,56.9,71.2,-19.6,0.0,Snow,normal
2025-05-15 06:00:00,0.0,51.2,58.4,68.3,-23.7,0.0,Snow,normal
2025-05-15 07:00:00,0.0,33.5,63.3,56.4,-24.2,0.0,Cloudy,normal
2025-05-15 08:00:00,10.9,120.0,65.8,80.3,-19.6,0.0,Snow,normal
2025-05-15 09:00:00,7.1,0.1,63.6,57.8,-21.5,0.0,Cloudy,normal
2025-05-15 10:00:00,0.0,0.0,62.3,32.8,-22.0,0.0,Clear,normal
2025-05-15 11:00:00,0.0,0.0,64.8,15.0,-19.9,0.0,Snow,storm
2025-05-15 12:00:00,24.6,120.0,59.0,46.5,-18.1,0.0,Storm,peak_solar
2025-05-15 13:00:00,0.0,0.0,59.0,22.9,-22.3,0.0,Snow,normal
2025-05-15 14:00:00,0.0,33.0,65.6,15.0,-19.7,0.0,Clear,storm
2025-05-15 15:00:00,3.5,2.7,55.6,15.0,-15.0,0.0,Snow,storm
2025-05-15 16:00:00,19.6,3.3,55.0,15.0,-20.3,0.0,Cloudy,storm
2025-05-15 17:00:00,0.0,12.7,58.4,15.0,-15.7,0.0,Clear,storm
2025-05-15 18:00:00,0.0,3.9,65.2,15.0,-18.5,0.0,Clear,storm
2025-05-15 19:00:00,15.3,0.0,56.6,15.0,-16.0,0.0,Cloudy,storm
2025-05-15 20:00:00,19.0,12.7,56.4,15.0,-14.8,0.0,Clear,storm
2025-05-15 21:00:00,0.0,0.9,52.6,15.0,-15.6,0.0,Clear,storm
2025-05-15 22:00:00,0.0,0.7,48.6,15.0,-15.4,0.0,Cloudy,storm
2025-05-15 23:00:00,27.0,120.0,54.8,48.9,-20.2,0.0,Storm,peak_solar
2025-05-16 00:00:00,0.0,0.0,54.3,27.2,-15.7,0.0,Cloudy,normal
2025-05-16 01:00:00,22.9,11.0,58.1,17.5,-20.4,0.0,Cloudy,normal
2025-05-16 02:00:00,0.0,42.3,54.2,15.0,-18.3,0.0,Cloudy,storm
2025-05-16 03:00:00,0.0,120.0,47.0,41.8,-18.7,0.0,Storm,normal
2025-05-16 04:00:00,22.7,0.0,55.9,28.6,-18.6,0.0,Clear,normal
2025-05-16 05:00:00,0.0,120.0,52.6,53.4,-19.2,0.0,Storm,normal
2025-05-16 06:00:00,7.0,12.6,59.0,37.6,-22.0,0.0,Cloudy,normal
2025-05-16 07:00:00,7.4,14.2,52.2,25.4,-23.3,0.0,Cloudy,normal
2025-05-16 08:00:00,0.0,116.6,65.2,44.2,-18.5,0.0,Clear,normal
2025-05-16 09:00:00,24.5,120.0,59.5,75.5,-19.9,0.0,Storm,peak_solar
2025-05-16 10:00:00,0.0,3.9,62.4,52.1,-17.7,0.0,Snow,normal
2025-05-16 11:00:00,0.0,51.6,66.7,46.0,-20.0,0.0,Snow,normal
2025-05-16 12:00:00,17.1,35.2,67.3,40.0,-22.7,0.0,Cloudy,normal
2025-05-16 13:00:00,0.0,30.7,61.6,27.6,-17.1,0.0,Cloudy,normal
2025-05-16 14:00:00,0.0,120.0,63.0,48.6,-19.7,0.0,Snow,normal
2025-05-16 15:00:00,22.1,1.4,55.8,35.6,-17.7,0.0,Cloudy,normal
2025-05-16 16:00:00,0.0,6.6,67.9,15.0,-19.6,0.0,Cloudy,storm
2025-05-16 17:00:00,13.0,0.0,61.6,15.0,-14.2,0.0,Clear,storm
2025-05-16 18:00:00,6.6,96.4,61.0,30.5,-19.5,0.0,Cloudy,normal
2025-05-16 19:00:00,0.0,26.8,47.5,22.2,-18.2,0.0,Snow,normal
2025-05-16 20:00:00,24.8,120.0,64.1,51.9,-17.1,0.0,Storm,peak_solar
2025-05-16 21:00:00,0.0,0.0,47.5,32.9,-19.8,0.0,Cloudy,normal
2025-05-16 22:00:00,0.0,120.0,54.0,57.1,-16.9,0.0,Storm,normal
2025-05-16 23:00:00,30.2,120.0,46.4,95.0,-14.3,0.0,Clear,peak_solar
2025-05-17 00:00:00,0.0,0.0,56.3,72.5,-19.4,0.0,Snow,normal
2025-05-17 01:00:00,0.0,120.0,48.8,95.0,-17.8,0.0,Cloudy,normal
2025-05-17 02:00:00,0.0,2.5,60.1,72.0,-25.1,0.0,Clear,normal
2025-05-17 03:00:00,0.0,9.6,47.7,56.7,-19.5,0.0,Snow,normal
2025-05-17 04:00:00,12.0,5.1,55.6,41.3,-20.5,0.0,Cloudy,normal
2025-05-17 05:00:00,10.9,120.0,56.9,68.6,-21.9,0.0,Storm,normal
2025-05-17 06:00:00,21.9,0.0,55.9,55.0,-18.0,0.0,Clear,normal
2025-05-17 07:00:00,0.0,15.4,54.3,39.4,-21.2,0.0,Cloudy,normal
2025-05-17 08:00:00,0.0,19.9,65.0,21.4,-20.9,0.0,Clear,normal
2025-05-17 09:00:00,0.0,4.4,62.7,15.0,-21.3,0.0,Clear,storm
2025-05-17 10:00:00,0.0,0.3,69.4,15.0,-24.6,0.0,Snow,storm
2025-05-17 11:00:00,9.6,0.0,67.2,15.0,-22.6,0.0,Snow,storm
2025-05-17 12:00:00,25.2,16.2,64.2,15.0,-17.7,0.0,Cloudy,storm
2025-05-17 13:00:00,10.0,96.7,62.4,31.3,-24.1,0.0,Cloudy,normal
2025-05-17 14:00:00,0.0,27.3,63.3,16.9,-20.7,0.0,Snow,normal
2025-05-17 15:00:00,0.0,0.3,63.7,15.0,-19.6,0.0,Snow,storm
2025-05-17 16:00:00,0.0,20.6,64.8,15.0,-14.5,0.0,Clear,storm
2025-05-17 17:00:00,0.0,120.0,67.2,34.4,-16.3,0.0,Storm,normal
2025-05-17 18:00:00,12.2,1.7,56.6,17.4,-19.0,0.0,Cloudy,normal
2025-05-17 19:00:00,25.7,40.6,55.2,21.4,-14.7,0.0,Cloudy,peak_solar
2025-05-17 20:00:00,14.7,58.6,52.2,29.2,-19.2,0.0,Clear,normal
2025-05-17 21:00:00,0.0,0.0,59.2,15.0,-15.4,0.0,Cloudy,storm
2025-05-17 22:00:00,0.0,8.0,57.1,15.0,-20.8,0.0,Cloudy,storm
2025-05-17 23:00:00,0.0,8.4,52.9,15.0,-15.6,0.0,Clear,storm
2025-05-18 00:00:00,0.0,24.6,53.8,15.0,-20.1,0.0,Cloudy,storm
2025-05-18 01:00:00,0.0,120.0,56.5,38.4,-21.5,0.0,Storm,normal
2025-05-18 02:00:00,0.0,0.0,59.2,15.0,-19.7,0.0,Cloudy,storm
2025-05-18 03:00:00,0.0,120.0,49.4,41.0,-18.6,0.0,Storm,normal
2025-05-18 04:00:00,0.0,117.0,50.8,65.3,-20.3,0.0,Cloudy,normal
2025-05-18 05:00:00,0.0,120.0,52.0,90.4,-18.0,0.0,Storm,normal
2025-05-18 06:00:00,0.0,0.0,55.5,68.1,-20.5,0.0,Cloudy,normal
2025-05-18 07:00:00,0.0,0.0,55.1,46.1,-17.9,0.0,Snow,normal
2025-05-18 08:00:00,0.0,0.0,61.4,21.5,-18.3,0.0,Storm,normal
2025-05-18 09:00:00,0.0,0.0,59.0,15.0,-19.4,0.0,Cloudy,storm
2025-05-18 10:00:00,0.0,0.6,61.7,15.0,-20.2,0.0,Clear,storm
2025-05-18 11:00:00,0.0,0.6,62.6,15.0,-18.9,0.0,Clear,storm
2025-05-18 12:00:00,0.0,104.1,63.6,29.9,-18.0,0.0,Cloudy,normal
2025-05-18 13:00:00,0.0,11.0,61.7,15.0,-14.7,0.0,Snow,storm
2025-05-18 14:00:00,0.0,1.4,59.1,15.0,-17.2,0.0,Clear,storm
2025-05-18 15:00:00,0.0,120.0,57.3,38.1,-17.1,0.0,Storm,normal
2025-05-18 16:00:00,0.0,0.0,51.8,17.4,-12.4,0.0,Cloudy,normal
2025-05-18 17:00:00,0.0,120.0,65.8,37.3,-18.1,0.0,Storm,normal
2025-05-18 18:00:00,0.0,18.8,59.4,21.0,-18.2,0.0,Cloudy,normal
2025-05-18 19:00:00,0.0,1.3,57.6,15.0,-17.7,0.0,Snow,storm
2025-05-18 20:00:00,0.0,2.3,65.2,15.0,-21.5,0.0,Cloudy,storm
2025-05-18 21:00:00,0.0,7.7,61.7,15.0,-20.2,0.0,Cloudy,storm
2025-05-18 22:00:00,0.0,0.7,51.7,15.0,-20.4,0.0,Clear,storm
2025-05-18 23:00:00,0.0,120.0,55.2,38.9,-17.8,0.0,Clear,normal
2025-05-19 00:00:00,0.0,5.6,53.0,19.9,-19.8,0.0,Clear,normal
2025-05-19 01:00:00,0.0,120.0,54.5,44.0,-19.1,0.0,Clear,normal
2025-05-19 02:00:00,0.0,2.5,55.2,22.9,-17.0,0.0,Cloudy,normal
2025-05-19 03:00:00,0.0,39.7,57.4,15.9,-17.5,0.0,Clear,normal
2025-05-19 04:00:00,0.0,39.7,52.7,15.0,-19.8,0.0,Cloudy,storm
2025-05-19 05:00:00,0.0,24.2,58.9,15.0,-20.9,0.0,Cloudy,storm
2025-05-19 06:00:00,0.0,120.0,52.8,39.7,-16.9,0.0,Storm,normal
2025-05-19 07:00:00,0.0,120.0,54.3,63.9,-17.7,0.0,Storm,normal
2025-05-19 08:00:00,0.0,120.0,70.8,82.0,-22.9,0.0,Cloudy,normal
2025-05-19 09:00:00,0.0,120.0,60.3,95.0,-20.1,0.0,Storm,normal
2025-05-19 10:00:00,0.0,120.0,65.1,95.0,-19.0,0.0,Clear,normal
2025-05-19 11:00:00,0.0,4.2,61.3,72.2,-17.7,0.0,Snow,normal
2025-05-19 12:00:00,0.0,14.6,65.1,52.0,-17.4,0.0,Clear,normal
2025-05-19 13:00:00,0.0,0.0,63.4,26.6,-18.8,0.0,Cloudy,normal
2025-05-19 14:00:00,0.0,0.2,60.5,15.0,-18.1,0.0,Cloudy,storm
2025-05-19 15:00:00,0.0,0.0,65.8,15.0,-19.3,0.0,Snow,storm
2025-05-19 16:00:00,0.0,1.2,61.6,15.0,-20.9,0.0,Snow,storm
2025-05-19 17:00:00,0.0,49.2,61.4,15.0,-20.0,0.0,Snow,storm
2025-05-19 18:00:00,0.0,3.6,59.4,15.0,-19.4,0.0,Cloudy,storm
2025-05-19 19:00:00,0.0,120.0,60.0,37.1,-19.5,0.0,Snow,normal
2025-05-19 20:00:00,0.0,0.3,55.7,15.0,-23.6,0.0,Cloudy,storm
2025-05-19 21:00:00,0.0,114.4,53.3,37.5,-20.3,0.0,Snow,normal
2025-05-19 22:00:00,0.0,0.1,54.0,16.0,-19.3,0.0,Clear,normal
2025-05-19 23:00:00,0.0,120.0,58.0,38.8,-20.0,0.0,Storm,normal
2025-05-20 00:00:00,0.0,0.3,51.4,18.3,-20.1,0.0,Snow,normal
2025-05-20 01:00:00,0.0,79.7,51.5,28.7,-18.5,0.0,Clear,normal
2025-05-20 02:00:00,0.0,1.4,56.3,15.0,-22.0,0.0,Clear,storm
2025-05-20 03:00:00,0.0,120.0,61.3,36.6,-23.2,0.0,Storm,normal
2025-05-20 04:00:00,0.0,120.0,56.1,60.1,-20.4,0.0,Storm,normal
2025-05-20 05:00:00,0.0,73.3,54.4,67.1,-17.9,0.0,Clear,normal
2025-05-20 06:00:00,0.0,69.5,54.4,72.6,-15.9,0.0,Clear,normal
2025-05-20 07:00:00,0.0,120.0,54.9,95.0,-17.9,0.0,Clear,normal
2025-05-20 08:00:00,0.0,111.1,63.4,95.0,-22.8,0.0,Cloudy,normal
2025-05-20 09:00:00,0.0,120.0,69.9,95.0,-20.1,0.0,Storm,normal
2025-05-20 10:00:00,0.0,0.2,54.4,73.3,-19.0,0.0,Snow,normal
2025-05-20 11:00:00,0.0,24.6,65.8,56.9,-19.2,0.0,Cloudy,normal
2025-05-20 12:00:00,0.0,2.1,63.2,32.4,-18.4,0.0,Clear,normal
2025-05-20 13:00:00,0.0,120.0,69.6,51.0,-21.6,0.0,Storm,normal
2025-05-20 14:00:00,0.0,0.0,61.5,26.4,-19.4,0.0,Cloudy,normal
2025-05-20 15:00:00,0.0,120.0,59.7,48.6,-18.7,0.0,Storm,normal
2025-05-20 16:00:00,0.0,25.9,56.4,36.4,-17.8,0.0,Clear,normal
2025-05-20 17:00:00,0.0,120.0,60.2,58.4,-21.4,0.0,Storm,normal
2025-05-20 18:00:00,0.0,3.6,62.6,34.8,-20.3,0.0,Cloudy,normal
2025-05-20 19:00:00,0.0,0.0,65.1,15.0,-25.5,0.0,Clear,storm
2025-05-20 20:00:00,0.0,120.0,61.2,36.7,-21.0,0.0,Storm,normal
2025-05-20 21:00:00,0.0,91.5,51.5,51.4,-20.7,0.0,Clear,normal
2025-05-20 22:00:00,0.0,0.0,60.9,27.0,-21.8,0.0,Snow,normal
2025-05-20 23:00:00,0.0,17.1,51.3,15.0,-19.2,0.0,Cloudy,storm
2025-05-21 00:00:00,0.0,13.5,56.5,15.0,-19.9,0.0,Clear,storm
2025-05-21 01:00:00,0.0,84.8,59.2,24.4,-24.7,0.0,Cloudy,normal
2025-05-21 02:00:00,0.0,0.2,55.7,15.0,-19.3,0.0,Snow,storm
2025-05-21 03:00:00,0.0,0.0,55.8,15.0,-21.8,0.0,Clear,storm
2025-05-21 04:00:00,0.0,36.5,56.8,15.0,-18.7,0.0,Cloudy,storm
2025-05-21 05:00:00,0.0,0.4,60.0,15.0,-22.6,0.0,Snow,storm
2025-05-21 06:00:00,0.0,120.0,59.5,37.2,-19.7,0.0,Storm,normal
2025-05-21 07:00:00,0.0,120.0,52.8,62.0,-20.4,0.0,Snow,normal
2025-05-21 08:00:00,0.0,120.0,58.7,84.6,-19.1,0.0,Clear,normal
2025-05-21 09:00:00,0.0,0.0,60.9,60.2,-19.5,0.0,Snow,normal
2025-05-21 10:00:00,0.0,4.3,63.8,36.4,-20.3,0.0,Cloudy,normal
2025-05-21 11:00:00,0.0,9.2,68.2,15.0,-23.1,0.0,Cloudy,storm
2025-05-21 12:00:00,0.0,0.1,63.5,15.0,-23.0,0.0,Cloudy,storm
2025-05-21 13:00:00,0.0,113.3,64.8,32.8,-21.0,0.0,Clear,normal
2025-05-21 14:00:00,0.0,80.6,62.1,39.7,-19.8,0.0,Snow,normal
2025-05-21 15:00:00,0.0,120.0,63.0,60.6,-21.1,0.0,Snow,normal
2025-05-21 16:00:00,0.0,120.0,61.4,82.2,-18.4,0.0,Storm,normal
2025-05-21 17:00:00,0.0,120.0,69.4,95.0,-20.4,0.0,Storm,normal
2025-05-21 18:00:00,0.0,0.0,68.1,67.8,-21.9,0.0,Storm,normal
2025-05-21 19:00:00,0.0,22.5,67.6,49.8,-20.4,0.0,Cloudy,normal
2025-05-21 20:00:00,0.0,12.8,63.8,29.4,-19.3,0.0,Cloudy,normal
2025-05-21 21:00:00,0.0,109.7,61.0,47.3,-19.0,0.0,Cloudy,normal
2025-05-21 22:00:00,0.0,120.0,54.2,71.5,-15.6,0.0,Storm,normal
2025-05-21 23:00:00,0.0,0.0,50.5,51.3,-21.2,0.0,Cloudy,normal
2025-05-22 00:00:00,0.0,0.9,58.0,28.5,-20.1,0.0,Snow,normal
2025-05-22 01:00:00,0.0,2.9,55.4,15.0,-19.0,0.0,Clear,storm
2025-05-22 02:00:00,0.0,30.7,57.5,15.0,-20.0,0.0,Cloudy,storm
2025-05-22 03:00:00,0.0,4.5,50.0,15.0,-21.0,0.0,Clear,storm
2025-05-22 04:00:00,0.0,120.0,52.4,39.9,-23.3,0.0,Storm,normal
2025-05-22 05:00:00,0.0,45.0,55.7,35.6,-21.1,0.0,Cloudy,normal
2025-05-22 06:00:00,0.0,17.0,50.3,22.2,-22.3,0.0,Clear,normal
2025-05-22 07:00:00,0.0,83.6,61.5,30.4,-23.7,0.0,Clear,normal
2025-05-22 08:00:00,0.0,0.0,65.3,15.0,-21.7,0.0,Cloudy,storm
2025-05-22 09:00:00,0.0,73.8,73.0,15.3,-22.2,0.0,Cloudy,normal
2025-05-22 10:00:00,0.0,0.5,63.1,15.0,-18.6,0.0,Cloudy,storm
2025-05-22 11:00:00,0.0,120.0,64.4,35.5,-18.6,0.0,Clear,normal
2025-05-22 12:00:00,0.0,0.0,67.2,15.0,-21.9,0.0,Cloudy,storm
2025-05-22 13:00:00,0.0,98.3,63.8,27.7,-20.5,0.0,Clear,normal
2025-05-22 14:00:00,0.0,0.6,67.5,15.0,-24.0,0.0,Cloudy,storm
2025-05-22 15:00:00,0.0,120.0,63.8,35.7,-21.0,0.0,Storm,normal
2025-05-22 16:00:00,0.0,0.0,52.4,15.0,-19.0,0.0,Cloudy,storm
2025-05-22 17:00:00,0.0,27.6,65.6,15.0,-18.1,0.0,Clear,storm
2025-05-22 18:00:00,0.0,120.0,69.0,33.8,-21.5,0.0,Clear,normal
2025-05-22 19:00:00,0.0,63.4,64.1,33.5,-17.6,0.0,Snow,normal
2025-05-22 20:00:00,0.0,62.4,66.7,31.8,-23.3,0.0,Cloudy,normal
2025-05-22 21:00:00,0.0,0.0,57.2,15.0,-22.7,0.0,Clear,storm
2025-05-22 22:00:00,0.0,0.0,48.9,15.0,-18.4,0.0,Snow,storm
2025-05-22 23:00:00,0.0,56.3,46.3,18.7,-16.3,0.0,Clear,normal
2025-05-23 00:00:00,0.0,37.0,51.6,15.0,-19.0,0.0,Snow,storm
2025-05-23 01:00:00,0.0,0.2,56.0,15.0,-20.2,0.0,Cloudy,storm
2025-05-23 02:00:00,0.0,0.1,61.4,15.0,-24.9,0.0,Cloudy,storm
2025-05-23 03:00:00,0.0,18.0,57.4,15.0,-24.5,0.0,Clear,storm
2025-05-23 04:00:00,0.0,6.8,49.6,15.0,-19.8,0.0,Clear,storm
2025-05-23 05:00:00,0.0,120.0,53.2,39.6,-20.9,0.0,Storm,normal
2025-05-23 06:00:00,0.0,120.0,57.0,62.8,-22.5,0.0,Storm,normal
2025-05-23 07:00:00,0.0,120.0,48.8,89.0,-20.0,0.0,Clear,normal
2025-05-23 08:00:00,0.0,120.0,63.5,95.0,-19.8,0.0,Storm,normal
2025-05-23 09:00:00,0.0,2.1,67.4,68.8,-18.0,0.0,Clear,normal
2025-05-23 10:00:00,0.0,4.0,59.6,46.6,-19.8,0.0,Cloudy,normal
2025-05-23 11:00:00,0.0,120.0,68.9,65.4,-17.4,0.0,Storm,normal
2025-05-23 12:00:00,0.0,27.6,60.3,52.3,-20.1,0.0,Snow,normal
2025-05-23 13:00:00,0.0,33.0,62.4,40.6,-20.3,0.0,Cloudy,normal
2025-05-23 14:00:00,0.0,0.0,62.7,15.5,-17.8,0.0,Clear,normal
2025-05-23 15:00:00,0.0,120.0,65.0,35.7,-22.2,0.0,Storm,normal
2025-05-23 16:00:00,0.0,111.5,50.1,58.3,-13.9,0.0,Snow,normal
2025-05-23 17:00:00,0.0,10.2,63.3,37.1,-19.3,0.0,Cloudy,normal
2025-05-23 18:00:00,0.0,4.1,62.6,15.0,-19.3,0.0,Clear,storm
2025-05-23 19:00:00,0.0,120.0,60.8,36.8,-18.9,0.0,Storm,normal
2025-05-23 20:00:00,0.0,2.2,59.3,15.0,-16.0,0.0,Clear,storm
2025-05-23 21:00:00,0.0,0.0,55.2,15.0,-18.4,0.0,Cloudy,storm
2025-05-23 22:00:00,0.0,120.0,55.0,38.9,-23.6,0.0,Storm,normal
2025-05-23 23:00:00,0.0,120.0,54.1,63.1,-17.0,0.0,Storm,normal
2025-05-24 00:00:00,0.0,2.2,53.6,42.6,-21.0,0.0,Snow,normal
2025-05-24 01:00:00,0.0,120.0,61.1,64.2,-20.0,0.0,Storm,normal
2025-05-24 02:00:00,0.0,19.8,62.3,47.3,-23.1,0.0,Cloudy,normal
2025-05-24 03:00:00,0.0,2.3,50.1,28.2,-19.1,0.0,Cloudy,normal
2025-05-24 04:00:00,0.0,104.1,61.6,43.8,-21.7,0.0,Cloudy,normal
2025-05-24 05:00:00,0.0,0.0,56.6,21.1,-20.0,0.0,Cloudy,normal
2025-05-24 06:00:00,0.0,0.4,58.0,15.0,-20.9,0.0,Cloudy,storm
2025-05-24 07:00:00,0.0,58.6,50.3,18.1,-16.0,0.0,Clear,normal
2025-05-24 08:00:00,0.0,35.5,57.5,15.0,-15.9,0.0,Cloudy,storm
2025-05-24 09:00:00,0.0,120.0,62.1,36.3,-20.2,0.0,Storm,normal
2025-05-24 10:00:00,0.0,0.0,59.3,15.0,-20.1,0.0,Clear,storm
2025-05-24 11:00:00,0.0,120.0,56.6,38.3,-21.1,0.0,Storm,normal
2025-05-24 12:00:00,0.0,6.4,58.2,17.6,-17.8,0.0,Clear,normal
2025-05-24 13:00:00,0.0,32.1,61.4,15.0,-21.0,0.0,Clear,storm
2025-05-24 14:00:00,0.0,5.4,59.8,15.0,-21.2,0.0,Clear,storm
2025-05-24 15:00:00,0.0,0.0,63.4,15.0,-18.1,0.0,Clear,storm
2025-05-24 16:00:00,0.0,23.2,65.4,15.0,-21.4,0.0,Cloudy,storm
2025-05-24 17:00:00,0.0,120.0,60.9,36.7,-20.3,0.0,Cloudy,normal
2025-05-24 18:00:00,0.0,14.4,65.4,16.3,-23.7,0.0,Snow,normal
2025-05-24 19:00:00,0.0,0.8,62.6,15.0,-18.7,0.0,Clear,storm
2025-05-24 20:00:00,0.0,120.0,56.1,38.5,-16.0,0.0,Storm,normal
2025-05-24 21:00:00,0.0,120.0,45.0,66.1,-18.7,0.0,Storm,normal
2025-05-24 22:00:00,0.0,12.0,56.8,48.2,-17.0,0.0,Clear,normal
2025-05-24 23:00:00,0.0,68.8,56.6,52.7,-22.1,0.0,Snow,normal
2025-05-25 00:00:00,0.0,120.0,56.0,76.2,-19.9,0.0,Storm,normal
2025-05-25 01:00:00,0.0,120.0,58.2,95.0,-22.5,0.0,Clear,normal
2025-05-25 02:00:00,0.0,64.6,50.1,95.0,-20.9,0.0,Clear,normal
2025-05-25 03:00:00,0.0,120.0,51.0,95.0,-18.7,0.0,Cloudy,normal
2025-05-25 04:00:00,0.0,82.4,55.2,95.0,-20.2,0.0,Snow,normal
2025-05-25 05:00:00,0.0,27.7,57.7,83.0,-23.5,0.0,Snow,normal
2025-05-25 06:00:00,0.0,0.0,53.8,61.5,-23.3,0.0,Cloudy,normal
2025-05-25 07:00:00,0.0,0.3,59.9,37.7,-23.5,0.0,Cloudy,normal
2025-05-25 08:00:00,0.0,91.8,64.6,47.7,-19.3,0.0,Cloudy,normal
2025-05-25 09:00:00,0.0,5.2,57.4,26.9,-15.9,0.0,Snow,normal
2025-05-25 10:00:00,0.0,83.8,64.4,34.0,-17.4,0.0,Snow,normal
2025-05-25 11:00:00,0.0,0.0,69.7,15.0,-24.6,0.0,Cloudy,storm
2025-05-25 12:00:00,0.0,1.4,61.8,15.0,-17.3,0.0,Clear,storm
2025-05-25 13:00:00,0.0,14.5,59.4,15.0,-18.4,0.0,Cloudy,storm
2025-05-25 14:00:00,0.0,0.0,66.1,15.0,-23.8,0.0,Cloudy,storm
2025-05-25 15:00:00,0.0,0.6,67.4,15.0,-21.1,0.0,Cloudy,storm
2025-05-25 16:00:00,0.0,2.5,55.2,15.0,-18.0,0.0,Cloudy,storm
2025-05-25 17:00:00,0.0,43.8,56.7,15.0,-19.2,0.0,Cloudy,storm
2025-05-25 18:00:00,0.0,11.8,64.7,15.0,-23.3,0.0,Snow,storm
2025-05-25 19:00:00,0.0,50.5,62.0,15.0,-19.1,0.0,Cloudy,storm
2025-05-25 20:00:00,0.0,30.8,67.7,15.0,-25.1,0.0,Cloudy,storm
2025-05-25 21:00:00,0.0,10.3,58.0,15.0,-20.9,0.0,Clear,storm
2025-05-25 22:00:00,0.0,2.6,53.9,15.0,-17.9,0.0,Cloudy,storm
2025-05-25 23:00:00,0.0,33.8,55.5,15.0,-20.4,0.0,Clear,storm
2025-05-26 00:00:00,0.0,120.0,55.5,38.7,-21.7,0.0,Storm,normal
2025-05-26 01:00:00,0.0,2.6,56.9,17.0,-18.6,0.0,Cloudy,normal
2025-05-26 02:00:00,0.0,120.0,58.2,39.8,-18.4,0.0,Storm,normal
2025-05-26 03:00:00,0.0,36.2,51.5,33.6,-17.7,0.0,Snow,normal
2025-05-26 04:00:00,0.0,120.0,55.3,57.4,-18.7,0.0,Storm,normal
2025-05-26 05:00:00,0.0,72.2,52.2,64.8,-18.2,0.0,Cloudy,normal
2025-05-26 06:00:00,0.0,102.7,49.2,84.5,-19.0,0.0,Snow,normal
2025-05-26 07:00:00,0.0,0.6,48.3,65.4,-20.0,0.0,Clear,normal
2025-05-26 08:00:00,0.0,5.1,68.1,40.2,-20.4,0.0,Clear,normal
2025-05-26 09:00:00,0.0,0.0,67.3,15.0,-21.1,0.0,Snow,storm
2025-05-26 10:00:00,0.0,13.6,67.9,15.0,-23.3,0.0,Snow,storm
2025-05-26 11:00:00,0.0,120.0,69.7,33.5,-22.7,0.0,Cloudy,normal
2025-05-26 12:00:00,0.0,14.0,61.0,15.0,-21.2,0.0,Snow,storm
2025-05-26 13:00:00,0.0,120.0,66.7,34.6,-20.1,0.0,Storm,normal
2025-05-26 14:00:00,0.0,7.3,61.8,15.0,-17.4,0.0,Snow,storm
2025-05-26 15:00:00,0.0,1.9,62.0,15.0,-20.7,0.0,Snow,storm
2025-05-26 16:00:00,0.0,4.3,52.2,15.0,-18.4,0.0,Snow,storm
2025-05-26 17:00:00,0.0,120.0,55.5,38.7,-18.2,0.0,Cloudy,normal
2025-05-26 18:00:00,0.0,120.0,71.0,56.8,-21.1,0.0,Storm,normal
2025-05-26 19:00:00,0.0,120.0,69.0,75.5,-19.3,0.0,Storm,normal
2025-05-26 20:00:00,0.0,120.0,58.4,95.0,-21.1,0.0,Clear,normal
2025-05-26 21:00:00,0.0,120.0,45.0,95.0,-17.7,0.0,Storm,normal
2025-05-26 22:00:00,0.0,0.0,59.4,71.2,-19.2,0.0,Cloudy,normal
2025-05-26 23:00:00,0.0,0.0,57.9,48.1,-23.2,0.0,Cloudy,normal
2025-05-27 00:00:00,0.0,0.8,52.5,27.4,-20.4,0.0,Cloudy,normal
2025-05-27 01:00:00,0.0,120.0,47.2,54.2,-17.1,0.0,Storm,normal
2025-05-27 02:00:00,0.0,120.0,51.1,79.6,-21.1,0.0,Storm,normal
2025-05-27 03:00:00,0.0,0.0,60.0,55.5,-19.8,0.0,Storm,normal
2025-05-27 04:00:00,0.0,0.7,55.5,33.6,-19.5,0.0,Snow,normal
2025-05-27 05:00:00,0.0,19.9,50.8,21.2,-23.0,0.0,Snow,normal
2025-05-27 06:00:00,0.0,0.0,51.8,15.0,-19.6,0.0,Clear,storm
2025-05-27 07:00:00,0.0,0.0,65.1,15.0,-23.8,0.0,Cloudy,storm
2025-05-27 08:00:00,0.0,10.4,66.3,15.0,-22.1,0.0,Snow,storm
2025-05-27 09:00:00,0.0,0.9,55.8,15.0,-18.4,0.0,Clear,storm
2025-05-27 10:00:00,0.0,1.0,60.4,15.0,-20.0,0.0,Clear,storm
2025-05-27 11:00:00,0.0,3.2,64.0,15.0,-21.4,0.0,Clear,storm
2025-05-27 12:00:00,0.0,120.0,66.6,34.6,-19.8,0.0,Storm,normal
2025-05-27 13:00:00,0.0,120.0,63.5,55.4,-20.9,0.0,Storm,normal
2025-05-27 14:00:00,0.0,0.3,69.2,27.9,-20.7,0.0,Clear,normal
2025-05-27 15:00:00,0.0,120.0,63.4,48.7,-19.3,0.0,Storm,normal
2025-05-27 16:00:00,0.0,1.4,56.1,26.8,-22.3,0.0,Cloudy,normal
2025-05-27 17:00:00,0.0,0.0,65.8,15.0,-20.7,0.0,Cloudy,storm
2025-05-27 18:00:00,0.0,2.7,63.7,15.0,-21.4,0.0,Clear,storm
2025-05-27 19:00:00,0.0,57.6,65.2,15.0,-24.2,0.0,Snow,storm
2025-05-27 20:00:00,0.0,0.6,67.4,15.0,-22.8,0.0,Cloudy,storm
2025-05-27 21:00:00,0.0,120.0,51.3,40.3,-17.3,0.0,Cloudy,normal
2025-05-27 22:00:00,0.0,3.7,55.7,19.5,-19.9,0.0,Cloudy,normal
2025-05-27 23:00:00,0.0,69.0,56.6,24.0,-23.7,0.0,Cloudy,normal
2025-05-28 00:00:00,0.0,0.3,57.0,15.0,-24.3,0.0,Cloudy,storm
2025-05-28 01:00:00,0.0,26.9,60.5,15.0,-21.1,0.0,Cloudy,storm
2025-05-28 02:00:00,0.0,0.8,53.0,15.0,-17.5,0.0,Clear,storm
2025-05-28 03:00:00,0.0,11.7,57.9,15.0,-21.3,0.0,Clear,storm
2025-05-28 04:00:00,0.0,120.0,50.7,40.5,-18.0,0.0,Storm,normal
2025-05-28 05:00:00,0.0,6.2,59.4,19.2,-20.1,0.0,Cloudy,normal
2025-05-28 06:00:00,0.0,0.0,55.7,15.0,-19.9,0.0,Snow,storm
2025-05-28 07:00:00,0.0,32.1,57.4,15.0,-23.8,0.0,Cloudy,storm
2025-05-28 08:00:00,0.0,33.7,66.9,15.0,-18.8,0.0,Cloudy,storm
2025-05-28 09:00:00,0.0,33.0,63.2,15.0,-21.6,0.0,Snow,storm
2025-05-28 10:00:00,0.0,105.8,62.7,30.9,-19.0,0.0,Cloudy,normal
2025-05-28 11:00:00,0.0,5.2,60.9,15.0,-22.7,0.0,Cloudy,storm
2025-05-28 12:00:00,0.0,120.0,61.0,36.7,-20.5,0.0,Snow,normal
2025-05-28 13:00:00,0.0,23.8,66.2,19.8,-20.1,0.0,Cloudy,normal
2025-05-28 14:00:00,0.0,0.0,64.0,15.0,-21.2,0.0,Clear,storm
2025-05-28 15:00:00,0.0,120.0,63.4,35.8,-20.0,0.0,Cloudy,normal
2025-05-28 16:00:00,0.0,41.7,64.1,26.9,-21.5,0.0,Cloudy,normal
2025-05-28 17:00:00,0.0,117.4,65.1,46.1,-22.3,0.0,Clear,normal
2025-05-28 18:00:00,0.0,0.0,58.2,22.8,-17.4,0.0,Cloudy,normal
2025-05-28 19:00:00,0.0,120.0,59.7,45.0,-18.6,0.0,Cloudy,normal
2025-05-28 20:00:00,0.0,0.0,64.4,19.2,-22.6,0.0,Storm,normal
2025-05-28 21:00:00,0.0,0.0,53.5,15.0,-19.7,0.0,Cloudy,storm
2025-05-28 22:00:00,0.0,120.0,59.4,37.3,-22.5,0.0,Storm,normal
2025-05-28 23:00:00,0.0,42.1,60.2,30.1,-23.5,0.0,Clear,normal
2025-05-29 00:00:00,0.0,24.8,59.1,16.4,-18.8,0.0,Clear,normal
2025-05-29 01:00:00,0.0,120.0,62.6,37.5,-24.8,0.0,Storm,normal
2025-05-29 02:00:00,0.0,120.0,50.5,63.1,-19.0,0.0,Cloudy,normal
2025-05-29 03:00:00,0.0,120.0,53.9,87.4,-21.6,0.0,Storm,normal
2025-05-29 04:00:00,0.0,0.0,60.2,63.4,-21.5,0.0,Cloudy,normal
2025-05-29 05:00:00,0.0,120.0,57.8,86.2,-20.2,0.0,Storm,normal
2025-05-29 06:00:00,0.0,68.8,59.0,89.8,-19.8,0.0,Clear,normal
2025-05-29 07:00:00,0.0,0.0,57.9,66.7,-22.9,0.0,Cloudy,normal
2025-05-29 08:00:00,0.0,6.5,61.5,44.7,-19.5,0.0,Clear,normal
2025-05-29 09:00:00,0.0,45.4,65.2,36.8,-20.8,0.0,Snow,normal
2025-05-29 10:00:00,0.0,6.0,61.3,15.0,-23.8,0.0,Clear,storm
2025-05-29 11:00:00,0.0,17.0,63.6,15.0,-21.4,0.0,Cloudy,storm
2025-05-29 12:00:00,0.0,3.4,68.8,15.0,-18.0,0.0,Snow,storm
2025-05-29 13:00:00,0.0,0.0,59.1,15.0,-17.4,0.0,Storm,storm
2025-05-29 14:00:00,0.0,120.0,62.4,36.2,-19.5,0.0,Snow,normal
2025-05-29 15:00:00,0.0,32.1,65.9,22.7,-23.7,0.0,Clear,normal
2025-05-29 16:00:00,0.0,0.2,69.0,15.0,-20.0,0.0,Clear,storm
2025-05-29 17:00:00,0.0,120.0,57.5,38.0,-19.2,0.0,Storm,normal
2025-05-29 18:00:00,0.0,101.4,65.2,51.3,-19.5,0.0,Snow,normal
2025-05-29 19:00:00,0.0,0.5,60.7,27.2,-19.3,0.0,Snow,normal
2025-05-29 20:00:00,0.0,0.5,60.7,15.0,-20.3,0.0,Cloudy,storm
2025-05-29 21:00:00,0.0,18.4,49.5,15.0,-21.2,0.0,Snow,storm
2025-05-29 22:00:00,0.0,33.0,64.3,15.0,-22.4,0.0,Cloudy,storm
2025-05-29 23:00:00,0.0,120.0,63.1,35.9,-25.2,0.0,Clear,normal
2025-05-30 00:00:00,0.0,22.7,50.2,24.9,-20.5,0.0,Cloudy,normal
2025-05-30 01:00:00,0.0,120.0,50.8,50.4,-20.8,0.0,Snow,normal
2025-05-30 02:00:00,0.0,6.0,52.4,31.9,-20.0,0.0,Clear,normal
2025-05-30 03:00:00,0.0,22.8,61.1,16.5,-24.1,0.0,Cloudy,normal
2025-05-30 04:00:00,0.0,120.0,54.3,40.7,-19.8,0.0,Storm,normal
2025-05-30 05:00:00,0.0,120.0,48.0,67.2,-16.7,0.0,Cloudy,normal
2025-05-30 06:00:00,0.0,27.2,55.7,55.8,-21.0,0.0,Cloudy,normal
2025-05-30 07:00:00,0.0,63.4,61.4,56.5,-21.3,0.0,Snow,normal
2025-05-30 08:00:00,0.0,23.0,65.9,39.4,-20.5,0.0,Snow,normal
2025-05-30 09:00:00,0.0,0.0,52.5,18.4,-16.7,0.0,Cloudy,normal
2025-05-30 10:00:00,0.0,0.0,62.3,15.0,-23.5,0.0,Clear,storm
2025-05-30 11:00:00,0.0,120.0,63.3,35.9,-20.8,0.0,Storm,normal
2025-05-30 12:00:00,0.0,0.7,66.5,15.0,-23.0,0.0,Clear,storm
2025-05-30 13:00:00,0.0,8.0,70.6,15.0,-22.4,0.0,Clear,storm
2025-05-30 14:00:00,0.0,0.0,64.3,15.0,-21.3,0.0,Storm,storm
2025-05-30 15:00:00,0.0,0.2,63.4,15.0,-18.2,0.0,Cloudy,storm
2025-05-30 16:00:00,0.0,19.3,51.4,15.0,-17.2,0.0,Clear,storm
2025-05-30 17:00:00,0.0,120.0,61.6,36.5,-20.2,0.0,Storm,normal
2025-05-30 18:00:00,0.0,120.0,67.8,55.7,-22.0,0.0,Storm,normal
2025-05-30 19:00:00,0.0,99.0,66.2,67.8,-15.7,0.0,Snow,normal
2025-05-30 20:00:00,0.0,120.0,59.7,89.9,-22.1,0.0,Storm,normal
2025-05-30 21:00:00,0.0,14.0,56.8,72.8,-22.5,0.0,Clear,normal
2025-05-30 22:00:00,0.0,0.0,53.0,51.6,-25.1,0.0,Clear,normal
2025-05-30 23:00:00,0.0,120.0,52.3,76.5,-18.1,0.0,Storm,normal
2025-05-31 00:00:00,0.0,25.6,58.4,63.4,-19.2,0.0,Clear,normal
2025-05-31 01:00:00,0.0,9.5,54.7,45.3,-16.0,0.0,Snow,normal
2025-05-31 02:00:00,0.0,6.9,59.2,24.4,-24.4,0.0,Cloudy,normal
2025-05-31 03:00:00,0.0,120.0,52.1,49.4,-18.1,0.0,Cloudy,normal
2025-05-31 04:00:00,0.0,120.0,66.6,69.0,-21.2,0.0,Clear,normal
2025-05-31 05:00:00,0.0,27.9,53.7,58.7,-19.6,0.0,Cloudy,normal
2025-05-31 06:00:00,0.0,88.7,57.8,70.1,-25.0,0.0,Snow,normal
2025-05-31 07:00:00,0.0,0.1,50.8,49.8,-18.1,0.0,Clear,normal
2025-05-31 08:00:00,0.0,14.8,56.7,33.0,-19.6,0.0,Cloudy,normal
2025-05-31 09:00:00,0.0,0.2,66.2,15.0,-21.4,0.0,Cloudy,storm
2025-05-31 10:00:00,0.0,0.2,65.5,15.0,-19.9,0.0,Snow,storm
2025-05-31 11:00:00,0.0,69.5,68.4,15.4,-23.0,0.0,Clear,normal
2025-05-31 12:00:00,0.0,32.6,68.7,15.0,-22.6,0.0,Clear,storm
2025-05-31 13:00:00,0.0,6.2,63.0,15.0,-22.4,0.0,Clear,storm
2025-05-31 14:00:00,0.0,12.6,67.7,15.0,-25.4,0.0,Clear,storm
2025-05-31 15:00:00,0.0,85.6,67.1,21.8,-19.5,0.0,Clear,normal
2025-05-31 16:00:00,0.0,120.0,59.8,44.0,-18.7,0.0,Clear,normal
2025-05-31 17:00:00,0.0,110.4,63.6,61.2,-22.9,0.0,Snow,normal
2025-05-31 18:00:00,0.0,0.0,67.6,34.2,-20.6,0.0,Cloudy,normal
2025-05-31 19:00:00,0.0,0.0,61.7,15.0,-21.9,0.0,Snow,storm
2025-05-31 20:00:00,0.0,1.3,59.0,15.0,-20.6,0.0,Cloudy,storm
2025-05-31 21:00:00,0.0,0.0,53.5,15.0,-22.7,0.0,Cloudy,storm
2025-05-31 22:00:00,0.0,120.0,69.1,33.7,-23.3,0.0,Storm,normal
2025-05-31 23:00:00,0.0,11.3,58.0,15.0,-19.0,0.0,Snow,normal
2025-06-01 00:00:00,0.0,0.0,59.1,15.0,-21.6,0.0,Snow,storm
2025-06-01 01:00:00,0.0,11.0,48.3,15.0,-17.1,0.0,Cloudy,storm
2025-06-01 02:00:00,0.0,0.0,58.4,15.0,-21.4,0.0,Cloudy,storm
2025-06-01 03:00:00,0.0,0.0,65.3,15.0,-23.5,0.0,Cloudy,storm
2025-06-01 04:00:00,0.0,8.4,55.2,15.0,-18.8,0.0,Cloudy,storm
2025-06-01 05:00:00,0.0,4.4,50.7,15.0,-20.1,0.0,Clear,storm
2025-06-01 06:00:00,0.0,8.2,57.0,15.0,-19.9,0.0,Clear,storm
2025-06-01 07:00:00,0.0,93.4,53.3,29.8,-18.9,0.0,Clear,normal
2025-06-01 08:00:00,0.0,120.0,66.4,49.5,-22.9,0.0,Storm,normal
2025-06-01 09:00:00,0.0,39.2,60.9,40.8,-21.8,0.0,Snow,normal
2025-06-01 10:00:00,0.0,120.0,61.8,62.2,-21.9,0.0,Storm,normal
2025-06-01 11:00:00,0.0,4.8,65.4,38.0,-24.3,0.0,Cloudy,normal
2025-06-01 12:00:00,0.0,120.0,62.0,59.3,-22.1,0.0,Storm,normal
2025-06-01 13:00:00,0.0,41.0,61.4,51.1,-18.6,0.0,Cloudy,normal
2025-06-01 14:00:00,0.0,120.0,61.3,72.8,-21.0,0.0,Storm,normal
2025-06-01 15:00:00,0.0,5.2,74.0,45.2,-24.5,0.0,Cloudy,normal
2025-06-01 16:00:00,0.0,36.0,69.9,31.7,-24.9,0.0,Clear,normal
2025-06-01 17:00:00,0.0,120.0,63.8,52.4,-17.8,0.0,Storm,normal
2025-06-01 18:00:00,0.0,35.3,64.1,40.8,-21.7,0.0,Clear,normal
2025-06-01 19:00:00,0.0,120.0,57.9,63.7,-22.9,0.0,Storm,normal
2025-06-01 20:00:00,0.0,120.0,68.5,82.6,-22.1,0.0,Storm,normal
2025-06-01 21:00:00,0.0,120.0,59.4,95.0,-24.8,0.0,Cloudy,normal
2025-06-01 22:00:00,0.0,120.0,55.1,95.0,-18.4,0.0,Cloudy,normal
2025-06-01 23:00:00,0.0,5.3,57.1,74.3,-22.4,0.0,Clear,normal
2025-06-02 00:00:00,0.0,1.1,45.0,56.7,-18.6,0.0,Snow,normal
2025-06-02 01:00:00,0.0,0.2,54.8,34.9,-21.5,0.0,Cloudy,normal
2025-06-02 02:00:00,0.0,83.8,50.2,47.3,-18.5,0.0,Cloudy,normal
2025-06-02 03:00:00,0.0,32.9,56.9,37.7,-21.1,0.0,Clear,normal
2025-06-02 04:00:00,0.0,70.3,56.6,42.7,-19.8,0.0,Clear,normal
2025-06-02 05:00:00,0.0,0.0,63.7,17.2,-20.1,0.0,Clear,normal
2025-06-02 06:00:00,0.0,2.4,57.2,15.0,-20.3,0.0,Cloudy,storm
2025-06-02 07:00:00,0.0,120.0,53.7,39.4,-20.9,0.0,Storm,normal
2025-06-02 08:00:00,0.0,49.9,63.5,34.0,-22.2,0.0,Snow,normal
2025-06-02 09:00:00,0.0,42.3,62.5,25.9,-17.4,0.0,Snow,normal
2025-06-02 10:00:00,0.0,14.8,70.0,15.0,-23.6,0.0,Cloudy,storm
2025-06-02 11:00:00,0.0,1.5,59.6,15.0,-21.6,0.0,Clear,storm
2025-06-02 12:00:00,0.0,120.0,63.6,35.8,-21.6,0.0,Storm,normal
2025-06-02 13:00:00,0.0,120.0,63.2,56.7,-20.8,0.0,Storm,normal
2025-06-02 14:00:00,0.0,37.0,59.1,47.8,-22.6,0.0,Cloudy,normal
2025-06-02 15:00:00,0.0,0.0,66.9,21.1,-21.0,0.0,Cloudy,normal
2025-06-02 16:00:00,0.0,20.4,65.9,15.0,-22.0,0.0,Clear,storm
2025-06-02 17:00:00,0.0,120.0,67.3,34.4,-25.1,0.0,Storm,normal
2025-06-02 18:00:00,0.0,2.7,65.6,15.0,-21.6,0.0,Cloudy,storm
2025-06-02 19:00:00,0.0,6.8,69.7,15.0,-24.1,0.0,Cloudy,storm
2025-06-02 20:00:00,0.0,120.0,76.2,31.1,-25.5,0.0,Storm,normal
2025-06-02 21:00:00,0.0,6.4,58.9,15.0,-21.3,0.0,Snow,storm
2025-06-02 22:00:00,0.0,31.5,51.0,15.0,-20.6,0.0,Clear,storm
2025-06-02 23:00:00,0.0,0.0,66.8,15.0,-20.5,0.0,Clear,storm
2025-06-03 00:00:00,0.0,120.0,51.0,40.4,-20.5,0.0,Storm,normal
2025-06-03 01:00:00,0.0,120.0,62.6,61.5,-26.0,0.0,Clear,normal
2025-06-03 02:00:00,0.0,120.0,59.0,84.0,-24.8,0.0,Storm,normal
2025-06-03 03:00:00,0.0,0.7,51.9,63.5,-17.4,0.0,Cloudy,normal
2025-06-03 04:00:00,0.0,120.0,60.6,85.3,-24.1,0.0,Storm,normal
2025-06-03 05:00:00,0.0,24.2,57.2,72.1,-20.4,0.0,Snow,normal
2025-06-03 06:00:00,0.0,120.0,63.8,92.8,-23.3,0.0,Storm,normal
2025-06-03 07:00:00,0.0,79.2,54.0,95.0,-21.6,0.0,Clear,normal
2025-06-03 08:00:00,0.0,120.0,67.8,95.0,-23.2,0.0,Storm,normal
2025-06-03 09:00:00,0.0,95.4,66.0,95.0,-20.6,0.0,Cloudy,normal
2025-06-03 10:00:00,0.0,6.3,73.9,68.0,-21.5,0.0,Cloudy,normal
2025-06-03 11:00:00,0.0,0.0,67.8,40.8,-22.8,0.0,Clear,normal
2025-06-03 12:00:00,0.0,120.0,62.5,62.0,-24.1,0.0,Storm,normal
2025-06-03 13:00:00,0.0,0.0,69.7,34.1,-21.2,0.0,Clear,normal
2025-06-03 14:00:00,0.0,120.0,65.7,54.1,-24.5,0.0,Storm,normal
2025-06-03 15:00:00,0.0,120.0,60.4,76.0,-20.8,0.0,Storm,normal
2025-06-03 16:00:00,0.0,0.0,64.3,50.3,-16.0,0.0,Snow,normal
2025-06-03 17:00:00,0.0,7.7,62.3,28.5,-18.8,0.0,Clear,normal
2025-06-03 18:00:00,0.0,0.0,62.4,15.0,-20.2,0.0,Cloudy,storm
2025-06-03 19:00:00,0.0,3.4,71.7,15.0,-22.0,0.0,Snow,storm
2025-06-03 20:00:00,0.0,120.0,67.0,34.5,-26.1,0.0,Storm,normal
2025-06-03 21:00:00,0.0,120.0,57.6,57.4,-24.7,0.0,Clear,normal
2025-06-03 22:00:00,0.0,120.0,56.0,81.0,-19.0,0.0,Snow,normal
2025-06-03 23:00:00,0.0,7.9,49.5,64.4,-23.5,0.0,Clear,normal
2025-06-04 00:00:00,0.0,0.0,59.1,40.7,-23.5,0.0,Clear,normal
2025-06-04 01:00:00,0.0,0.0,57.6,17.7,-22.3,0.0,Snow,normal
2025-06-04 02:00:00,0.0,15.2,55.9,15.0,-24.3,0.0,Cloudy,storm
2025-06-04 03:00:00,0.0,0.2,59.5,15.0,-24.6,0.0,Clear,storm
2025-06-04 04:00:00,0.0,120.0,58.0,37.8,-22.0,0.0,Storm,normal
2025-06-04 05:00:00,0.0,120.0,58.7,60.4,-23.9,0.0,Storm,normal
2025-06-04 06:00:00,0.0,78.3,61.9,66.4,-23.6,0.0,Cloudy,normal
2025-06-04 07:00:00,0.0,0.0,59.7,42.5,-23.6,0.0,Clear,normal
2025-06-04 08:00:00,0.0,120.0,63.1,63.5,-20.8,0.0,Storm,normal
2025-06-04 09:00:00,0.0,43.0,68.2,53.4,-22.4,0.0,Cloudy,normal
2025-06-04 10:00:00,0.0,29.2,66.4,38.5,-22.3,0.0,Snow,normal
2025-06-04 11:00:00,0.0,120.0,75.6,54.8,-20.6,0.0,Clear,normal
2025-06-04 12:00:00,0.0,0.0,69.3,27.2,-22.2,0.0,Cloudy,normal
2025-06-04 13:00:00,0.0,8.6,63.4,15.0,-22.5,0.0,Cloudy,storm
2025-06-04 14:00:00,0.0,23.8,57.0,15.0,-20.9,0.0,Clear,storm
2025-06-04 15:00:00,0.0,62.4,60.8,15.6,-20.5,0.0,Cloudy,normal
2025-06-04 16:00:00,0.0,80.6,57.1,24.2,-22.3,0.0,Cloudy,normal
2025-06-04 17:00:00,0.0,120.0,67.5,43.6,-21.8,0.0,Snow,normal
2025-06-04 18:00:00,0.0,3.9,65.4,19.0,-23.6,0.0,Cloudy,normal
2025-06-04 19:00:00,0.0,0.0,63.7,15.0,-23.8,0.0,Clear,storm
2025-06-04 20:00:00,0.0,14.6,65.6,15.0,-20.2,0.0,Cloudy,storm
2025-06-04 21:00:00,0.0,21.6,54.5,15.0,-21.0,0.0,Cloudy,storm
2025-06-04 22:00:00,0.0,0.0,57.5,15.0,-20.9,0.0,Snow,storm
2025-06-04 23:00:00,0.0,3.1,55.2,15.0,-21.3,0.0,Clear,storm
2025-06-05 00:00:00,0.0,49.5,57.3,15.0,-22.0,0.0,Cloudy,storm
2025-06-05 01:00:00,0.0,5.8,60.7,15.0,-20.5,0.0,Cloudy,storm
2025-06-05 02:00:00,0.0,44.2,58.7,15.0,-20.0,0.0,Clear,storm
2025-06-05 03:00:00,0.0,4.9,60.8,15.0,-20.1,0.0,Cloudy,storm
2025-06-05 04:00:00,0.0,120.0,58.7,37.6,-22.3,0.0,Clear,normal
2025-06-05 05:00:00,0.0,0.5,46.8,19.0,-19.0,0.0,Snow,normal
2025-06-05 06:00:00,0.0,30.5,53.9,15.0,-21.6,0.0,Clear,storm
2025-06-05 07:00:00,0.0,35.2,49.2,15.0,-20.7,0.0,Clear,storm
2025-06-05 08:00:00,0.0,120.0,68.1,34.1,-21.4,0.0,Storm,normal
2025-06-05 09:00:00,0.0,10.4,64.6,15.0,-21.5,0.0,Clear,storm
2025-06-05 10:00:00,0.0,120.0,71.7,32.8,-23.7,0.0,Storm,normal
2025-06-05 11:00:00,0.0,120.0,67.6,52.0,-20.5,0.0,Storm,normal
2025-06-05 12:00:00,0.0,0.7,58.3,29.0,-15.8,0.0,Cloudy,normal
2025-06-05 13:00:00,0.0,28.0,72.9,15.0,-22.9,0.0,Clear,storm
2025-06-05 14:00:00,0.0,0.0,68.7,15.0,-21.9,0.0,Snow,storm
2025-06-05 15:00:00,0.0,105.1,66.3,29.3,-23.0,0.0,Cloudy,normal
2025-06-05 16:00:00,0.0,5.5,67.8,15.0,-23.1,0.0,Clear,storm
2025-06-05 17:00:00,0.0,41.9,67.4,15.0,-18.7,0.0,Clear,storm
2025-06-05 18:00:00,0.0,13.6,68.3,15.0,-23.5,0.0,Clear,storm
2025-06-05 19:00:00,0.0,0.0,63.4,15.0,-23.1,0.0,Storm,storm
2025-06-05 20:00:00,0.0,19.6,63.9,15.0,-25.6,0.0,Snow,storm
2025-06-05 21:00:00,0.0,14.7,57.6,15.0,-23.7,0.0,Clear,storm
2025-06-05 22:00:00,0.0,120.0,58.1,37.8,-25.8,0.0,Storm,normal
2025-06-05 23:00:00,0.0,120.0,56.5,61.2,-20.7,0.0,Storm,normal
2025-06-06 00:00:00,0.0,61.7,48.9,65.8,-16.0,0.0,Cloudy,normal
2025-06-06 01:00:00,0.0,120.0,56.5,89.2,-23.0,0.0,Storm,normal
2025-06-06 02:00:00,0.0,0.0,65.8,62.9,-25.9,0.0,Storm,normal
2025-06-06 03:00:00,0.0,11.5,61.8,42.8,-20.2,0.0,Cloudy,normal
2025-06-06 04:00:00,0.0,0.1,55.7,20.6,-23.8,0.0,Cloudy,normal
2025-06-06 05:00:00,0.0,87.2,52.9,33.2,-19.3,0.0,Snow,normal
2025-06-06 06:00:00,0.0,120.0,56.9,56.4,-22.8,0.0,Storm,normal
2025-06-06 07:00:00,0.0,120.0,59.9,78.5,-23.6,0.0,Storm,normal
2025-06-06 08:00:00,0.0,120.0,67.0,95.0,-22.6,0.0,Clear,normal
2025-06-06 09:00:00,0.0,33.2,61.5,83.7,-20.5,0.0,Snow,normal
2025-06-06 10:00:00,0.0,1.6,67.7,57.2,-22.7,0.0,Clear,normal
2025-06-06 11:00:00,0.0,120.0,64.4,77.7,-23.3,0.0,Storm,normal
2025-06-06 12:00:00,0.0,70.6,64.1,80.1,-22.6,0.0,Clear,normal
2025-06-06 13:00:00,0.0,0.0,64.4,54.3,-25.0,0.0,Clear,normal
2025-06-06 14:00:00,0.0,120.0,68.4,73.3,-21.3,0.0,Storm,normal
2025-06-06 15:00:00,0.0,0.1,72.7,44.2,-26.1,0.0,Snow,normal
2025-06-06 16:00:00,0.0,120.0,67.6,63.5,-23.2,0.0,Storm,normal
2025-06-06 17:00:00,0.0,56.7,66.2,59.8,-20.5,0.0,Cloudy,normal
2025-06-06 18:00:00,0.0,0.0,68.9,32.2,-21.5,0.0,Clear,normal
2025-06-06 19:00:00,0.0,23.4,66.9,15.0,-20.9,0.0,Snow,storm
2025-06-06 20:00:00,0.0,11.6,68.2,15.0,-22.3,0.0,Clear,storm
2025-06-06 21:00:00,0.0,0.0,52.9,15.0,-19.6,0.0,Cloudy,storm
2025-06-06 22:00:00,0.0,105.1,49.2,35.6,-20.2,0.0,Clear,normal
2025-06-06 23:00:00,0.0,120.0,53.0,60.2,-21.2,0.0,Storm,normal
2025-06-07 00:00:00,0.0,29.0,64.1,46.2,-20.3,0.0,Cloudy,normal
2025-06-07 01:00:00,0.0,10.7,54.8,28.6,-20.7,0.0,Cloudy,normal
2025-06-07 02:00:00,0.0,120.0,64.7,48.9,-23.3,0.0,Clear,normal
2025-06-07 03:00:00,0.0,0.0,62.5,23.9,-25.3,0.0,Cloudy,normal
2025-06-07 04:00:00,0.0,7.1,56.3,15.0,-21.4,0.0,Snow,storm
2025-06-07 05:00:00,0.0,9.2,52.5,15.0,-21.1,0.0,Cloudy,storm
2025-06-07 06:00:00,0.0,31.8,52.1,15.0,-19.9,0.0,Clear,storm
2025-06-07 07:00:00,0.0,0.0,58.9,15.0,-24.4,0.0,Cloudy,storm
2025-06-07 08:00:00,0.0,0.0,66.8,15.0,-24.3,0.0,Cloudy,storm
2025-06-07 09:00:00,0.0,0.3,66.5,15.0,-21.3,0.0,Cloudy,storm
2025-06-07 10:00:00,0.0,102.0,62.8,29.4,-22.5,0.0,Snow,normal
2025-06-07 11:00:00,0.0,8.7,66.9,15.0,-26.5,0.0,Clear,storm
2025-06-07 12:00:00,0.0,0.3,68.0,15.0,-21.5,0.0,Clear,storm
2025-06-07 13:00:00,0.0,120.0,77.0,30.8,-26.4,0.0,Storm,normal
2025-06-07 14:00:00,0.0,10.7,67.7,15.0,-24.4,0.0,Clear,storm
2025-06-07 15:00:00,0.0,32.4,64.2,15.0,-19.4,0.0,Cloudy,storm
2025-06-07 16:00:00,0.0,120.0,60.7,36.8,-18.3,0.0,Storm,normal
2025-06-07 17:00:00,0.0,48.0,67.7,28.9,-25.0,0.0,Clear,normal
2025-06-07 18:00:00,0.0,120.0,65.2,49.1,-23.1,0.0,Cloudy,normal
2025-06-07 19:00:00,0.0,1.2,63.8,24.0,-22.2,0.0,Clear,normal
2025-06-07 20:00:00,0.0,37.7,63.6,15.0,-18.4,0.0,Clear,storm
2025-06-07 21:00:00,0.0,120.0,60.9,36.8,-23.4,0.0,Storm,normal
2025-06-07 22:00:00,0.0,90.6,57.4,49.0,-23.4,0.0,Snow,normal
2025-06-07 23:00:00,0.0,62.2,51.6,52.9,-18.9,0.0,Clear,normal
2025-06-08 00:00:00,0.0,15.0,56.4,36.3,-23.3,0.0,Clear,normal
2025-06-08 01:00:00,0.0,0.0,58.5,15.0,-20.9,0.0,Snow,storm
2025-06-08 02:00:00,0.0,120.0,57.5,38.0,-25.7,0.0,Storm,normal
2025-06-08 03:00:00,0.0,25.9,53.7,26.9,-22.8,0.0,Clear,normal
2025-06-08 04:00:00,0.0,2.6,62.2,15.0,-26.1,0.0,Cloudy,storm
2025-06-08 05:00:00,0.0,0.0,59.5,15.0,-24.8,0.0,Cloudy,storm
2025-06-08 06:00:00,0.0,71.4,55.0,21.0,-20.6,0.0,Cloudy,normal
2025-06-08 07:00:00,0.0,0.1,60.9,15.0,-22.6,0.0,Cloudy,storm
2025-06-08 08:00:00,0.0,120.0,66.0,34.9,-23.2,0.0,Storm,normal
2025-06-08 09:00:00,0.0,3.3,64.5,15.0,-24.1,0.0,Cloudy,storm
2025-06-08 10:00:00,0.0,40.4,66.6,15.0,-22.9,0.0,Clear,storm
2025-06-08 11:00:00,0.0,86.9,62.2,24.1,-21.8,0.0,Clear,normal
2025-06-08 12:00:00,0.0,64.4,66.8,23.1,-20.3,0.0,Clear,normal
2025-06-08 13:00:00,0.0,120.0,71.3,41.0,-28.2,0.0,Storm,normal
2025-06-08 14:00:00,0.0,4.8,63.2,17.7,-24.3,0.0,Cloudy,normal
2025-06-08 15:00:00,0.0,33.4,65.7,15.0,-22.1,0.0,Snow,storm
2025-06-08 16:00:00,0.0,120.0,62.5,36.2,-22.7,0.0,Snow,normal
2025-06-08 17:00:00,0.0,120.0,68.7,55.0,-21.6,0.0,Storm,normal
2025-06-08 18:00:00,0.0,120.0,64.5,75.4,-21.9,0.0,Storm,normal
2025-06-08 19:00:00,0.0,120.0,68.6,94.4,-23.1,0.0,Storm,normal
2025-06-08 20:00:00,0.0,11.8,64.1,73.4,-23.6,0.0,Clear,normal
2025-06-08 21:00:00,0.0,91.2,57.2,85.9,-23.0,0.0,Cloudy,normal
2025-06-08 22:00:00,0.0,120.0,56.6,95.0,-19.9,0.0,Storm,normal
2025-06-08 23:00:00,0.0,28.9,58.5,83.2,-24.1,0.0,Clear,normal
2025-06-09 00:00:00,0.0,93.1,54.1,95.0,-22.7,0.0,Cloudy,normal
2025-06-09 01:00:00,0.0,0.0,60.1,71.0,-22.2,0.0,Cloudy,normal
2025-06-09 02:00:00,0.0,120.0,55.3,94.8,-19.2,0.0,Snow,normal
2025-06-09 03:00:00,0.0,61.4,53.9,95.0,-23.2,0.0,Cloudy,normal
2025-06-09 04:00:00,0.0,120.0,54.0,95.0,-20.5,0.0,Clear,normal
2025-06-09 05:00:00,0.0,12.9,51.6,79.5,-19.9,0.0,Cloudy,normal
2025-06-09 06:00:00,0.0,0.0,55.8,57.2,-22.7,0.0,Snow,normal
2025-06-09 07:00:00,0.0,120.0,56.2,80.7,-23.0,0.0,Snow,normal
2025-06-09 08:00:00,0.0,2.5,65.4,55.5,-23.3,0.0,Clear,normal
2025-06-09 09:00:00,0.0,0.0,60.4,31.4,-23.1,0.0,Cloudy,normal
2025-06-09 10:00:00,0.0,51.2,62.0,27.0,-20.7,0.0,Cloudy,normal
2025-06-09 11:00:00,0.0,120.0,69.0,45.8,-22.1,0.0,Storm,normal
2025-06-09 12:00:00,0.0,1.1,72.0,17.5,-22.1,0.0,Clear,normal
2025-06-09 13:00:00,0.0,3.0,63.5,15.0,-25.1,0.0,Cloudy,storm
2025-06-09 14:00:00,0.0,120.0,72.0,32.7,-24.7,0.0,Storm,normal
2025-06-09 15:00:00,0.0,17.4,69.8,15.0,-17.9,0.0,Cloudy,storm
2025-06-09 16:00:00,0.0,120.0,65.2,35.2,-23.0,0.0,Clear,normal
2025-06-09 17:00:00,0.0,14.6,69.3,15.0,-24.3,0.0,Snow,storm
2025-06-09 18:00:00,0.0,8.3,66.5,15.0,-19.4,0.0,Cloudy,storm
2025-06-09 19:00:00,0.0,1.5,63.3,15.0,-22.0,0.0,Cloudy,storm
2025-06-09 20:00:00,0.0,76.9,68.1,18.2,-21.3,0.0,Clear,normal
2025-06-09 21:00:00,0.0,1.4,57.1,15.0,-22.9,0.0,Snow,storm
2025-06-09 22:00:00,0.0,6.6,62.1,15.0,-23.3,0.0,Cloudy,storm
2025-06-09 23:00:00,0.0,120.0,64.1,35.6,-23.0,0.0,Storm,normal
2025-06-10 00:00:00,0.0,0.0,65.8,15.0,-25.8,0.0,Storm,storm
2025-06-10 01:00:00,0.0,105.1,56.6,32.8,-22.9,0.0,Clear,normal
2025-06-10 02:00:00,0.0,120.0,59.5,55.1,-22.1,0.0,Storm,normal
2025-06-10 03:00:00,0.0,10.2,51.7,38.5,-18.6,0.0,Cloudy,normal
2025-06-10 04:00:00,0.0,16.0,52.9,23.7,-22.5,0.0,Cloudy,normal
2025-06-10 05:00:00,0.0,58.3,61.9,22.3,-27.8,0.0,Cloudy,normal
2025-06-10 06:00:00,0.0,2.7,61.2,15.0,-22.9,0.0,Clear,storm
2025-06-10 07:00:00,0.0,8.0,50.6,15.0,-16.7,0.0,Snow,storm
2025-06-10 08:00:00,0.0,120.0,69.6,33.5,-20.8,0.0,Snow,normal
2025-06-10 09:00:00,0.0,36.2,67.8,20.9,-24.5,0.0,Clear,normal
2025-06-10 10:00:00,0.0,22.0,60.1,15.0,-21.4,0.0,Snow,storm
2025-06-10 11:00:00,0.0,18.9,66.2,15.0,-24.3,0.0,Clear,storm
2025-06-10 12:00:00,0.0,0.3,66.1,15.0,-25.7,0.0,Clear,storm
2025-06-10 13:00:00,0.0,52.7,71.8,15.0,-23.5,0.0,Snow,storm
2025-06-10 14:00:00,0.0,2.7,67.5,15.0,-22.5,0.0,Cloudy,storm
2025-06-10 15:00:00,0.0,0.0,69.6,15.0,-26.8,0.0,Cloudy,storm
2025-06-10 16:00:00,0.0,0.1,71.2,15.0,-25.2,0.0,Clear,storm
2025-06-10 17:00:00,0.0,20.0,62.6,15.0,-22.7,0.0,Cloudy,storm
2025-06-10 18:00:00,0.0,120.0,62.1,36.3,-23.6,0.0,Cloudy,normal
2025-06-10 19:00:00,0.0,120.0,59.8,58.5,-21.8,0.0,Storm,normal
2025-06-10 20:00:00,0.0,0.0,61.1,34.0,-25.4,0.0,Cloudy,normal
2025-06-10 21:00:00,0.0,119.6,51.9,59.0,-21.1,0.0,Cloudy,normal
2025-06-10 22:00:00,0.0,120.0,62.6,80.1,-25.3,0.0,Storm,normal
2025-06-10 23:00:00,0.0,120.0,57.0,95.0,-19.1,0.0,Storm,normal
2025-06-11 00:00:00,0.0,48.0,58.1,91.0,-26.6,0.0,Cloudy,normal
2025-06-11 01:00:00,0.0,59.5,52.2,93.7,-25.2,0.0,Cloudy,normal
2025-06-11 02:00:00,0.0,44.4,55.3,89.3,-21.9,0.0,Clear,normal
2025-06-11 03:00:00,0.0,6.1,56.2,69.3,-19.2,0.0,Cloudy,normal
2025-06-11 04:00:00,0.0,120.0,60.4,91.2,-22.1,0.0,Storm,normal
2025-06-11 05:00:00,0.0,0.6,57.6,68.4,-21.6,0.0,Snow,normal
2025-06-11 06:00:00,0.0,55.1,53.8,68.9,-22.8,0.0,Clear,normal
2025-06-11 07:00:00,0.0,0.0,63.0,43.7,-25.1,0.0,Cloudy,normal
2025-06-11 08:00:00,0.0,120.0,68.5,62.7,-23.9,0.0,Storm,normal
2025-06-11 09:00:00,0.0,49.5,71.5,53.9,-25.5,0.0,Cloudy,normal
2025-06-11 10:00:00,0.0,0.0,65.0,27.8,-25.6,0.0,Snow,normal
2025-06-11 11:00:00,0.0,120.0,67.0,47.4,-21.9,0.0,Storm,normal
2025-06-11 12:00:00,0.0,25.4,71.8,28.8,-25.3,0.0,Clear,normal
2025-06-11 13:00:00,0.0,0.0,59.7,15.0,-22.1,0.0,Cloudy,storm
2025-06-11 14:00:00,0.0,120.0,66.2,34.8,-25.7,0.0,Storm,normal
2025-06-11 15:00:00,0.0,15.0,59.1,17.1,-22.2,0.0,Cloudy,normal
2025-06-11 16:00:00,0.0,1.6,63.6,15.0,-23.9,0.0,Cloudy,storm
2025-06-11 17:00:00,0.0,62.7,62.3,15.1,-19.7,0.0,Cloudy,normal
2025-06-11 18:00:00,0.0,0.1,59.3,15.0,-22.1,0.0,Clear,storm
2025-06-11 19:00:00,0.0,6.1,67.6,15.0,-20.1,0.0,Cloudy,storm
2025-06-11 20:00:00,0.0,120.0,72.0,32.7,-24.5,0.0,Storm,normal
2025-06-11 21:00:00,0.0,120.0,57.2,55.8,-22.7,0.0,Storm,normal
2025-06-11 22:00:00,0.0,16.3,57.4,39.3,-25.0,0.0,Clear,normal
2025-06-11 23:00:00,0.0,104.4,58.5,56.2,-23.7,0.0,Cloudy,normal
2025-06-12 00:00:00,0.0,120.0,64.3,76.7,-23.5,0.0,Storm,normal
2025-06-12 01:00:00,0.0,14.8,62.0,57.8,-24.5,0.0,Cloudy,normal
2025-06-12 02:00:00,0.0,1.3,53.4,37.0,-25.6,0.0,Snow,normal
2025-06-12 03:00:00,0.0,120.0,52.1,62.0,-26.1,0.0,Snow,normal
2025-06-12 04:00:00,0.0,0.0,59.5,38.2,-28.1,0.0,Snow,normal
2025-06-12 05:00:00,0.0,0.7,60.1,15.0,-25.3,0.0,Snow,storm
2025-06-12 06:00:00,0.0,0.0,49.8,15.0,-21.6,0.0,Clear,storm
2025-06-12 07:00:00,0.0,120.0,60.7,36.8,-26.5,0.0,Storm,normal
2025-06-12 08:00:00,0.0,40.4,62.3,28.1,-26.0,0.0,Cloudy,normal
2025-06-12 09:00:00,0.0,120.0,62.0,49.4,-19.0,0.0,Cloudy,normal
2025-06-12 10:00:00,0.0,1.0,68.2,22.6,-24.3,0.0,Snow,normal
2025-06-12 11:00:00,0.0,95.4,72.0,31.2,-22.2,0.0,Cloudy,normal
2025-06-12 12:00:00,0.0,103.7,64.0,45.8,-21.5,0.0,Cloudy,normal
2025-06-12 13:00:00,0.0,120.0,63.1,66.7,-21.5,0.0,Storm,normal
2025-06-12 14:00:00,0.0,120.0,74.6,83.4,-26.3,0.0,Clear,normal
2025-06-12 15:00:00,0.0,120.0,69.1,95.0,-23.5,0.0,Storm,normal
2025-06-12 16:00:00,0.0,49.9,69.7,87.1,-26.5,0.0,Cloudy,normal
2025-06-12 17:00:00,0.0,0.0,59.4,63.3,-17.6,0.0,Clear,normal
2025-06-12 18:00:00,0.0,76.0,76.3,63.2,-26.5,0.0,Clear,normal
2025-06-12 19:00:00,0.0,20.0,65.4,45.1,-25.3,0.0,Clear,normal
2025-06-12 20:00:00,0.0,17.1,62.3,27.0,-25.2,0.0,Cloudy,normal
2025-06-12 21:00:00,0.0,7.3,60.4,15.0,-26.2,0.0,Snow,storm
2025-06-12 22:00:00,0.0,17.1,53.7,15.0,-20.0,0.0,Cloudy,storm
2025-06-12 23:00:00,0.0,3.3,57.4,15.0,-17.6,0.0,Snow,storm
2025-06-13 00:00:00,0.0,120.0,59.7,37.2,-24.1,0.0,Storm,normal
2025-06-13 01:00:00,0.0,0.4,64.7,15.0,-26.0,0.0,Snow,storm
2025-06-13 02:00:00,0.0,120.0,52.8,39.7,-28.0,0.0,Storm,normal
2025-06-13 03:00:00,0.0,120.0,57.3,62.8,-23.6,0.0,Cloudy,normal
2025-06-13 04:00:00,0.0,120.0,64.7,83.2,-23.8,0.0,Storm,normal
2025-06-13 05:00:00,0.0,0.6,55.2,61.4,-24.5,0.0,Cloudy,normal
2025-06-13 06:00:00,0.0,5.6,56.5,41.0,-22.6,0.0,Snow,normal
2025-06-13 07:00:00,0.0,45.2,60.6,34.9,-22.2,0.0,Clear,normal
2025-06-13 08:00:00,0.0,34.5,63.3,23.4,-22.3,0.0,Clear,normal
2025-06-13 09:00:00,0.0,120.0,69.9,41.8,-23.8,0.0,Snow,normal
2025-06-13 10:00:00,0.0,34.8,66.1,29.3,-25.5,0.0,Snow,normal
2025-06-13 11:00:00,0.0,120.0,64.4,49.7,-21.6,0.0,Storm,normal
2025-06-13 12:00:00,0.0,0.7,68.7,22.6,-23.0,0.0,Snow,normal
2025-06-13 13:00:00,0.0,0.1,59.7,15.0,-21.1,0.0,Snow,storm
2025-06-13 14:00:00,0.0,4.7,61.0,15.0,-21.3,0.0,Cloudy,storm
2025-06-13 15:00:00,0.0,17.4,72.9,15.0,-26.2,0.0,Cloudy,storm
2025-06-13 16:00:00,0.0,120.0,66.0,34.8,-26.2,0.0,Storm,normal
2025-06-13 17:00:00,0.0,89.6,68.2,42.7,-24.7,0.0,Cloudy,normal
2025-06-13 18:00:00,0.0,0.0,72.3,15.0,-25.4,0.0,Clear,storm
2025-06-13 19:00:00,0.0,0.0,64.8,15.0,-21.4,0.0,Cloudy,storm
2025-06-13 20:00:00,0.0,23.0,66.4,15.0,-22.3,0.0,Clear,storm
2025-06-13 21:00:00,0.0,8.6,61.8,15.0,-20.6,0.0,Clear,storm
2025-06-13 22:00:00,0.0,25.2,66.4,15.0,-22.2,0.0,Cloudy,storm
2025-06-13 23:00:00,0.0,17.4,58.1,15.0,-22.6,0.0,Cloudy,storm
2025-06-14 00:00:00,0.0,120.0,53.8,39.4,-20.5,0.0,Storm,normal
2025-06-14 01:00:00,0.0,120.0,60.4,61.3,-22.1,0.0,Storm,normal
2025-06-14 02:00:00,0.0,5.8,54.9,41.6,-23.0,0.0,Cloudy,normal
2025-06-14 03:00:00,0.0,33.2,60.2,30.9,-19.9,0.0,Clear,normal
2025-06-14 04:00:00,0.0,13.4,55.7,15.0,-22.9,0.0,Cloudy,storm
2025-06-14 05:00:00,0.0,0.0,57.1,15.0,-23.8,0.0,Cloudy,storm
2025-06-14 06:00:00,0.0,6.9,55.9,15.0,-25.0,0.0,Clear,storm
2025-06-14 07:00:00,0.0,7.3,53.2,15.0,-21.6,0.0,Cloudy,storm
2025-06-14 08:00:00,0.0,2.9,68.1,15.0,-20.4,0.0,Cloudy,storm
2025-06-14 09:00:00,0.0,6.2,67.7,15.0,-23.3,0.0,Snow,storm
2025-06-14 10:00:00,0.0,14.4,63.1,15.0,-20.3,0.0,Cloudy,storm
2025-06-14 11:00:00,0.0,110.1,78.7,26.5,-27.5,0.0,Cloudy,normal
2025-06-14 12:00:00,0.0,4.0,66.8,15.0,-23.3,0.0,Snow,storm
2025-06-14 13:00:00,0.0,120.0,66.2,34.8,-23.3,0.0,Storm,normal
2025-06-14 14:00:00,0.0,0.7,63.4,15.0,-24.8,0.0,Cloudy,storm
2025-06-14 15:00:00,0.0,120.0,57.7,37.9,-17.9,0.0,Storm,normal
2025-06-14 16:00:00,0.0,73.3,62.6,41.9,-23.3,0.0,Snow,normal
2025-06-14 17:00:00,0.0,0.1,64.4,16.2,-24.1,0.0,Clear,normal
2025-06-14 18:00:00,0.0,13.2,64.2,15.0,-23.1,0.0,Clear,storm
2025-06-14 19:00:00,0.0,120.0,69.5,33.6,-27.6,0.0,Storm,normal
2025-06-14 20:00:00,0.0,0.8,70.6,15.0,-24.8,0.0,Snow,storm
2025-06-14 21:00:00,0.0,120.0,55.9,38.6,-21.0,0.0,Storm,normal
2025-06-14 22:00:00,0.0,117.7,66.8,57.4,-24.6,0.0,Cloudy,normal
2025-06-14 23:00:00,0.0,76.3,62.5,62.4,-25.0,0.0,Clear,normal
2025-06-15 00:00:00,0.0,102.7,52.6,80.9,-20.4,0.0,Clear,normal
2025-06-15 01:00:00,0.0,12.2,57.1,62.9,-20.3,0.0,Snow,normal
2025-06-15 02:00:00,0.0,1.0,57.7,40.2,-22.1,0.0,Clear,normal
2025-06-15 03:00:00,0.0,38.1,64.9,29.5,-24.3,0.0,Clear,normal
2025-06-15 04:00:00,0.0,84.4,62.1,37.7,-23.8,0.0,Snow,normal
2025-06-15 05:00:00,0.0,120.0,60.3,59.7,-25.0,0.0,Cloudy,normal
2025-06-15 06:00:00,0.0,120.0,67.5,79.0,-25.5,0.0,Cloudy,normal
2025-06-15 07:00:00,0.0,120.0,62.8,95.0,-25.6,0.0,Clear,normal
2025-06-15 08:00:00,0.0,0.0,70.0,67.0,-24.6,0.0,Storm,normal
2025-06-15 09:00:00,0.0,67.7,74.6,64.2,-25.6,0.0,Snow,normal
2025-06-15 10:00:00,0.0,120.0,73.1,81.5,-26.7,0.0,Storm,normal
2025-06-15 11:00:00,0.0,120.0,66.7,95.0,-22.8,0.0,Cloudy,normal
2025-06-15 12:00:00,0.0,0.0,65.5,68.8,-22.8,0.0,Storm,normal
2025-06-15 13:00:00,0.0,45.8,54.4,65.4,-19.5,0.0,Clear,normal
2025-06-15 14:00:00,0.0,33.7,60.3,54.7,-24.7,0.0,Cloudy,normal
2025-06-15 15:00:00,0.0,120.0,65.1,74.9,-22.6,0.0,Storm,normal
2025-06-15 16:00:00,0.0,120.0,63.4,95.0,-22.6,0.0,Storm,normal
2025-06-15 17:00:00,0.0,15.9,66.9,74.6,-23.8,0.0,Cloudy,normal
2025-06-15 18:00:00,0.0,120.0,68.7,93.5,-21.6,0.0,Cloudy,normal
2025-06-15 19:00:00,0.0,120.0,61.5,95.0,-21.6,0.0,Storm,normal
2025-06-15 20:00:00,0.0,120.0,59.3,95.0,-22.6,0.0,Clear,normal
2025-06-15 21:00:00,0.0,103.1,53.6,95.0,-23.8,0.0,Cloudy,normal
2025-06-15 22:00:00,0.0,0.0,55.2,72.9,-24.1,0.0,Cloudy,normal
2025-06-15 23:00:00,0.0,120.0,56.7,95.0,-26.3,0.0,Clear,normal
2025-06-16 00:00:00,0.0,120.0,60.4,95.0,-25.2,0.0,Storm,normal
2025-06-16 01:00:00,0.0,114.4,66.0,95.0,-24.8,0.0,Cloudy,normal
2025-06-16 02:00:00,0.0,11.0,63.4,74.1,-25.9,0.0,Snow,normal
2025-06-16 03:00:00,0.0,120.0,60.2,95.0,-22.4,0.0,Storm,normal
2025-06-16 04:00:00,0.0,0.9,56.7,72.7,-20.8,0.0,Clear,normal
2025-06-16 05:00:00,0.0,120.0,55.4,95.0,-25.4,0.0,Storm,normal
2025-06-16 06:00:00,0.0,0.8,66.8,68.6,-22.8,0.0,Clear,normal
2025-06-16 07:00:00,0.0,120.0,59.4,90.9,-25.7,0.0,Storm,normal
2025-06-16 08:00:00,0.0,1.1,70.2,63.3,-24.1,0.0,Snow,normal
2025-06-16 09:00:00,0.0,120.0,59.0,85.7,-24.9,0.0,Storm,normal
2025-06-16 10:00:00,0.0,120.0,64.7,95.0,-22.1,0.0,Storm,normal
2025-06-16 11:00:00,0.0,120.0,67.2,95.0,-24.9,0.0,Storm,normal
2025-06-16 12:00:00,0.0,120.0,63.1,95.0,-21.2,0.0,Storm,normal
2025-06-16 13:00:00,0.0,45.4,61.3,88.6,-23.9,0.0,Clear,normal
2025-06-16 14:00:00,0.0,5.9,68.6,63.6,-24.8,0.0,Cloudy,normal
2025-06-16 15:00:00,0.0,0.0,74.0,34.0,-26.1,0.0,Cloudy,normal
2025-06-16 16:00:00,0.0,28.6,74.2,15.7,-22.8,0.0,Cloudy,normal
2025-06-16 17:00:00,0.0,120.0,71.0,33.8,-21.4,0.0,Storm,normal
2025-06-16 18:00:00,0.0,120.0,70.9,51.8,-22.8,0.0,Clear,normal
2025-06-16 19:00:00,0.0,0.0,68.3,24.5,-18.5,0.0,Storm,normal
2025-06-16 20:00:00,0.0,8.5,70.5,15.0,-20.2,0.0,Cloudy,storm
2025-06-16 21:00:00,0.0,120.0,55.4,38.8,-24.1,0.0,Storm,normal
2025-06-16 22:00:00,0.0,35.8,60.1,29.1,-24.1,0.0,Snow,normal
2025-06-16 23:00:00,0.0,0.8,52.3,15.0,-22.4,0.0,Snow,storm
2025-06-17 00:00:00,0.0,96.0,62.4,27.4,-25.3,0.0,Snow,normal
2025-06-17 01:00:00,0.0,120.0,54.9,51.3,-20.9,0.0,Cloudy,normal
2025-06-17 02:00:00,0.0,120.0,57.1,74.5,-22.7,0.0,Storm,normal
2025-06-17 03:00:00,0.0,8.4,56.8,55.1,-22.9,0.0,Snow,normal
2025-06-17 04:00:00,0.0,96.0,47.0,73.2,-22.0,0.0,Clear,normal
2025-06-17 05:00:00,0.0,48.0,47.1,73.5,-19.7,0.0,Cloudy,normal
2025-06-17 06:00:00,0.0,16.0,61.5,55.3,-23.1,0.0,Clear,normal
2025-06-17 07:00:00,0.0,120.0,56.0,78.8,-23.7,0.0,Storm,normal
2025-06-17 08:00:00,0.0,120.0,67.3,95.0,-20.2,0.0,Cloudy,normal
2025-06-17 09:00:00,0.0,0.0,63.8,69.5,-21.4,0.0,Snow,normal
2025-06-17 10:00:00,0.0,100.0,60.9,83.9,-24.2,0.0,Clear,normal
2025-06-17 11:00:00,0.0,0.0,60.9,59.5,-23.5,0.0,Cloudy,normal
2025-06-17 12:00:00,0.0,77.7,63.4,64.8,-23.1,0.0,Snow,normal
2025-06-17 13:00:00,0.0,0.0,62.0,40.0,-22.7,0.0,Clear,normal
2025-06-17 14:00:00,0.0,120.0,69.2,58.7,-26.5,0.0,Cloudy,normal
2025-06-17 15:00:00,0.0,0.0,70.9,30.4,-26.9,0.0,Clear,normal
2025-06-17 16:00:00,0.0,1.2,69.8,15.0,-25.4,0.0,Clear,storm
2025-06-17 17:00:00,0.0,120.0,69.5,33.6,-25.6,0.0,Storm,normal
2025-06-17 18:00:00,0.0,45.8,71.4,23.3,-24.9,0.0,Cloudy,normal
2025-06-17 19:00:00,0.0,0.0,69.1,15.0,-22.1,0.0,Cloudy,storm
2025-06-17 20:00:00,0.0,120.0,63.2,35.9,-23.9,0.0,Storm,normal
2025-06-17 21:00:00,0.0,13.1,50.6,20.9,-23.1,0.0,Cloudy,normal
2025-06-17 22:00:00,0.0,22.0,58.5,15.0,-26.2,0.0,Cloudy,storm
2025-06-17 23:00:00,0.0,28.9,59.8,15.0,-24.5,0.0,Clear,storm
2025-06-18 00:00:00,0.0,120.0,55.2,38.8,-22.3,0.0,Storm,normal
2025-06-18 01:00:00,0.0,17.0,59.8,21.7,-22.3,0.0,Clear,normal
2025-06-18 02:00:00,0.0,32.6,54.9,15.0,-25.2,0.0,Cloudy,storm
2025-06-18 03:00:00,0.0,120.0,64.5,35.4,-23.2,0.0,Storm,normal
2025-06-18 04:00:00,0.0,120.0,56.8,58.7,-18.7,0.0,Storm,normal
2025-06-18 05:00:00,0.0,27.2,57.1,46.7,-23.6,0.0,Clear,normal
2025-06-18 06:00:00,0.0,30.1,57.0,35.9,-25.1,0.0,Cloudy,normal
2025-06-18 07:00:00,0.0,0.0,58.4,15.0,-24.0,0.0,Cloudy,storm
2025-06-18 08:00:00,0.0,74.7,71.0,16.4,-23.4,0.0,Cloudy,normal
2025-06-18 09:00:00,0.0,120.0,65.3,36.5,-23.9,0.0,Storm,normal
2025-06-18 10:00:00,0.0,14.2,64.4,16.4,-23.7,0.0,Cloudy,normal
2025-06-18 11:00:00,0.0,120.0,69.8,34.9,-26.8,0.0,Storm,normal
2025-06-18 12:00:00,0.0,0.0,63.7,15.0,-25.7,0.0,Cloudy,storm
2025-06-18 13:00:00,0.0,1.7,71.2,15.0,-23.9,0.0,Cloudy,storm
2025-06-18 14:00:00,0.0,120.0,69.4,33.6,-23.9,0.0,Storm,normal
2025-06-18 15:00:00,0.0,120.0,71.4,51.5,-24.8,0.0,Storm,normal
2025-06-18 16:00:00,0.0,0.0,72.5,22.5,-24.0,0.0,Snow,normal
2025-06-18 17:00:00,0.0,0.0,63.3,15.0,-23.5,0.0,Clear,storm
2025-06-18 18:00:00,0.0,120.0,64.7,35.4,-21.6,0.0,Cloudy,normal
2025-06-18 19:00:00,0.0,118.9,66.4,54.7,-23.8,0.0,Cloudy,normal
2025-06-18 20:00:00,0.0,21.1,72.0,34.3,-22.7,0.0,Snow,normal
2025-06-18 21:00:00,0.0,120.0,58.1,57.0,-24.8,0.0,Storm,normal
2025-06-18 22:00:00,0.0,4.9,50.1,38.9,-22.3,0.0,Cloudy,normal
2025-06-18 23:00:00,0.0,0.0,56.0,16.6,-22.8,0.0,Clear,normal
2025-06-19 00:00:00,0.0,120.0,60.3,38.5,-21.8,0.0,Storm,normal
2025-06-19 01:00:00,0.0,120.0,59.2,60.9,-22.1,0.0,Storm,normal
2025-06-19 02:00:00,0.0,6.2,57.0,40.6,-22.4,0.0,Cloudy,normal
2025-06-19 03:00:00,0.0,0.3,57.4,17.7,-23.9,0.0,Cloudy,normal
2025-06-19 04:00:00,0.0,0.0,59.5,15.0,-23.1,0.0,Cloudy,storm
2025-06-19 05:00:00,0.0,44.0,58.6,15.0,-21.3,0.0,Snow,storm
2025-06-19 06:00:00,0.0,105.8,61.0,31.5,-25.1,0.0,Snow,normal
2025-06-19 07:00:00,0.0,120.0,58.7,54.1,-25.1,0.0,Storm,normal
2025-06-19 08:00:00,0.0,120.0,66.2,73.9,-23.3,0.0,Cloudy,normal
2025-06-19 09:00:00,0.0,8.3,63.6,51.7,-22.8,0.0,Cloudy,normal
2025-06-19 10:00:00,0.0,75.2,72.6,52.7,-25.5,0.0,Clear,normal
2025-06-19 11:00:00,0.0,120.0,66.3,72.5,-23.8,0.0,Storm,normal
2025-06-19 12:00:00,0.0,102.7,63.2,87.0,-23.9,0.0,Clear,normal
2025-06-19 13:00:00,0.0,120.0,80.6,95.0,-28.6,0.0,Storm,normal
2025-06-19 14:00:00,0.0,0.4,64.3,69.4,-24.2,0.0,Snow,normal
2025-06-19 15:00:00,0.0,120.0,63.4,90.2,-24.0,0.0,Cloudy,normal
2025-06-19 16:00:00,0.0,120.0,62.2,95.0,-24.0,0.0,Clear,normal
2025-06-19 17:00:00,0.0,16.6,60.8,77.3,-20.6,0.0,Snow,normal
2025-06-19 18:00:00,0.0,120.0,72.4,94.8,-26.4,0.0,Storm,normal
2025-06-19 19:00:00,0.0,0.0,62.2,69.9,-25.5,0.0,Storm,normal
2025-06-19 20:00:00,0.0,0.0,73.0,40.7,-29.4,0.0,Snow,normal
2025-06-19 21:00:00,0.0,0.0,57.4,17.8,-24.7,0.0,Snow,normal
2025-06-19 22:00:00,0.0,19.3,56.4,15.0,-24.6,0.0,Cloudy,storm
2025-06-19 23:00:00,0.0,35.8,52.8,15.0,-24.8,0.0,Snow,storm
2025-06-20 00:00:00,0.0,44.4,56.1,15.0,-21.3,0.0,Cloudy,storm
2025-06-20 01:00:00,0.0,5.4,50.0,15.0,-21.9,0.0,Clear,storm
2025-06-20 02:00:00,0.0,0.0,57.5,15.0,-23.6,0.0,Cloudy,storm
2025-06-20 03:00:00,0.0,22.8,61.0,15.0,-24.6,0.0,Snow,storm
2025-06-20 04:00:00,0.0,36.9,47.5,15.0,-21.5,0.0,Clear,storm
2025-06-20 05:00:00,0.0,17.4,61.6,15.0,-23.8,0.0,Clear,storm
2025-06-20 06:00:00,0.0,39.5,52.7,15.0,-25.6,0.0,Snow,storm
2025-06-20 07:00:00,0.0,80.3,69.8,18.9,-27.5,0.0,Snow,normal
2025-06-20 08:00:00,0.0,25.5,66.9,15.0,-24.7,0.0,Clear,storm
2025-06-20 09:00:00,0.0,5.2,61.6,15.0,-22.1,0.0,Snow,storm
2025-06-20 10:00:00,0.0,40.1,62.6,15.0,-18.8,0.0,Cloudy,storm
2025-06-20 11:00:00,0.0,97.0,63.0,27.5,-23.6,0.0,Cloudy,normal
2025-06-20 12:00:00,0.0,51.0,58.8,24.4,-25.5,0.0,Cloudy,normal
2025-06-20 13:00:00,0.0,0.0,74.0,15.0,-26.4,0.0,Storm,storm
2025-06-20 14:00:00,0.0,115.1,64.2,33.7,-22.6,0.0,Cloudy,normal
2025-06-20 15:00:00,0.0,45.0,71.0,23.3,-27.7,0.0,Clear,normal
2025-06-20 16:00:00,0.0,2.8,64.9,15.0,-22.6,0.0,Cloudy,storm
2025-06-20 17:00:00,0.0,3.1,61.7,15.0,-22.0,0.0,Snow,storm
2025-06-20 18:00:00,0.0,17.5,61.3,15.0,-22.8,0.0,Clear,storm
2025-06-20 19:00:00,0.0,19.2,70.2,15.0,-24.3,0.0,Clear,storm
2025-06-20 20:00:00,0.0,17.1,67.6,15.0,-22.5,0.0,Clear,storm
2025-06-20 21:00:00,0.0,120.0,58.2,37.7,-23.4,0.0,Cloudy,normal
2025-06-20 22:00:00,0.0,120.0,64.6,58.1,-25.5,0.0,Storm,normal
2025-06-20 23:00:00,0.0,120.0,54.4,82.3,-19.7,0.0,Storm,normal
2025-06-21 00:00:00,0.0,120.0,64.1,95.0,-24.6,0.0,Clear,normal
2025-06-21 01:00:00,0.0,1.6,63.1,70.4,-22.2,0.0,Cloudy,normal
2025-06-21 02:00:00,0.0,120.0,68.5,89.4,-29.2,0.0,Storm,normal
2025-06-21 03:00:00,0.0,2.6,57.7,67.3,-21.1,0.0,Clear,normal
2025-06-21 04:00:00,0.0,91.8,51.6,82.1,-20.6,0.0,Snow,normal
2025-06-21 05:00:00,0.0,120.0,60.6,95.0,-23.8,0.0,Clear,normal
2025-06-21 06:00:00,0.0,120.0,55.7,95.0,-22.6,0.0,Storm,normal
2025-06-21 07:00:00,0.0,120.0,60.5,95.0,-22.6,0.0,Storm,normal
2025-06-21 08:00:00,0.0,15.4,74.8,71.2,-25.3,0.0,Clear,normal
2025-06-21 09:00:00,0.0,74.4,65.3,74.6,-22.7,0.0,Clear,normal
2025-06-21 10:00:00,0.0,120.0,64.1,95.0,-25.6,0.0,Storm,normal
2025-06-21 11:00:00,0.0,0.0,71.0,66.6,-25.2,0.0,Storm,normal
2025-06-21 12:00:00,0.0,21.4,64.4,49.4,-21.4,0.0,Clear,normal
2025-06-21 13:00:00,0.0,2.1,70.8,21.9,-21.7,0.0,Clear,normal
2025-06-21 14:00:00,0.0,0.0,68.6,15.0,-25.4,0.0,Cloudy,storm
2025-06-21 15:00:00,0.0,0.0,68.2,15.0,-25.5,0.0,Cloudy,storm
2025-06-21 16:00:00,0.0,4.3,68.7,15.0,-25.3,0.0,Snow,storm
2025-06-21 17:00:00,0.0,120.0,66.5,34.7,-22.3,0.0,Storm,normal
2025-06-21 18:00:00,0.0,120.0,61.2,56.3,-26.1,0.0,Storm,normal
2025-06-21 19:00:00,0.0,115.9,62.8,75.8,-23.1,0.0,Cloudy,normal
2025-06-21 20:00:00,0.0,18.7,69.6,55.5,-22.2,0.0,Snow,normal
2025-06-21 21:00:00,0.0,120.0,56.5,78.8,-24.1,0.0,Cloudy,normal
2025-06-21 22:00:00,0.0,53.3,56.5,77.6,-21.6,0.0,Cloudy,normal
2025-06-21 23:00:00,0.0,21.6,58.6,62.8,-24.5,0.0,Cloudy,normal
2025-06-22 00:00:00,0.0,104.1,56.6,80.2,-24.4,0.0,Clear,normal
2025-06-22 01:00:00,0.0,16.4,60.5,62.6,-26.1,0.0,Cloudy,normal
2025-06-22 02:00:00,0.0,102.7,52.6,81.0,-21.7,0.0,Cloudy,normal
2025-06-22 03:00:00,0.0,120.0,54.7,95.0,-25.6,0.0,Clear,normal
2025-06-22 04:00:00,0.0,120.0,59.0,95.0,-23.2,0.0,Storm,normal
2025-06-22 05:00:00,0.0,0.0,65.6,68.8,-24.1,0.0,Clear,normal
2025-06-22 06:00:00,0.0,120.0,64.3,89.3,-26.3,0.0,Storm,normal
2025-06-22 07:00:00,0.0,37.2,63.4,78.8,-25.3,0.0,Cloudy,normal
2025-06-22 08:00:00,0.0,120.0,68.1,95.0,-20.9,0.0,Storm,normal
2025-06-22 09:00:00,0.0,120.0,67.3,95.0,-23.5,0.0,Storm,normal
2025-06-22 10:00:00,0.0,2.4,69.3,68.2,-26.2,0.0,Snow,normal
2025-06-22 11:00:00,0.0,120.0,62.9,89.3,-23.3,0.0,Clear,normal
2025-06-22 12:00:00,0.0,120.0,70.4,95.0,-24.3,0.0,Storm,normal
2025-06-22 13:00:00,0.0,25.2,60.4,80.9,-16.3,0.0,Clear,normal
2025-06-22 14:00:00,0.0,1.7,63.6,56.2,-23.3,0.0,Clear,normal
2025-06-22 15:00:00,0.0,0.6,66.5,29.8,-24.8,0.0,Snow,normal
2025-06-22 16:00:00,0.0,0.0,59.3,15.0,-20.8,0.0,Snow,storm
2025-06-22 17:00:00,0.0,0.0,73.1,15.0,-28.0,0.0,Snow,storm
2025-06-22 18:00:00,0.0,39.3,72.9,15.0,-23.7,0.0,Snow,storm
2025-06-22 19:00:00,0.0,0.9,58.1,15.0,-19.6,0.0,Cloudy,storm
2025-06-22 20:00:00,0.0,6.4,71.4,15.0,-24.2,0.0,Snow,storm
2025-06-22 21:00:00,0.0,120.0,67.6,34.3,-27.8,0.0,Storm,normal
2025-06-22 22:00:00,0.0,120.0,55.2,58.1,-24.8,0.0,Clear,normal
2025-06-22 23:00:00,0.0,2.1,47.4,40.0,-20.7,0.0,Snow,normal
2025-06-23 00:00:00,0.0,0.0,58.4,16.6,-23.2,0.0,Storm,normal
2025-06-23 01:00:00,0.0,101.4,60.2,31.8,-25.9,0.0,Clear,normal
2025-06-23 02:00:00,0.0,0.0,59.6,15.0,-25.5,0.0,Snow,storm
2025-06-23 03:00:00,0.0,0.0,64.8,15.0,-25.3,0.0,Storm,storm
2025-06-23 04:00:00,0.0,120.0,56.8,38.3,-23.2,0.0,Storm,normal
2025-06-23 05:00:00,0.0,110.1,65.8,54.6,-21.1,0.0,Snow,normal
2025-06-23 06:00:00,0.0,38.6,50.6,49.8,-21.7,0.0,Clear,normal
2025-06-23 07:00:00,0.0,120.0,54.5,73.9,-23.0,0.0,Storm,normal
2025-06-23 08:00:00,0.0,89.0,66.5,82.2,-27.0,0.0,Clear,normal
2025-06-23 09:00:00,0.0,12.5,69.2,59.4,-27.0,0.0,Cloudy,normal
2025-06-23 10:00:00,0.0,10.1,71.6,34.8,-22.9,0.0,Cloudy,normal
2025-06-23 11:00:00,0.0,120.0,65.5,54.9,-27.0,0.0,Storm,normal
2025-06-23 12:00:00,0.0,2.1,63.9,30.2,-24.5,0.0,Clear,normal
2025-06-23 13:00:00,0.0,120.0,63.9,50.8,-23.4,0.0,Storm,normal
2025-06-23 14:00:00,0.0,57.9,69.1,46.3,-26.5,0.0,Clear,normal
2025-06-23 15:00:00,0.0,0.0,70.0,18.4,-26.3,0.0,Cloudy,normal
2025-06-23 16:00:00,0.0,120.0,65.6,38.4,-24.2,0.0,Storm,normal
2025-06-23 17:00:00,0.0,2.4,60.7,15.0,-22.9,0.0,Cloudy,normal
2025-06-23 18:00:00,0.0,4.2,64.3,15.0,-21.7,0.0,Clear,storm
2025-06-23 19:00:00,0.0,29.0,71.4,15.0,-22.7,0.0,Clear,storm
2025-06-23 20:00:00,0.0,45.2,70.6,15.0,-23.9,0.0,Clear,storm
2025-06-23 21:00:00,0.0,111.8,58.9,34.5,-25.7,0.0,Clear,normal
2025-06-23 22:00:00,0.0,120.0,61.7,56.0,-26.4,0.0,Storm,normal
2025-06-23 23:00:00,0.0,120.0,62.2,77.2,-25.2,0.0,Storm,normal
2025-06-24 00:00:00,0.0,9.2,61.7,56.2,-23.2,0.0,Clear,normal
2025-06-24 01:00:00,0.0,10.2,64.5,34.5,-23.4,0.0,Snow,normal
2025-06-24 02:00:00,0.0,120.0,64.8,54.8,-28.7,0.0,Storm,normal
2025-06-24 03:00:00,0.0,0.9,56.1,32.7,-25.8,0.0,Snow,normal
2025-06-24 04:00:00,0.0,58.1,50.4,35.6,-21.5,0.0,Snow,normal
2025-06-24 05:00:00,0.0,120.0,61.3,57.2,-23.9,0.0,Storm,normal
2025-06-24 06:00:00,0.0,15.0,56.4,40.6,-27.2,0.0,Cloudy,normal
2025-06-24 07:00:00,0.0,0.0,57.2,17.7,-18.9,0.0,Cloudy,normal
2025-06-24 08:00:00,0.0,2.4,64.8,15.0,-24.2,0.0,Clear,storm
2025-06-24 09:00:00,0.0,3.2,61.4,15.0,-23.3,0.0,Clear,storm
2025-06-24 10:00:00,0.0,1.6,68.2,15.0,-23.2,0.0,Clear,storm
2025-06-24 11:00:00,0.0,25.4,63.8,15.0,-24.9,0.0,Cloudy,storm
2025-06-24 12:00:00,0.0,0.0,70.6,15.0,-25.7,0.0,Storm,storm
2025-06-24 13:00:00,0.0,120.0,63.1,35.9,-19.4,0.0,Cloudy,normal
2025-06-24 14:00:00,0.0,33.5,57.3,26.4,-21.9,0.0,Snow,normal
2025-06-24 15:00:00,0.0,42.5,71.0,15.0,-22.3,0.0,Cloudy,normal
2025-06-24 16:00:00,0.0,5.4,71.0,15.0,-22.8,0.0,Clear,storm
2025-06-24 17:00:00,0.0,42.1,73.1,15.0,-26.3,0.0,Cloudy,storm
2025-06-24 18:00:00,0.0,120.0,68.2,34.1,-21.3,0.0,Storm,normal
2025-06-24 19:00:00,0.0,63.4,66.1,33.0,-26.0,0.0,Cloudy,normal
2025-06-24 20:00:00,0.0,120.0,71.1,51.0,-23.5,0.0,Storm,normal
2025-06-24 21:00:00,0.0,120.0,65.7,70.9,-27.7,0.0,Storm,normal
2025-06-24 22:00:00,0.0,0.0,55.2,48.8,-28.6,0.0,Storm,normal
2025-06-24 23:00:00,0.0,120.0,54.5,72.9,-23.4,0.0,Storm,normal
2025-06-25 00:00:00,0.0,0.0,58.0,49.8,-26.0,0.0,Storm,normal
2025-06-25 01:00:00,0.0,120.0,69.5,68.3,-28.6,0.0,Storm,normal
2025-06-25 02:00:00,0.0,113.3,54.1,90.1,-23.0,0.0,Cloudy,normal
2025-06-25 03:00:00,0.0,3.8,52.2,70.8,-19.5,0.0,Snow,normal
2025-06-25 04:00:00,0.0,120.0,51.0,95.0,-21.1,0.0,Storm,normal
2025-06-25 05:00:00,0.0,120.0,57.9,95.0,-24.8,0.0,Storm,normal
2025-06-25 06:00:00,0.0,120.0,63.3,95.0,-24.2,0.0,Storm,normal
2025-06-25 07:00:00,0.0,0.0,51.5,74.4,-22.2,0.0,Cloudy,normal
2025-06-25 08:00:00,0.0,13.8,66.6,53.3,-21.7,0.0,Cloudy,normal
2025-06-25 09:00:00,0.0,120.0,64.4,73.7,-24.9,0.0,Clear,normal
2025-06-25 10:00:00,0.0,17.6,74.6,50.9,-24.1,0.0,Cloudy,normal
2025-06-25 11:00:00,0.0,10.0,67.0,28.2,-23.5,0.0,Clear,normal
2025-06-25 12:00:00,0.0,5.4,65.7,15.0,-23.0,0.0,Clear,storm
2025-06-25 13:00:00,0.0,0.0,65.2,15.0,-24.5,0.0,Snow,storm
2025-06-25 14:00:00,0.0,120.0,68.4,34.0,-24.5,0.0,Snow,normal
2025-06-25 15:00:00,0.0,7.8,58.3,15.0,-21.2,0.0,Cloudy,storm
2025-06-25 16:00:00,0.0,15.1,64.9,15.0,-21.5,0.0,Cloudy,storm
2025-06-25 17:00:00,0.0,33.7,63.8,15.0,-23.1,0.0,Clear,storm
2025-06-25 18:00:00,0.0,120.0,60.9,36.8,-20.4,0.0,Storm,normal
2025-06-25 19:00:00,0.0,105.8,76.2,47.6,-25.0,0.0,Snow,normal
2025-06-25 20:00:00,0.0,94.4,69.2,56.9,-20.6,0.0,Snow,normal
2025-06-25 21:00:00,0.0,0.0,63.8,31.4,-23.0,0.0,Clear,normal
2025-06-25 22:00:00,0.0,120.0,55.4,55.2,-17.0,0.0,Storm,normal
2025-06-25 23:00:00,0.0,120.0,63.4,76.0,-26.8,0.0,Storm,normal
2025-06-26 00:00:00,0.0,88.4,66.7,84.0,-25.8,0.0,Snow,normal
2025-06-26 01:00:00,0.0,0.8,59.6,60.4,-23.3,0.0,Cloudy,normal
2025-06-26 02:00:00,0.0,11.0,60.9,40.5,-23.4,0.0,Snow,normal
2025-06-26 03:00:00,0.0,1.0,60.6,16.7,-20.0,0.0,Snow,normal
2025-06-26 04:00:00,0.0,120.0,64.0,37.3,-25.7,0.0,Storm,normal
2025-06-26 05:00:00,0.0,14.9,59.1,19.6,-22.3,0.0,Snow,normal
2025-06-26 06:00:00,0.0,99.0,59.9,34.0,-21.7,0.0,Clear,normal
2025-06-26 07:00:00,0.0,30.1,58.1,22.8,-22.7,0.0,Cloudy,normal
2025-06-26 08:00:00,0.0,120.0,71.4,40.7,-26.4,0.0,Snow,normal
2025-06-26 09:00:00,0.0,2.9,66.6,15.2,-21.2,0.0,Clear,normal
2025-06-26 10:00:00,0.0,90.0,59.7,26.3,-21.6,0.0,Clear,normal
2025-06-26 11:00:00,0.0,15.4,63.0,15.0,-22.9,0.0,Clear,storm
2025-06-26 12:00:00,0.0,120.0,69.7,33.5,-23.8,0.0,Storm,normal
2025-06-26 13:00:00,0.0,0.0,67.3,15.0,-23.8,0.0,Snow,storm
2025-06-26 14:00:00,0.0,21.7,67.3,15.0,-24.4,0.0,Clear,storm
2025-06-26 15:00:00,0.0,120.0,67.1,34.5,-22.9,0.0,Storm,normal
2025-06-26 16:00:00,0.0,120.0,59.3,56.8,-24.2,0.0,Storm,normal
2025-06-26 17:00:00,0.0,0.0,68.4,29.5,-26.1,0.0,Clear,normal
2025-06-26 18:00:00,0.0,120.0,69.0,48.2,-26.6,0.0,Storm,normal
2025-06-26 19:00:00,0.0,1.8,69.6,21.1,-25.9,0.0,Cloudy,normal
2025-06-26 20:00:00,0.0,6.2,70.2,15.0,-23.8,0.0,Cloudy,storm
2025-06-26 21:00:00,0.0,120.0,57.8,37.9,-24.3,0.0,Storm,normal
2025-06-26 22:00:00,0.0,20.4,64.2,20.4,-23.8,0.0,Cloudy,normal
2025-06-26 23:00:00,0.0,0.0,54.3,15.0,-23.2,0.0,Cloudy,storm
2025-06-27 00:00:00,0.0,0.4,63.5,15.0,-25.7,0.0,Cloudy,storm
2025-06-27 01:00:00,0.0,60.7,54.0,17.5,-21.1,0.0,Snow,normal
2025-06-27 02:00:00,0.0,18.5,64.6,15.0,-24.9,0.0,Snow,storm
2025-06-27 03:00:00,0.0,17.4,61.2,15.0,-25.3,0.0,Cloudy,storm
2025-06-27 04:00:00,0.0,120.0,53.5,39.5,-23.3,0.0,Cloudy,normal
2025-06-27 05:00:00,0.0,120.0,63.8,60.2,-28.4,0.0,Cloudy,normal
2025-06-27 06:00:00,0.0,22.9,62.7,44.2,-26.1,0.0,Clear,normal
2025-06-27 07:00:00,0.0,120.0,58.1,67.0,-22.2,0.0,Storm,normal
2025-06-27 08:00:00,0.0,120.0,72.5,84.5,-28.2,0.0,Snow,normal
2025-06-27 09:00:00,0.0,105.8,64.0,95.0,-21.9,0.0,Cloudy,normal
2025-06-27 10:00:00,0.0,10.8,61.8,74.6,-21.0,0.0,Clear,normal
2025-06-27 11:00:00,0.0,120.0,61.5,95.0,-25.1,0.0,Storm,normal
2025-06-27 12:00:00,0.0,16.8,69.0,74.1,-23.7,0.0,Cloudy,normal
2025-06-27 13:00:00,0.0,22.2,66.9,56.2,-21.9,0.0,Clear,normal
2025-06-27 14:00:00,0.0,120.0,76.0,72.4,-25.4,0.0,Storm,normal
2025-06-27 15:00:00,0.0,2.4,65.2,47.2,-22.4,0.0,Snow,normal
2025-06-27 16:00:00,0.0,2.2,69.9,20.2,-25.8,0.0,Clear,normal
2025-06-27 17:00:00,0.0,24.8,69.0,15.0,-25.4,0.0,Snow,storm
2025-06-27 18:00:00,0.0,0.7,72.6,15.0,-26.1,0.0,Snow,storm
2025-06-27 19:00:00,0.0,0.9,64.5,15.0,-23.6,0.0,Snow,storm
2025-06-27 20:00:00,0.0,120.0,65.4,35.1,-21.8,0.0,Storm,normal
2025-06-27 21:00:00,0.0,23.7,59.8,20.6,-24.7,0.0,Snow,normal
2025-06-27 22:00:00,0.0,114.8,65.1,38.9,-27.1,0.0,Snow,normal
2025-06-27 23:00:00,0.0,0.0,70.6,15.0,-26.7,0.0,Clear,storm
2025-06-28 00:00:00,0.0,1.6,59.8,15.0,-23.5,0.0,Clear,storm
2025-06-28 01:00:00,0.0,120.0,49.5,40.9,-20.3,0.0,Storm,normal
2025-06-28 02:00:00,0.0,0.8,53.8,19.7,-23.5,0.0,Cloudy,normal
2025-06-28 03:00:00,0.0,120.0,64.4,40.2,-25.2,0.0,Clear,normal
2025-06-28 04:00:00,0.0,0.0,51.0,19.8,-22.7,0.0,Clear,normal
2025-06-28 05:00:00,0.0,0.0,61.2,15.0,-24.9,0.0,Clear,storm
2025-06-28 06:00:00,0.0,22.7,57.3,15.0,-25.2,0.0,Snow,storm
2025-06-28 07:00:00,0.0,120.0,72.3,32.6,-26.5,0.0,Storm,normal
2025-06-28 08:00:00,0.0,52.7,59.4,29.8,-21.3,0.0,Clear,normal
2025-06-28 09:00:00,0.0,29.5,70.4,15.0,-30.0,0.0,Clear,storm
2025-06-28 10:00:00,0.0,120.0,68.7,33.9,-22.6,0.0,Storm,normal
2025-06-28 11:00:00,0.0,87.5,67.5,41.2,-25.4,0.0,Snow,normal
2025-06-28 12:00:00,0.0,0.0,65.4,15.1,-25.3,0.0,Snow,normal
2025-06-28 13:00:00,0.0,44.0,59.8,15.0,-20.7,0.0,Clear,storm
2025-06-28 14:00:00,0.0,11.7,66.4,15.0,-26.0,0.0,Clear,storm
2025-06-28 15:00:00,0.0,26.5,65.3,15.0,-25.9,0.0,Clear,storm
2025-06-28 16:00:00,0.0,10.6,67.6,15.0,-24.7,0.0,Cloudy,storm
2025-06-28 17:00:00,0.0,45.6,74.2,15.0,-23.5,0.0,Cloudy,storm
2025-06-28 18:00:00,0.0,120.0,76.6,31.0,-25.4,0.0,Snow,normal
2025-06-28 19:00:00,0.0,0.1,79.1,15.0,-27.9,0.0,Cloudy,storm
2025-06-28 20:00:00,0.0,4.8,68.8,15.0,-26.3,0.0,Clear,storm
2025-06-28 21:00:00,0.0,120.0,59.5,37.3,-21.6,0.0,Storm,normal
2025-06-28 22:00:00,0.0,120.0,59.7,59.5,-24.2,0.0,Storm,normal
2025-06-28 23:00:00,0.0,120.0,55.1,83.3,-23.4,0.0,Storm,normal
2025-06-29 00:00:00,0.0,55.8,52.8,84.4,-25.0,0.0,Cloudy,normal
2025-06-29 01:00:00,0.0,3.8,53.8,64.4,-25.9,0.0,Cloudy,normal
2025-06-29 02:00:00,0.0,5.1,56.4,43.9,-20.8,0.0,Clear,normal
2025-06-29 03:00:00,0.0,51.2,54.4,42.6,-24.9,0.0,Snow,normal
2025-06-29 04:00:00,0.0,1.6,57.2,20.3,-25.4,0.0,Clear,normal
2025-06-29 05:00:00,0.0,120.0,58.5,43.0,-22.0,0.0,Storm,normal
2025-06-29 06:00:00,0.0,10.4,51.7,26.4,-26.0,0.0,Clear,normal
2025-06-29 07:00:00,0.0,120.0,66.7,46.1,-25.8,0.0,Storm,normal
2025-06-29 08:00:00,0.0,0.7,67.6,19.3,-24.4,0.0,Cloudy,normal
2025-06-29 09:00:00,0.0,26.9,66.0,15.0,-24.5,0.0,Cloudy,storm
2025-06-29 10:00:00,0.0,16.8,64.4,15.0,-23.9,0.0,Cloudy,storm
2025-06-29 11:00:00,0.0,0.0,64.8,15.0,-19.9,0.0,Cloudy,storm
2025-06-29 12:00:00,0.0,21.2,62.8,15.0,-23.7,0.0,Cloudy,storm
2025-06-29 13:00:00,0.0,86.9,78.0,18.3,-29.7,0.0,Clear,normal
2025-06-29 14:00:00,0.0,0.0,70.2,15.0,-23.7,0.0,Cloudy,storm
2025-06-29 15:00:00,0.0,120.0,64.5,35.4,-24.4,0.0,Cloudy,normal
2025-06-29 16:00:00,0.0,106.9,66.6,50.2,-24.4,0.0,Cloudy,normal
2025-06-29 17:00:00,0.0,42.8,71.8,38.7,-23.9,0.0,Cloudy,normal
2025-06-29 18:00:00,0.0,120.0,69.1,57.4,-24.5,0.0,Storm,normal
2025-06-29 19:00:00,0.0,120.0,66.7,77.0,-24.6,0.0,Storm,normal
2025-06-29 20:00:00,0.0,0.0,63.1,51.8,-23.1,0.0,Storm,normal
2025-06-29 21:00:00,0.0,0.0,60.2,27.7,-25.7,0.0,Clear,normal
2025-06-29 22:00:00,0.0,120.0,59.8,49.8,-26.5,0.0,Storm,normal
2025-06-29 23:00:00,0.0,120.0,54.0,74.1,-17.8,0.0,Storm,normal
2025-06-30 00:00:00,0.0,107.2,59.8,91.5,-26.1,0.0,Clear,normal
2025-06-30 01:00:00,0.0,0.8,55.4,69.7,-24.3,0.0,Clear,normal
2025-06-30 02:00:00,0.0,13.3,67.2,48.1,-27.8,0.0,Clear,normal
2025-06-30 03:00:00,0.0,8.0,61.5,26.7,-24.3,0.0,Cloudy,normal
2025-06-30 04:00:00,0.0,32.1,57.6,16.5,-26.6,0.0,Clear,normal
2025-06-30 05:00:00,0.0,120.0,58.1,39.3,-25.5,0.0,Storm,normal
2025-06-30 06:00:00,0.0,120.0,60.0,61.3,-22.2,0.0,Storm,normal
2025-06-30 07:00:00,0.0,120.0,55.1,85.2,-23.5,0.0,Storm,normal
2025-06-30 08:00:00,0.0,13.5,65.6,64.4,-23.3,0.0,Clear,normal
2025-06-30 09:00:00,0.0,71.4,70.2,64.8,-28.4,0.0,Snow,normal
2025-06-30 10:00:00,0.0,2.2,60.6,41.4,-20.5,0.0,Cloudy,normal
2025-06-30 11:00:00,0.0,120.0,65.8,61.4,-27.1,0.0,Storm,normal
2025-06-30 12:00:00,0.0,120.0,64.0,82.0,-21.2,0.0,Cloudy,normal
2025-06-30 13:00:00,0.0,24.4,61.6,67.1,-22.3,0.0,Cloudy,normal
2025-06-30 14:00:00,0.0,0.0,63.8,41.6,-23.2,0.0,Snow,normal
2025-06-30 15:00:00,0.0,74.1,72.8,42.1,-26.4,0.0,Cloudy,normal
2025-06-30 16:00:00,0.0,95.7,64.3,53.6,-24.2,0.0,Snow,normal
2025-06-30 17:00:00,0.0,0.0,70.4,25.4,-25.6,0.0,Clear,normal
2025-06-30 18:00:00,0.0,0.1,71.3,15.0,-24.5,0.0,Cloudy,storm
2025-06-30 19:00:00,0.0,69.5,67.7,15.7,-25.1,0.0,Snow,normal
2025-06-30 20:00:00,0.0,120.0,74.0,32.6,-29.0,0.0,Storm,normal
2025-06-30 21:00:00,0.0,120.0,53.7,57.0,-22.1,0.0,Storm,normal
2025-06-30 22:00:00,0.0,26.6,62.7,42.6,-24.7,0.0,Snow,normal
2025-06-30 23:00:00,0.0,16.6,63.2,23.9,-25.6,0.0,Cloudy,normal
2025-07-01 00:00:00,0.0,4.3,66.6,15.0,-25.8,0.0,Clear,storm
2025-07-01 01:00:00,0.0,2.7,63.5,15.0,-23.8,0.0,Cloudy,storm
2025-07-01 02:00:00,0.0,20.8,62.6,15.0,-26.5,0.0,Clear,storm
2025-07-01 03:00:00,0.0,0.0,75.5,15.0,-29.5,0.0,Storm,storm
2025-07-01 04:00:00,0.0,16.3,62.2,15.0,-23.7,0.0,Snow,storm
2025-07-01 05:00:00,0.0,46.4,63.5,15.0,-23.4,0.0,Clear,storm
2025-07-01 06:00:00,0.0,0.2,58.2,15.0,-25.0,0.0,Snow,storm
2025-07-01 07:00:00,0.0,120.0,60.6,36.8,-27.1,0.0,Cloudy,normal
2025-07-01 08:00:00,0.0,44.2,67.7,27.4,-24.4,0.0,Cloudy,normal
2025-07-01 09:00:00,0.0,13.4,66.8,15.0,-27.8,0.0,Snow,storm
2025-07-01 10:00:00,0.0,1.0,70.0,15.0,-26.8,0.0,Clear,storm
2025-07-01 11:00:00,0.0,3.4,69.0,15.0,-26.2,0.0,Cloudy,storm
2025-07-01 12:00:00,0.0,10.7,70.1,15.0,-22.7,0.0,Cloudy,storm
2025-07-01 13:00:00,0.0,13.2,73.1,15.0,-25.4,0.0,Snow,storm
2025-07-01 14:00:00,0.0,1.0,69.1,15.0,-25.6,0.0,Snow,storm
2025-07-01 15:00:00,0.0,34.0,61.8,15.0,-20.3,0.0,Snow,storm
2025-07-01 16:00:00,0.0,78.9,74.0,16.8,-23.8,0.0,Clear,normal
2025-07-01 17:00:00,0.0,120.0,60.7,38.6,-23.8,0.0,Storm,normal
2025-07-01 18:00:00,0.0,120.0,62.2,59.9,-25.4,0.0,Storm,normal
2025-07-01 19:00:00,0.0,0.0,70.8,31.6,-25.9,0.0,Snow,normal
2025-07-01 20:00:00,0.0,112.6,72.1,46.5,-29.4,0.0,Snow,normal
2025-07-01 21:00:00,0.0,18.9,56.2,31.6,-22.4,0.0,Cloudy,normal
2025-07-01 22:00:00,0.0,0.0,51.3,15.0,-23.6,0.0,Clear,storm
2025-07-01 23:00:00,0.0,5.6,56.5,15.0,-25.0,0.0,Clear,storm
2025-07-02 00:00:00,0.0,0.0,65.8,15.0,-24.9,0.0,Snow,storm
2025-07-02 01:00:00,0.0,120.0,63.2,35.9,-23.0,0.0,Snow,normal
2025-07-02 02:00:00,0.0,120.0,66.2,55.7,-28.0,0.0,Clear,normal
2025-07-02 03:00:00,0.0,61.9,57.6,57.3,-25.9,0.0,Clear,normal
2025-07-02 04:00:00,0.0,3.7,60.8,34.5,-27.1,0.0,Clear,normal
2025-07-02 05:00:00,0.0,120.0,54.1,58.7,-20.7,0.0,Storm,normal
2025-07-02 06:00:00,0.0,0.4,55.0,36.9,-22.7,0.0,Cloudy,normal
2025-07-02 07:00:00,0.0,14.1,62.3,17.6,-29.5,0.0,Cloudy,normal
2025-07-02 08:00:00,0.0,24.3,70.6,15.0,-28.0,0.0,Cloudy,storm
2025-07-02 09:00:00,0.0,36.0,62.0,15.0,-24.9,0.0,Cloudy,storm
2025-07-02 10:00:00,0.0,0.0,73.4,15.0,-25.7,0.0,Storm,storm
2025-07-02 11:00:00,0.0,120.0,70.0,33.4,-27.5,0.0,Storm,normal
2025-07-02 12:00:00,0.0,120.0,61.3,55.0,-20.3,0.0,Cloudy,normal
2025-07-02 13:00:00,0.0,45.2,60.6,48.9,-23.9,0.0,Cloudy,normal
2025-07-02 14:00:00,0.0,43.8,69.7,38.5,-23.6,0.0,Snow,normal
2025-07-02 15:00:00,0.0,120.0,65.0,58.7,-26.2,0.0,Storm,normal
2025-07-02 16:00:00,0.0,120.0,67.9,77.9,-23.0,0.0,Storm,normal
2025-07-02 17:00:00,0.0,0.4,65.0,52.0,-25.5,0.0,Clear,normal
2025-07-02 18:00:00,0.0,120.0,68.8,70.9,-25.3,0.0,Storm,normal
2025-07-02 19:00:00,0.0,120.0,61.2,92.5,-23.3,0.0,Clear,normal
2025-07-02 20:00:00,0.0,7.9,70.5,67.5,-28.2,0.0,Cloudy,normal
2025-07-02 21:00:00,0.0,30.5,55.8,57.4,-21.1,0.0,Cloudy,normal
2025-07-02 22:00:00,0.0,120.0,59.8,79.5,-24.2,0.0,Snow,normal
2025-07-02 23:00:00,0.0,120.0,60.3,95.0,-21.8,0.0,Clear,normal
2025-07-03 00:00:00,0.0,1.1,64.1,69.8,-27.0,0.0,Cloudy,normal
2025-07-03 01:00:00,0.0,39.5,68.0,58.4,-26.7,0.0,Clear,normal
2025-07-03 02:00:00,0.0,78.6,56.5,66.6,-27.2,0.0,Clear,normal
2025-07-03 03:00:00,0.0,120.0,67.5,85.9,-24.1,0.0,Storm,normal
2025-07-03 04:00:00,0.0,120.0,63.3,95.0,-24.5,0.0,Storm,normal
2025-07-03 05:00:00,0.0,0.1,58.9,71.5,-25.7,0.0,Cloudy,normal
2025-07-03 06:00:00,0.0,51.8,65.9,65.9,-26.9,0.0,Snow,normal
2025-07-03 07:00:00,0.0,6.6,69.6,40.7,-27.5,0.0,Cloudy,normal
2025-07-03 08:00:00,0.0,120.0,72.2,58.2,-24.8,0.0,Clear,normal
2025-07-03 09:00:00,0.0,0.0,64.8,32.3,-25.7,0.0,Storm,normal
2025-07-03 10:00:00,0.0,120.0,69.4,51.0,-26.2,0.0,Storm,normal
2025-07-03 11:00:00,0.0,120.0,67.3,70.4,-21.3,0.0,Clear,normal
2025-07-03 12:00:00,0.0,120.0,67.8,89.6,-24.9,0.0,Storm,normal
2025-07-03 13:00:00,0.0,120.0,66.7,95.0,-21.9,0.0,Storm,normal
2025-07-03 14:00:00,0.0,120.0,70.9,95.0,-25.9,0.0,Storm,normal
2025-07-03 15:00:00,0.0,0.5,63.2,70.0,-24.1,0.0,Clear,normal
2025-07-03 16:00:00,0.0,120.0,72.8,87.3,-24.8,0.0,Storm,normal
2025-07-03 17:00:00,0.0,66.9,71.8,85.4,-28.4,0.0,Snow,normal
2025-07-03 18:00:00,0.0,120.0,64.3,95.0,-21.5,0.0,Clear,normal
2025-07-03 19:00:00,0.0,120.0,64.4,95.0,-25.0,0.0,Storm,normal
2025-07-03 20:00:00,0.0,0.0,65.0,69.0,-23.0,0.0,Storm,normal
2025-07-03 21:00:00,0.0,14.0,65.0,48.6,-26.3,0.0,Clear,normal
2025-07-03 22:00:00,0.0,120.0,61.0,70.3,-25.0,0.0,Storm,normal
2025-07-03 23:00:00,0.0,11.4,64.4,49.1,-26.6,0.0,Clear,normal
2025-07-04 00:00:00,0.0,104.1,56.9,66.4,-22.0,0.0,Clear,normal
2025-07-04 01:00:00,0.0,0.0,59.4,42.7,-24.0,0.0,Clear,normal
2025-07-04 02:00:00,0.0,11.6,52.3,26.4,-23.9,0.0,Cloudy,normal
2025-07-04 03:00:00,0.0,92.2,58.3,38.9,-21.7,0.0,Cloudy,normal
2025-07-04 04:00:00,0.0,120.0,56.4,62.3,-22.2,0.0,Cloudy,normal
2025-07-04 05:00:00,0.0,120.0,59.3,84.6,-23.0,0.0,Cloudy,normal
2025-07-04 06:00:00,0.0,120.0,54.3,95.0,-27.9,0.0,Storm,normal
2025-07-04 07:00:00,0.0,18.5,71.4,73.8,-26.3,0.0,Cloudy,normal
2025-07-04 08:00:00,0.0,41.2,70.2,62.2,-26.9,0.0,Cloudy,normal
2025-07-04 09:00:00,0.0,47.0,68.0,53.8,-23.1,0.0,Cloudy,normal
2025-07-04 10:00:00,0.0,23.0,68.8,35.5,-24.3,0.0,Cloudy,normal
2025-07-04 11:00:00,0.0,2.5,69.5,15.0,-27.8,0.0,Snow,storm
2025-07-04 12:00:00,0.0,68.2,69.8,15.0,-25.1,0.0,Snow,storm
2025-07-04 13:00:00,0.0,120.0,75.8,31.3,-28.0,0.0,Storm,normal
2025-07-04 14:00:00,0.0,120.0,68.5,50.2,-24.8,0.0,Snow,normal
2025-07-04 15:00:00,0.0,15.6,74.8,26.5,-28.4,0.0,Cloudy,normal
2025-07-04 16:00:00,0.0,71.7,69.7,27.3,-23.6,0.0,Cloudy,normal
2025-07-04 17:00:00,0.0,12.8,69.7,15.0,-23.9,0.0,Clear,storm
2025-07-04 18:00:00,0.0,120.0,70.9,33.1,-20.5,0.0,Clear,normal
2025-07-04 19:00:00,0.0,120.0,67.3,52.5,-22.9,0.0,Storm,normal
2025-07-04 20:00:00,0.0,120.0,68.4,71.4,-25.7,0.0,Storm,normal
2025-07-04 21:00:00,0.0,30.7,57.7,60.6,-22.9,0.0,Clear,normal
2025-07-04 22:00:00,0.0,13.7,64.4,40.4,-27.8,0.0,Cloudy,normal
2025-07-04 23:00:00,0.0,120.0,56.4,63.8,-26.8,0.0,Storm,normal
2025-07-05 00:00:00,0.0,24.6,64.6,47.8,-24.0,0.0,Cloudy,normal
2025-07-05 01:00:00,0.0,69.0,63.5,49.8,-29.5,0.0,Cloudy,normal
2025-07-05 02:00:00,0.0,118.5,59.4,71.5,-24.8,0.0,Snow,normal
2025-07-05 03:00:00,0.0,55.6,56.8,71.0,-27.0,0.0,Cloudy,normal
2025-07-05 04:00:00,0.0,120.0,59.9,93.1,-24.5,0.0,Storm,normal
2025-07-05 05:00:00,0.0,0.1,56.7,70.5,-27.1,0.0,Snow,normal
2025-07-05 06:00:00,0.0,120.0,52.1,95.0,-23.8,0.0,Clear,normal
2025-07-05 07:00:00,0.0,4.5,56.8,74.1,-24.7,0.0,Clear,normal
2025-07-05 08:00:00,0.0,17.5,63.7,55.6,-21.7,0.0,Cloudy,normal
2025-07-05 09:00:00,0.0,87.2,64.4,64.0,-24.8,0.0,Snow,normal
2025-07-05 10:00:00,0.0,0.0,70.6,35.7,-26.5,0.0,Clear,normal
2025-07-05 11:00:00,0.0,35.7,73.2,20.7,-25.3,0.0,Clear,normal
2025-07-05 12:00:00,0.0,21.7,71.6,15.0,-27.7,0.0,Clear,storm
2025-07-05 13:00:00,0.0,41.4,58.0,15.0,-23.9,0.0,Snow,storm
2025-07-05 14:00:00,0.0,18.4,66.4,15.0,-23.5,0.0,Clear,storm
2025-07-05 15:00:00,0.0,70.1,64.6,17.0,-19.3,0.0,Cloudy,normal
2025-07-05 16:00:00,0.0,11.4,67.6,15.0,-26.1,0.0,Snow,storm
2025-07-05 17:00:00,0.0,50.3,69.7,15.0,-25.4,0.0,Cloudy,storm
2025-07-05 18:00:00,0.0,86.9,70.1,21.2,-26.0,0.0,Snow,normal
2025-07-05 19:00:00,0.0,120.0,62.9,42.2,-24.3,0.0,Storm,normal
2025-07-05 20:00:00,0.0,120.0,71.7,60.0,-23.9,0.0,Storm,normal
2025-07-05 21:00:00,0.0,0.2,58.7,36.5,-24.9,0.0,Cloudy,normal
2025-07-05 22:00:00,0.0,120.0,56.1,60.1,-22.4,0.0,Storm,normal
2025-07-05 23:00:00,0.0,2.5,62.9,35.9,-26.1,0.0,Cloudy,normal
2025-07-06 00:00:00,0.0,51.6,51.2,36.0,-22.6,0.0,Cloudy,normal
2025-07-06 01:00:00,0.0,0.0,63.7,15.0,-23.6,0.0,Cloudy,storm
2025-07-06 02:00:00,0.0,0.0,55.9,15.0,-24.8,0.0,Snow,storm
2025-07-06 03:00:00,0.0,0.0,67.7,15.0,-25.5,0.0,Storm,storm
2025-07-06 04:00:00,0.0,55.4,59.0,15.0,-19.5,0.0,Clear,storm
2025-07-06 05:00:00,0.0,29.9,57.6,15.0,-26.6,0.0,Snow,storm
2025-07-06 06:00:00,0.0,114.0,60.4,34.7,-24.1,0.0,Cloudy,normal
2025-07-06 07:00:00,0.0,32.1,57.7,24.5,-26.5,0.0,Clear,normal
2025-07-06 08:00:00,0.0,120.0,59.5,46.7,-20.9,0.0,Storm,normal
2025-07-06 09:00:00,0.0,99.7,55.9,62.8,-22.9,0.0,Cloudy,normal
2025-07-06 10:00:00,0.0,120.0,71.8,80.6,-26.3,0.0,Storm,normal
2025-07-06 11:00:00,0.0,4.7,64.9,56.5,-23.7,0.0,Snow,normal
2025-07-06 12:00:00,0.0,0.0,70.3,28.4,-24.2,0.0,Snow,normal
2025-07-06 13:00:00,0.0,120.0,69.8,46.8,-25.9,0.0,Storm,normal
2025-07-06 14:00:00,0.0,120.0,61.2,68.5,-23.1,0.0,Cloudy,normal
2025-07-06 15:00:00,0.0,0.5,70.3,40.6,-23.9,0.0,Clear,normal
2025-07-06 16:00:00,0.0,0.6,69.4,15.0,-24.3,0.0,Cloudy,storm
2025-07-06 17:00:00,0.0,74.1,66.0,18.0,-24.9,0.0,Cloudy,normal
2025-07-06 18:00:00,0.0,120.0,70.8,36.1,-23.9,0.0,Clear,normal
2025-07-06 19:00:00,0.0,2.4,66.2,15.0,-24.3,0.0,Snow,storm
2025-07-06 20:00:00,0.0,120.0,64.6,35.4,-24.7,0.0,Storm,normal
2025-07-06 21:00:00,0.0,120.0,60.4,57.3,-26.2,0.0,Storm,normal
2025-07-06 22:00:00,0.0,120.0,54.6,81.4,-21.1,0.0,Storm,normal
2025-07-06 23:00:00,0.0,69.5,56.2,86.3,-27.1,0.0,Cloudy,normal
2025-07-07 00:00:00,0.0,56.3,48.4,89.2,-23.9,0.0,Clear,normal
2025-07-07 01:00:00,0.0,0.3,67.1,62.5,-25.5,0.0,Cloudy,normal
2025-07-07 02:00:00,0.0,4.8,60.5,40.2,-21.0,0.0,Cloudy,normal
2025-07-07 03:00:00,0.0,40.2,67.7,29.2,-26.8,0.0,Cloudy,normal
2025-07-07 04:00:00,0.0,120.0,65.1,49.4,-26.5,0.0,Clear,normal
2025-07-07 05:00:00,0.0,86.9,60.3,59.2,-27.0,0.0,Snow,normal
2025-07-07 06:00:00,0.0,0.0,58.4,35.8,-24.1,0.0,Snow,normal
2025-07-07 07:00:00,0.0,1.8,60.4,15.0,-27.9,0.0,Cloudy,storm
2025-07-07 08:00:00,0.0,101.4,71.1,26.2,-25.9,0.0,Clear,normal
2025-07-07 09:00:00,0.0,120.0,74.5,42.9,-29.6,0.0,Snow,normal
2025-07-07 10:00:00,0.0,17.5,65.9,23.5,-24.3,0.0,Clear,normal
2025-07-07 11:00:00,0.0,120.0,70.6,41.7,-25.9,0.0,Storm,normal
2025-07-07 12:00:00,0.0,120.0,75.7,58.0,-28.1,0.0,Storm,normal
2025-07-07 13:00:00,0.0,0.0,65.5,31.8,-22.5,0.0,Storm,normal
2025-07-07 14:00:00,0.0,57.2,66.0,28.2,-27.7,0.0,Clear,normal
2025-07-07 15:00:00,0.0,15.5,67.9,15.0,-23.1,0.0,Clear,storm
2025-07-07 16:00:00,0.0,2.5,64.5,15.0,-26.4,0.0,Clear,storm
2025-07-07 17:00:00,0.0,0.1,61.1,15.0,-21.3,0.0,Cloudy,storm
2025-07-07 18:00:00,0.0,120.0,67.3,34.4,-23.2,0.0,Clear,normal
2025-07-07 19:00:00,0.0,120.0,72.6,51.8,-27.1,0.0,Snow,normal
2025-07-07 20:00:00,0.0,0.3,70.3,23.8,-26.9,0.0,Snow,normal
2025-07-07 21:00:00,0.0,120.0,54.4,48.0,-23.5,0.0,Clear,normal
2025-07-07 22:00:00,0.0,79.7,71.5,51.0,-25.4,0.0,Clear,normal
2025-07-07 23:00:00,0.0,23.9,58.1,37.3,-25.2,0.0,Cloudy,normal
2025-07-08 00:00:00,0.0,0.0,58.9,15.0,-22.1,0.0,Snow,storm
2025-07-08 01:00:00,0.0,120.0,59.2,37.4,-26.5,0.0,Cloudy,normal
2025-07-08 02:00:00,0.0,120.0,55.9,61.0,-24.7,0.0,Storm,normal
2025-07-08 03:00:00,0.0,4.2,58.0,39.4,-22.8,0.0,Cloudy,normal
2025-07-08 04:00:00,0.0,80.0,56.3,48.2,-23.1,0.0,Clear,normal
2025-07-08 05:00:00,0.0,120.0,60.6,70.0,-25.2,0.0,Snow,normal
2025-07-08 06:00:00,0.0,0.0,57.9,46.9,-25.5,0.0,Clear,normal
2025-07-08 07:00:00,0.0,2.0,64.2,22.0,-28.7,0.0,Cloudy,normal
2025-07-08 08:00:00,0.0,0.0,67.2,15.0,-27.2,0.0,Clear,storm
2025-07-08 09:00:00,0.0,120.0,71.5,32.8,-24.2,0.0,Storm,normal
2025-07-08 10:00:00,0.0,0.0,69.4,15.0,-25.2,0.0,Cloudy,storm
2025-07-08 11:00:00,0.0,23.7,67.2,15.0,-24.7,0.0,Cloudy,storm
2025-07-08 12:00:00,0.0,104.8,65.5,29.4,-22.6,0.0,Clear,normal
2025-07-08 13:00:00,0.0,4.0,69.0,15.0,-27.5,0.0,Clear,storm
2025-07-08 14:00:00,0.0,0.0,68.9,15.0,-25.4,0.0,Clear,storm
2025-07-08 15:00:00,0.0,26.8,73.5,15.0,-24.5,0.0,Cloudy,storm
2025-07-08 16:00:00,0.0,3.8,67.1,15.0,-26.4,0.0,Cloudy,storm
2025-07-08 17:00:00,0.0,120.0,65.3,35.1,-21.7,0.0,Clear,normal
2025-07-08 18:00:00,0.0,120.0,62.8,56.2,-22.9,0.0,Storm,normal
2025-07-08 19:00:00,0.0,0.3,57.3,33.4,-24.2,0.0,Cloudy,normal
2025-07-08 20:00:00,0.0,5.7,66.4,15.0,-20.9,0.0,Clear,storm
2025-07-08 21:00:00,0.0,6.9,67.5,15.0,-28.2,0.0,Cloudy,storm
2025-07-08 22:00:00,0.0,120.0,61.6,36.5,-24.9,0.0,Storm,normal
2025-07-08 23:00:00,0.0,60.2,68.4,33.2,-24.1,0.0,Cloudy,normal
2025-07-09 00:00:00,0.0,0.4,60.5,15.0,-26.9,0.0,Clear,storm
2025-07-09 01:00:00,0.0,120.0,55.6,38.7,-24.2,0.0,Storm,normal
2025-07-09 02:00:00,0.0,4.0,67.0,15.0,-27.3,0.0,Clear,storm
2025-07-09 03:00:00,0.0,10.4,63.4,15.0,-23.4,0.0,Clear,storm
2025-07-09 04:00:00,0.0,1.5,62.0,15.0,-22.6,0.0,Cloudy,storm
2025-07-09 05:00:00,0.0,73.0,55.0,21.6,-24.3,0.0,Cloudy,normal
2025-07-09 06:00:00,0.0,17.5,61.2,15.0,-29.0,0.0,Clear,storm
2025-07-09 07:00:00,0.0,120.0,55.4,38.8,-27.0,0.0,Storm,normal
2025-07-09 08:00:00,0.0,62.4,74.6,33.9,-23.7,0.0,Clear,normal
2025-07-09 09:00:00,0.0,2.0,64.2,15.0,-24.9,0.0,Cloudy,storm
2025-07-09 10:00:00,0.0,46.8,69.0,15.0,-30.8,0.0,Cloudy,storm
2025-07-09 11:00:00,0.0,120.0,64.8,35.3,-22.2,0.0,Storm,normal
2025-07-09 12:00:00,0.0,0.2,68.1,15.0,-24.6,0.0,Cloudy,storm
2025-07-09 13:00:00,0.0,120.0,72.4,32.5,-26.7,0.0,Clear,normal
2025-07-09 14:00:00,0.0,0.0,65.2,15.0,-22.7,0.0,Clear,storm
2025-07-09 15:00:00,0.0,120.0,66.7,34.6,-26.4,0.0,Storm,normal
2025-07-09 16:00:00,0.0,11.4,67.8,15.0,-26.4,0.0,Cloudy,storm
2025-07-09 17:00:00,0.0,1.8,64.7,15.0,-24.1,0.0,Snow,storm
2025-07-09 18:00:00,0.0,120.0,69.6,33.6,-21.0,0.0,Storm,normal
2025-07-09 19:00:00,0.0,39.0,64.3,23.4,-21.3,0.0,Cloudy,normal
2025-07-09 20:00:00,0.0,43.2,69.6,15.0,-24.1,0.0,Cloudy,storm
2025-07-09 21:00:00,0.0,11.9,58.1,15.0,-23.9,0.0,Snow,storm
2025-07-09 22:00:00,0.0,13.8,50.9,15.0,-23.2,0.0,Cloudy,storm
2025-07-09 23:00:00,0.0,0.0,69.3,15.0,-27.7,0.0,Clear,storm
2025-07-10 00:00:00,0.0,120.0,60.8,36.8,-23.5,0.0,Snow,normal
2025-07-10 01:00:00,0.0,0.0,63.0,15.0,-26.5,0.0,Clear,storm
2025-07-10 02:00:00,0.0,120.0,50.7,40.5,-24.2,0.0,Storm,normal
2025-07-10 03:00:00,0.0,0.6,59.8,16.8,-25.4,0.0,Snow,normal
2025-07-10 04:00:00,0.0,55.1,65.0,15.0,-23.8,0.0,Cloudy,storm
2025-07-10 05:00:00,0.0,6.5,64.9,15.0,-24.7,0.0,Cloudy,storm
2025-07-10 06:00:00,0.0,11.9,65.8,15.0,-31.7,0.0,Cloudy,storm
2025-07-10 07:00:00,0.0,21.7,64.4,15.0,-24.5,0.0,Clear,storm
2025-07-10 08:00:00,0.0,102.0,72.8,25.8,-23.5,0.0,Cloudy,normal
2025-07-10 09:00:00,0.0,120.0,66.3,45.5,-23.9,0.0,Storm,normal
2025-07-10 10:00:00,0.0,11.0,73.5,20.5,-25.2,0.0,Cloudy,normal
2025-07-10 11:00:00,0.0,0.0,69.4,15.0,-21.3,0.0,Clear,storm
2025-07-10 12:00:00,0.0,120.0,70.6,33.2,-24.2,0.0,Storm,normal
2025-07-10 13:00:00,0.0,120.0,70.7,51.3,-24.0,0.0,Clear,normal
2025-07-10 14:00:00,0.0,0.5,62.1,26.7,-22.6,0.0,Cloudy,normal
2025-07-10 15:00:00,0.0,0.1,70.2,15.0,-24.1,0.0,Cloudy,storm
2025-07-10 16:00:00,0.0,113.7,69.4,31.3,-26.9,0.0,Clear,normal
2025-07-10 17:00:00,0.0,73.3,69.7,32.6,-30.3,0.0,Clear,normal
2025-07-10 18:00:00,0.0,120.0,75.1,49.2,-26.0,0.0,Storm,normal
2025-07-10 19:00:00,0.0,120.0,65.8,69.1,-23.3,0.0,Cloudy,normal
2025-07-10 20:00:00,0.0,5.1,69.6,43.3,-25.7,0.0,Clear,normal
2025-07-10 21:00:00,0.0,1.8,58.8,20.5,-23.2,0.0,Clear,normal
2025-07-10 22:00:00,0.0,50.5,53.4,19.3,-24.6,0.0,Cloudy,normal
2025-07-10 23:00:00,0.0,0.0,55.9,15.0,-22.1,0.0,Snow,storm
2025-07-11 00:00:00,0.0,0.0,63.7,15.0,-25.6,0.0,Clear,storm
2025-07-11 01:00:00,0.0,0.2,59.0,15.0,-23.9,0.0,Cloudy,storm
2025-07-11 02:00:00,0.0,4.6,57.4,15.0,-23.8,0.0,Cloudy,storm
2025-07-11 03:00:00,0.0,37.4,57.9,15.0,-21.6,0.0,Cloudy,storm
2025-07-11 04:00:00,0.0,120.0,68.0,34.1,-28.7,0.0,Cloudy,normal
2025-07-11 05:00:00,0.0,120.0,54.5,58.2,-26.0,0.0,Storm,normal
2025-07-11 06:00:00,0.0,120.0,57.7,81.2,-23.1,0.0,Storm,normal
2025-07-11 07:00:00,0.0,120.0,56.6,95.0,-21.5,0.0,Storm,normal
2025-07-11 08:00:00,0.0,10.5,74.5,69.4,-24.4,0.0,Snow,normal
2025-07-11 09:00:00,0.0,2.1,73.4,40.9,-25.6,0.0,Clear,normal
2025-07-11 10:00:00,0.0,108.3,60.8,58.4,-23.3,0.0,Cloudy,normal
2025-07-11 11:00:00,0.0,120.0,71.4,76.2,-23.0,0.0,Snow,normal
2025-07-11 12:00:00,0.0,0.4,68.1,49.2,-25.7,0.0,Snow,normal
2025-07-11 13:00:00,0.0,21.4,60.8,33.4,-24.2,0.0,Clear,normal
2025-07-11 14:00:00,0.0,1.4,59.9,15.0,-22.3,0.0,Clear,storm
2025-07-11 15:00:00,0.0,0.0,69.3,15.0,-20.8,0.0,Cloudy,storm
2025-07-11 16:00:00,0.0,90.0,68.1,23.0,-23.3,0.0,Cloudy,normal
2025-07-11 17:00:00,0.0,120.0,63.9,43.7,-24.8,0.0,Storm,normal
2025-07-11 18:00:00,0.0,120.0,74.4,60.5,-25.1,0.0,Storm,normal
2025-07-11 19:00:00,0.0,26.9,69.5,43.4,-23.7,0.0,Cloudy,normal
2025-07-11 20:00:00,0.0,0.0,67.2,16.5,-25.2,0.0,Clear,normal
2025-07-11 21:00:00,0.0,120.0,60.7,38.4,-24.5,0.0,Storm,normal
2025-07-11 22:00:00,0.0,0.0,58.8,15.0,-27.3,0.0,Storm,storm
2025-07-11 23:00:00,0.0,0.0,65.1,15.0,-22.1,0.0,Storm,storm
2025-07-12 00:00:00,0.0,0.0,57.8,15.0,-27.5,0.0,Storm,storm
2025-07-12 01:00:00,0.0,77.4,55.8,23.0,-25.9,0.0,Snow,normal
2025-07-12 02:00:00,0.0,42.5,60.5,15.8,-24.7,0.0,Cloudy,normal
2025-07-12 03:00:00,0.0,120.0,67.1,35.2,-20.6,0.0,Storm,normal
2025-07-12 04:00:00,0.0,0.0,55.3,15.0,-25.9,0.0,Cloudy,storm
2025-07-12 05:00:00,0.0,3.7,64.7,15.0,-26.4,0.0,Cloudy,storm
2025-07-12 06:00:00,0.0,28.0,61.5,15.0,-26.2,0.0,Cloudy,storm
2025-07-12 07:00:00,0.0,120.0,57.9,37.8,-21.3,0.0,Storm,normal
2025-07-12 08:00:00,0.0,120.0,78.8,53.0,-31.2,0.0,Storm,normal
2025-07-12 09:00:00,0.0,32.9,67.5,39.2,-27.2,0.0,Clear,normal
2025-07-12 10:00:00,0.0,0.0,61.0,15.0,-19.0,0.0,Cloudy,storm
2025-07-12 11:00:00,0.0,120.0,63.9,35.6,-23.7,0.0,Storm,normal
2025-07-12 12:00:00,0.0,0.0,76.0,15.0,-27.4,0.0,Clear,storm
2025-07-12 13:00:00,0.0,7.2,73.2,15.0,-25.1,0.0,Cloudy,storm
2025-07-12 14:00:00,0.0,76.0,63.3,19.7,-24.8,0.0,Cloudy,normal
2025-07-12 15:00:00,0.0,0.0,67.6,15.0,-23.1,0.0,Snow,storm
2025-07-12 16:00:00,0.0,2.8,68.1,15.0,-20.9,0.0,Clear,storm
2025-07-12 17:00:00,0.0,120.0,60.7,36.8,-24.1,0.0,Storm,normal
2025-07-12 18:00:00,0.0,120.0,74.8,53.5,-26.2,0.0,Storm,normal
2025-07-12 19:00:00,0.0,0.1,65.9,27.1,-23.2,0.0,Clear,normal
2025-07-12 20:00:00,0.0,102.0,67.7,39.8,-26.5,0.0,Cloudy,normal
2025-07-12 21:00:00,0.0,0.0,67.8,15.0,-27.2,0.0,Cloudy,storm
2025-07-12 22:00:00,0.0,120.0,68.3,34.0,-28.8,0.0,Clear,normal
2025-07-12 23:00:00,0.0,4.1,57.9,15.0,-28.4,0.0,Cloudy,storm
2025-07-13 00:00:00,0.0,22.9,64.9,15.0,-27.0,0.0,Cloudy,storm
2025-07-13 01:00:00,0.0,55.4,65.3,15.0,-27.6,0.0,Snow,storm
2025-07-13 02:00:00,0.0,0.2,50.6,15.0,-24.3,0.0,Cloudy,storm
2025-07-13 03:00:00,0.0,2.9,64.8,15.0,-27.6,0.0,Clear,storm
2025-07-13 04:00:00,0.0,120.0,65.2,35.2,-31.9,0.0,Storm,normal
2025-07-13 05:00:00,0.0,18.2,66.8,15.7,-27.3,0.0,Snow,normal
2025-07-13 06:00:00,0.0,64.2,57.6,18.1,-26.0,0.0,Cloudy,normal
2025-07-13 07:00:00,0.0,66.9,61.8,20.0,-26.3,0.0,Snow,normal
2025-07-13 08:00:00,0.0,120.0,62.5,41.2,-21.6,0.0,Storm,normal
2025-07-13 09:00:00,0.0,120.0,66.8,60.8,-26.3,0.0,Storm,normal
2025-07-13 10:00:00,0.0,0.3,57.2,38.0,-23.0,0.0,Cloudy,normal
2025-07-13 11:00:00,0.0,120.0,72.3,55.6,-25.0,0.0,Storm,normal
2025-07-13 12:00:00,0.0,120.0,72.7,73.0,-25.1,0.0,Storm,normal
2025-07-13 13:00:00,0.0,0.3,70.1,45.1,-26.8,0.0,Snow,normal
2025-07-13 14:00:00,0.0,14.8,69.6,23.2,-25.1,0.0,Cloudy,normal
2025-07-13 15:00:00,0.0,30.7,66.8,15.0,-26.7,0.0,Cloudy,storm
2025-07-13 16:00:00,0.0,16.8,71.9,15.0,-24.6,0.0,Snow,storm
2025-07-13 17:00:00,0.0,120.0,69.5,33.6,-25.5,0.0,Cloudy,normal
2025-07-13 18:00:00,0.0,23.3,70.4,15.0,-27.1,0.0,Cloudy,storm
2025-07-13 19:00:00,0.0,7.6,71.7,15.0,-22.8,0.0,Cloudy,storm
2025-07-13 20:00:00,0.0,120.0,61.8,36.4,-24.0,0.0,Storm,normal
2025-07-13 21:00:00,0.0,0.0,53.2,15.1,-26.0,0.0,Cloudy,normal
2025-07-13 22:00:00,0.0,78.0,61.5,21.2,-24.7,0.0,Cloudy,normal
2025-07-13 23:00:00,0.0,120.0,59.4,43.5,-25.2,0.0,Cloudy,normal
2025-07-14 00:00:00,0.0,120.0,57.4,66.6,-26.9,0.0,Storm,normal
2025-07-14 01:00:00,0.0,52.5,60.5,63.4,-24.8,0.0,Clear,normal
2025-07-14 02:00:00,0.0,0.0,62.8,38.2,-26.4,0.0,Clear,normal
2025-07-14 03:00:00,0.0,61.7,65.6,36.6,-27.1,0.0,Cloudy,normal
2025-07-14 04:00:00,0.0,0.0,59.2,15.0,-28.6,0.0,Cloudy,storm
2025-07-14 05:00:00,0.0,117.7,59.2,36.6,-25.8,0.0,Cloudy,normal
2025-07-14 06:00:00,0.0,120.0,59.9,58.7,-23.7,0.0,Storm,normal
2025-07-14 07:00:00,0.0,35.7,65.9,46.6,-26.5,0.0,Cloudy,normal
2025-07-14 08:00:00,0.0,23.4,66.0,29.5,-19.4,0.0,Clear,normal
2025-07-14 09:00:00,0.0,120.0,64.0,50.1,-23.0,0.0,Storm,normal
2025-07-14 10:00:00,0.0,107.6,67.2,65.0,-22.1,0.0,Clear,normal
2025-07-14 11:00:00,0.0,120.0,64.1,85.5,-23.2,0.0,Storm,normal
2025-07-14 12:00:00,0.0,0.0,62.2,60.6,-20.9,0.0,Storm,normal
2025-07-14 13:00:00,0.0,9.6,68.4,37.1,-26.7,0.0,Cloudy,normal
2025-07-14 14:00:00,0.0,120.0,71.0,55.1,-30.6,0.0,Cloudy,normal
2025-07-14 15:00:00,0.0,120.0,71.9,72.8,-26.0,0.0,Storm,normal
2025-07-14 16:00:00,0.0,120.0,70.5,91.0,-23.8,0.0,Storm,normal
2025-07-14 17:00:00,0.0,120.0,66.1,95.0,-24.7,0.0,Snow,normal
2025-07-14 18:00:00,0.0,20.6,68.1,76.0,-24.4,0.0,Snow,normal
2025-07-14 19:00:00,0.0,120.0,63.6,95.0,-22.1,0.0,Storm,normal
2025-07-14 20:00:00,0.0,120.0,63.4,95.0,-24.1,0.0,Storm,normal
2025-07-14 21:00:00,0.0,120.0,53.8,95.0,-23.2,0.0,Storm,normal
2025-07-14 22:00:00,0.0,0.5,69.1,67.6,-27.1,0.0,Cloudy,normal
2025-07-14 23:00:00,0.0,120.0,59.4,89.9,-27.4,0.0,Storm,normal
2025-07-15 00:00:00,0.0,120.0,58.9,95.0,-21.4,0.0,Storm,normal
2025-07-15 01:00:00,0.0,39.2,61.4,86.1,-24.8,0.0,Clear,normal
2025-07-15 02:00:00,0.0,120.0,56.6,95.0,-26.4,0.0,Storm,normal
2025-07-15 03:00:00,0.0,31.9,63.1,82.5,-26.4,0.0,Clear,normal
2025-07-15 04:00:00,0.0,120.0,62.6,95.0,-26.4,0.0,Storm,normal
2025-07-15 05:00:00,0.0,60.5,61.5,94.6,-26.6,0.0,Cloudy,normal
2025-07-15 06:00:00,0.0,1.7,61.1,70.8,-27.8,0.0,Snow,normal
2025-07-15 07:00:00,0.0,0.0,63.3,45.5,-28.3,0.0,Storm,normal
2025-07-15 08:00:00,0.0,120.0,70.3,63.8,-25.4,0.0,Storm,normal
2025-07-15 09:00:00,0.0,26.3,65.9,48.0,-26.3,0.0,Cloudy,normal
2025-07-15 10:00:00,0.0,120.0,71.4,65.9,-22.6,0.0,Storm,normal
2025-07-15 11:00:00,0.0,120.0,70.2,84.3,-24.4,0.0,Storm,normal
2025-07-15 12:00:00,0.0,17.6,57.8,68.2,-24.4,0.0,Cloudy,normal
2025-07-15 13:00:00,0.0,120.0,68.7,87.1,-26.6,0.0,Storm,normal
2025-07-15 14:00:00,0.0,120.0,76.8,95.0,-25.3,0.0,Storm,normal
2025-07-15 15:00:00,0.0,114.4,68.6,95.0,-24.2,0.0,Snow,normal
2025-07-15 16:00:00,0.0,50.7,63.5,89.9,-23.4,0.0,Cloudy,normal
2025-07-15 17:00:00,0.0,1.4,70.8,62.1,-25.2,0.0,Clear,normal
2025-07-15 18:00:00,0.0,0.0,57.1,39.3,-22.6,0.0,Clear,normal
2025-07-15 19:00:00,0.0,120.0,69.1,58.0,-25.0,0.0,Storm,normal
2025-07-15 20:00:00,0.0,0.4,64.3,32.4,-23.3,0.0,Cloudy,normal
2025-07-15 21:00:00,0.0,1.4,61.3,15.0,-26.1,0.0,Cloudy,storm
2025-07-15 22:00:00,0.0,30.4,58.7,15.0,-29.0,0.0,Cloudy,storm
2025-07-15 23:00:00,0.0,32.7,57.7,15.0,-24.4,0.0,Clear,storm
2025-07-16 00:00:00,0.0,2.7,48.0,15.0,-23.4,0.0,Cloudy,storm
2025-07-16 01:00:00,0.0,120.0,56.2,38.5,-23.7,0.0,Storm,normal
2025-07-16 02:00:00,0.0,0.0,59.6,15.0,-24.1,0.0,Clear,storm
2025-07-16 03:00:00,0.0,120.0,65.3,35.1,-25.8,0.0,Storm,normal
2025-07-16 04:00:00,0.0,21.3,71.7,15.0,-26.8,0.0,Cloudy,normal
2025-07-16 05:00:00,0.0,2.1,55.5,15.0,-23.8,0.0,Clear,storm
2025-07-16 06:00:00,0.0,0.0,61.1,15.0,-24.1,0.0,Cloudy,storm
2025-07-16 07:00:00,0.0,78.0,59.9,21.7,-26.2,0.0,Cloudy,normal
2025-07-16 08:00:00,0.0,0.2,64.4,15.0,-22.6,0.0,Cloudy,storm
2025-07-16 09:00:00,0.0,0.0,70.3,15.0,-26.9,0.0,Cloudy,storm
2025-07-16 10:00:00,0.0,120.0,68.7,33.9,-26.3,0.0,Storm,normal
2025-07-16 11:00:00,0.0,0.0,71.9,15.0,-21.4,0.0,Clear,storm
2025-07-16 12:00:00,0.0,0.0,64.9,15.0,-23.1,0.0,Clear,storm
2025-07-16 13:00:00,0.0,120.0,64.2,35.5,-25.8,0.0,Storm,normal
2025-07-16 14:00:00,0.0,95.4,68.1,45.6,-24.4,0.0,Snow,normal
2025-07-16 15:00:00,0.0,7.3,63.4,23.1,-24.7,0.0,Cloudy,normal
2025-07-16 16:00:00,0.0,1.0,72.5,15.0,-31.0,0.0,Clear,storm
2025-07-16 17:00:00,0.0,3.6,74.2,15.0,-27.0,0.0,Snow,storm
2025-07-16 18:00:00,0.0,8.1,67.1,15.0,-25.1,0.0,Cloudy,storm
2025-07-16 19:00:00,0.0,120.0,70.9,33.1,-25.8,0.0,Cloudy,normal
2025-07-16 20:00:00,0.0,83.0,66.7,39.1,-24.5,0.0,Clear,normal
2025-07-16 21:00:00,0.0,14.8,58.5,21.6,-22.5,0.0,Clear,normal
2025-07-16 22:00:00,0.0,14.2,57.9,15.0,-25.7,0.0,Cloudy,storm
2025-07-16 23:00:00,0.0,120.0,65.6,35.0,-27.3,0.0,Storm,normal
2025-07-17 00:00:00,0.0,2.0,54.0,15.0,-24.3,0.0,Cloudy,storm
2025-07-17 01:00:00,0.0,0.0,57.5,15.0,-25.7,0.0,Cloudy,storm
2025-07-17 02:00:00,0.0,120.0,60.6,36.8,-25.3,0.0,Storm,normal
2025-07-17 03:00:00,0.0,14.9,63.9,17.2,-25.6,0.0,Clear,normal
2025-07-17 04:00:00,0.0,0.0,56.0,15.0,-20.1,0.0,Storm,storm
2025-07-17 05:00:00,0.0,9.0,67.0,15.0,-29.9,0.0,Clear,storm
2025-07-17 06:00:00,0.0,43.6,56.0,15.0,-25.9,0.0,Cloudy,storm
2025-07-17 07:00:00,0.0,1.3,58.7,15.0,-25.0,0.0,Cloudy,storm
2025-07-17 08:00:00,0.0,86.3,70.6,20.7,-26.7,0.0,Cloudy,normal
2025-07-17 09:00:00,0.0,15.5,66.2,15.0,-23.0,0.0,Clear,storm
2025-07-17 10:00:00,0.0,22.7,61.9,15.0,-23.2,0.0,Cloudy,storm
2025-07-17 11:00:00,0.0,58.3,64.7,15.0,-25.1,0.0,Clear,storm
2025-07-17 12:00:00,0.0,9.7,68.1,15.0,-25.6,0.0,Snow,storm
2025-07-17 13:00:00,0.0,79.4,71.2,18.0,-25.2,0.0,Cloudy,normal
2025-07-17 14:00:00,0.0,3.8,76.6,15.0,-25.2,0.0,Snow,storm
2025-07-17 15:00:00,0.0,69.5,63.8,17.1,-25.2,0.0,Snow,normal
2025-07-17 16:00:00,0.0,0.0,68.6,15.0,-25.4,0.0,Clear,storm
2025-07-17 17:00:00,0.0,0.0,63.3,15.0,-24.4,0.0,Clear,storm
2025-07-17 18:00:00,0.0,1.2,66.2,15.0,-23.3,0.0,Snow,storm
2025-07-17 19:00:00,0.0,0.1,69.2,15.0,-27.7,0.0,Cloudy,storm
2025-07-17 20:00:00,0.0,0.2,71.9,15.0,-27.3,0.0,Cloudy,storm
2025-07-17 21:00:00,0.0,120.0,55.8,38.6,-28.8,0.0,Clear,normal
2025-07-17 22:00:00,0.0,17.0,56.8,22.7,-23.1,0.0,Cloudy,normal
2025-07-17 23:00:00,0.0,9.7,59.8,15.0,-24.4,0.0,Snow,storm
2025-07-18 00:00:00,0.0,81.5,59.7,23.0,-23.9,0.0,Cloudy,normal
2025-07-18 01:00:00,0.0,98.3,64.4,35.5,-28.1,0.0,Cloudy,normal
2025-07-18 02:00:00,0.0,6.3,56.7,15.3,-21.1,0.0,Cloudy,normal
2025-07-18 03:00:00,0.0,120.0,66.3,35.1,-26.3,0.0,Storm,normal
2025-07-18 04:00:00,0.0,20.2,64.9,17.2,-24.6,0.0,Cloudy,normal
2025-07-18 05:00:00,0.0,120.0,57.3,40.3,-23.1,0.0,Clear,normal
2025-07-18 06:00:00,0.0,3.8,60.1,17.8,-27.2,0.0,Clear,normal
2025-07-18 07:00:00,0.0,73.6,62.0,22.0,-26.2,0.0,Cloudy,normal
2025-07-18 08:00:00,0.0,120.0,70.8,40.1,-24.6,0.0,Storm,normal
2025-07-18 09:00:00,0.0,120.0,61.9,61.5,-18.7,0.0,Clear,normal
2025-07-18 10:00:00,0.0,120.0,63.0,82.5,-24.3,0.0,Clear,normal
2025-07-18 11:00:00,0.0,3.0,68.3,56.4,-21.5,0.0,Cloudy,normal
2025-07-18 12:00:00,0.0,0.1,66.9,29.6,-22.3,0.0,Snow,normal
2025-07-18 13:00:00,0.0,0.0,74.2,15.0,-24.2,0.0,Clear,storm
2025-07-18 14:00:00,0.0,8.2,67.2,15.0,-27.2,0.0,Snow,storm
2025-07-18 15:00:00,0.0,6.3,66.6,15.0,-22.7,0.0,Cloudy,storm
2025-07-18 16:00:00,0.0,102.4,73.0,25.8,-28.3,0.0,Snow,normal
2025-07-18 17:00:00,0.0,39.2,63.6,16.0,-21.5,0.0,Cloudy,normal
2025-07-18 18:00:00,0.0,0.0,63.8,15.0,-24.6,0.0,Cloudy,storm
2025-07-18 19:00:00,0.0,120.0,74.9,31.6,-30.8,0.0,Storm,normal
2025-07-18 20:00:00,0.0,63.9,67.0,30.4,-25.7,0.0,Cloudy,normal
2025-07-18 21:00:00,0.0,2.2,58.7,15.0,-23.6,0.0,Clear,storm
2025-07-18 22:00:00,0.0,4.6,60.7,15.0,-25.5,0.0,Clear,storm
2025-07-18 23:00:00,0.0,120.0,54.2,39.2,-23.4,0.0,Storm,normal
2025-07-19 00:00:00,0.0,0.1,60.2,15.2,-26.9,0.0,Cloudy,normal
2025-07-19 01:00:00,0.0,120.0,61.3,36.8,-27.9,0.0,Storm,normal
2025-07-19 02:00:00,0.0,15.6,60.4,18.9,-25.1,0.0,Cloudy,normal
2025-07-19 03:00:00,0.0,19.2,61.8,15.0,-24.9,0.0,Cloudy,storm
2025-07-19 04:00:00,0.0,82.7,62.1,22.6,-25.8,0.0,Snow,normal
2025-07-19 05:00:00,0.0,0.0,60.8,15.0,-22.3,0.0,Clear,storm
2025-07-19 06:00:00,0.0,63.2,62.5,15.2,-26.9,0.0,Cloudy,normal
2025-07-19 07:00:00,0.0,120.0,67.3,34.6,-24.3,0.0,Cloudy,normal
2025-07-19 08:00:00,0.0,7.4,69.4,15.0,-24.8,0.0,Clear,storm
2025-07-19 09:00:00,0.0,31.0,66.1,15.0,-28.4,0.0,Cloudy,storm
2025-07-19 10:00:00,0.0,0.0,69.4,15.0,-27.9,0.0,Storm,storm
2025-07-19 11:00:00,0.0,120.0,80.8,29.4,-25.0,0.0,Storm,normal
2025-07-19 12:00:00,0.0,0.8,58.2,15.0,-20.6,0.0,Snow,storm
2025-07-19 13:00:00,0.0,5.8,68.6,15.0,-23.7,0.0,Cloudy,storm
2025-07-19 14:00:00,0.0,14.1,80.8,15.0,-28.8,0.0,Snow,storm
2025-07-19 15:00:00,0.0,120.0,69.9,33.4,-31.8,0.0,Storm,normal
2025-07-19 16:00:00,0.0,0.8,72.8,15.0,-23.4,0.0,Cloudy,storm
2025-07-19 17:00:00,0.0,120.0,74.6,31.7,-25.2,0.0,Clear,normal
2025-07-19 18:00:00,0.0,120.0,64.4,52.2,-22.5,0.0,Cloudy,normal
2025-07-19 19:00:00,0.0,37.0,62.4,42.0,-26.9,0.0,Snow,normal
2025-07-19 20:00:00,0.0,120.0,69.7,60.5,-24.2,0.0,Storm,normal
2025-07-19 21:00:00,0.0,1.3,57.8,37.9,-23.1,0.0,Cloudy,normal
2025-07-19 22:00:00,0.0,120.0,60.3,59.9,-26.0,0.0,Storm,normal
2025-07-19 23:00:00,0.0,0.0,63.7,34.4,-25.9,0.0,Cloudy,normal
2025-07-20 00:00:00,0.0,0.7,60.0,15.0,-24.9,0.0,Cloudy,storm
2025-07-20 01:00:00,0.0,0.0,52.6,15.0,-23.8,0.0,Cloudy,storm
2025-07-20 02:00:00,0.0,1.8,59.6,15.0,-25.0,0.0,Cloudy,storm
2025-07-20 03:00:00,0.0,120.0,59.3,37.3,-22.8,0.0,Cloudy,normal
2025-07-20 04:00:00,0.0,91.8,63.1,47.9,-26.0,0.0,Snow,normal
2025-07-20 05:00:00,0.0,61.7,68.1,45.4,-27.9,0.0,Snow,normal
2025-07-20 06:00:00,0.0,1.6,47.9,26.8,-20.6,0.0,Cloudy,normal
2025-07-20 07:00:00,0.0,29.5,65.4,15.0,-26.3,0.0,Cloudy,storm
2025-07-20 08:00:00,0.0,120.0,67.8,34.2,-26.2,0.0,Storm,normal
2025-07-20 09:00:00,0.0,2.0,68.9,15.0,-25.1,0.0,Clear,storm
2025-07-20 10:00:00,0.0,2.5,71.4,15.0,-24.8,0.0,Clear,storm
2025-07-20 11:00:00,0.0,3.1,65.8,15.0,-25.8,0.0,Cloudy,storm
2025-07-20 12:00:00,0.0,53.6,66.5,15.0,-25.0,0.0,Snow,storm
2025-07-20 13:00:00,0.0,120.0,70.4,33.2,-25.1,0.0,Clear,normal
2025-07-20 14:00:00,0.0,120.0,65.3,53.4,-24.6,0.0,Storm,normal
2025-07-20 15:00:00,0.0,13.9,74.6,29.1,-30.2,0.0,Cloudy,normal
2025-07-20 16:00:00,0.0,10.1,59.6,15.0,-20.8,0.0,Clear,storm
2025-07-20 17:00:00,0.0,4.9,73.2,15.0,-25.3,0.0,Cloudy,storm
2025-07-20 18:00:00,0.0,120.0,69.8,33.5,-23.7,0.0,Clear,normal
2025-07-20 19:00:00,0.0,0.0,68.0,15.0,-28.0,0.0,Cloudy,storm
2025-07-20 20:00:00,0.0,21.1,73.4,15.0,-26.0,0.0,Clear,storm
2025-07-20 21:00:00,0.0,21.6,63.3,15.0,-26.5,0.0,Clear,storm
2025-07-20 22:00:00,0.0,120.0,53.0,39.7,-21.7,0.0,Cloudy,normal
2025-07-20 23:00:00,0.0,0.0,64.1,15.0,-26.3,0.0,Clear,storm
2025-07-21 00:00:00,0.0,120.0,61.2,36.6,-23.3,0.0,Cloudy,normal
2025-07-21 01:00:00,0.0,105.1,55.1,55.0,-26.4,0.0,Cloudy,normal
2025-07-21 02:00:00,0.0,120.0,51.3,80.3,-26.0,0.0,Storm,normal
2025-07-21 03:00:00,0.0,120.0,58.9,95.0,-25.5,0.0,Storm,normal
2025-07-21 04:00:00,0.0,120.0,54.2,95.0,-22.1,0.0,Storm,normal
2025-07-21 05:00:00,0.0,0.0,66.7,68.3,-29.1,0.0,Cloudy,normal
2025-07-21 06:00:00,0.0,0.1,60.3,44.2,-27.9,0.0,Clear,normal
2025-07-21 07:00:00,0.0,120.0,61.8,65.6,-29.2,0.0,Storm,normal
2025-07-21 08:00:00,0.0,19.6,77.7,42.4,-27.4,0.0,Clear,normal
2025-07-21 09:00:00,0.0,120.0,74.8,59.0,-26.7,0.0,Storm,normal
2025-07-21 10:00:00,0.0,39.5,65.5,48.6,-28.5,0.0,Snow,normal
2025-07-21 11:00:00,0.0,120.0,75.1,65.2,-26.6,0.0,Clear,normal
2025-07-21 12:00:00,0.0,120.0,78.7,80.4,-29.4,0.0,Clear,normal
2025-07-21 13:00:00,0.0,36.7,69.7,67.1,-27.2,0.0,Cloudy,normal
2025-07-21 14:00:00,0.0,120.0,63.8,87.8,-22.3,0.0,Storm,normal
2025-07-21 15:00:00,0.0,120.0,59.6,95.0,-24.1,0.0,Cloudy,normal
2025-07-21 16:00:00,0.0,0.2,62.3,70.2,-24.6,0.0,Clear,normal
2025-07-21 17:00:00,0.0,0.0,69.8,42.2,-27.2,0.0,Storm,normal
2025-07-21 18:00:00,0.0,0.1,69.5,15.0,-28.3,0.0,Clear,storm
2025-07-21 19:00:00,0.0,2.5,69.2,15.0,-27.5,0.0,Clear,storm
2025-07-21 20:00:00,0.0,120.0,69.6,33.5,-25.1,0.0,Snow,normal
2025-07-21 21:00:00,0.0,97.3,65.3,45.3,-23.1,0.0,Cloudy,normal
2025-07-21 22:00:00,0.0,120.0,55.7,69.0,-23.0,0.0,Storm,normal
2025-07-21 23:00:00,0.0,17.6,56.3,53.5,-23.6,0.0,Cloudy,normal
2025-07-22 00:00:00,0.0,115.9,61.2,73.6,-26.6,0.0,Cloudy,normal
2025-07-22 01:00:00,0.0,3.3,58.9,51.4,-24.9,0.0,Cloudy,normal
2025-07-22 02:00:00,0.0,39.3,67.6,40.1,-25.7,0.0,Clear,normal
2025-07-22 03:00:00,0.0,120.0,59.7,62.3,-25.4,0.0,Storm,normal
2025-07-22 04:00:00,0.0,0.1,59.2,38.6,-20.5,0.0,Cloudy,normal
2025-07-22 05:00:00,0.0,120.0,74.2,55.5,-28.8,0.0,Storm,normal
2025-07-22 06:00:00,0.0,21.9,67.5,37.2,-25.5,0.0,Cloudy,normal
2025-07-22 07:00:00,0.0,1.1,56.7,15.0,-22.3,0.0,Cloudy,storm
2025-07-22 08:00:00,0.0,1.6,69.4,15.0,-28.2,0.0,Clear,storm
2025-07-22 09:00:00,0.0,20.0,65.7,15.0,-26.4,0.0,Cloudy,storm
2025-07-22 10:00:00,0.0,120.0,69.6,33.6,-26.1,0.0,Storm,normal
2025-07-22 11:00:00,0.0,114.4,62.2,52.8,-25.4,0.0,Clear,normal
2025-07-22 12:00:00,0.0,0.0,80.6,20.6,-28.5,0.0,Cloudy,normal
2025-07-22 13:00:00,0.0,120.0,64.5,41.0,-23.6,0.0,Storm,normal
2025-07-22 14:00:00,0.0,120.0,66.8,60.6,-23.5,0.0,Storm,normal
2025-07-22 15:00:00,0.0,0.0,68.0,33.4,-23.8,0.0,Snow,normal
2025-07-22 16:00:00,0.0,0.8,65.2,15.0,-26.9,0.0,Snow,storm
2025-07-22 17:00:00,0.0,120.0,71.9,32.7,-24.8,0.0,Storm,normal
2025-07-22 18:00:00,0.0,37.2,71.9,18.8,-26.9,0.0,Cloudy,normal
2025-07-22 19:00:00,0.0,120.0,67.7,38.1,-25.7,0.0,Storm,normal
2025-07-22 20:00:00,0.0,0.0,64.8,15.0,-20.2,0.0,Cloudy,storm
2025-07-22 21:00:00,0.0,0.0,59.5,15.0,-24.7,0.0,Clear,storm
2025-07-22 22:00:00,0.0,120.0,62.6,36.1,-27.6,0.0,Cloudy,normal
2025-07-22 23:00:00,0.0,5.0,56.9,15.3,-24.5,0.0,Clear,normal
2025-07-23 00:00:00,0.0,120.0,63.5,36.1,-27.9,0.0,Clear,normal
2025-07-23 01:00:00,0.0,120.0,64.4,56.6,-27.6,0.0,Storm,normal
2025-07-23 02:00:00,0.0,5.4,59.0,35.1,-27.2,0.0,Cloudy,normal
2025-07-23 03:00:00,0.0,28.2,62.2,21.5,-25.9,0.0,Clear,normal
2025-07-23 04:00:00,0.0,13.8,50.3,15.0,-22.9,0.0,Cloudy,storm
2025-07-23 05:00:00,0.0,5.0,63.8,15.0,-23.7,0.0,Clear,storm
2025-07-23 06:00:00,0.0,66.9,54.0,19.8,-23.8,0.0,Snow,normal
2025-07-23 07:00:00,0.0,120.0,55.5,43.5,-27.3,0.0,Storm,normal
2025-07-23 08:00:00,0.0,2.6,67.2,17.6,-26.1,0.0,Clear,normal
2025-07-23 09:00:00,0.0,2.5,68.3,15.0,-24.3,0.0,Clear,storm
2025-07-23 10:00:00,0.0,5.6,68.2,15.0,-26.3,0.0,Snow,storm
2025-07-23 11:00:00,0.0,120.0,71.9,32.7,-25.5,0.0,Cloudy,normal
2025-07-23 12:00:00,0.0,120.0,66.2,52.5,-24.0,0.0,Storm,normal
2025-07-23 13:00:00,0.0,13.0,68.0,30.5,-25.7,0.0,Cloudy,normal
2025-07-23 14:00:00,0.0,0.0,67.0,15.0,-24.4,0.0,Clear,storm
2025-07-23 15:00:00,0.0,0.4,71.4,15.0,-21.4,0.0,Clear,storm
2025-07-23 16:00:00,0.0,10.6,66.8,15.0,-25.3,0.0,Snow,storm
2025-07-23 17:00:00,0.0,1.3,75.6,15.0,-22.3,0.0,Cloudy,storm
2025-07-23 18:00:00,0.0,0.0,74.9,15.0,-23.7,0.0,Clear,storm
2025-07-23 19:00:00,0.0,42.3,66.7,15.0,-28.2,0.0,Snow,storm
2025-07-23 20:00:00,0.0,0.0,74.2,15.0,-27.3,0.0,Storm,storm
2025-07-23 21:00:00,0.0,0.6,59.6,15.0,-26.8,0.0,Cloudy,storm
2025-07-23 22:00:00,0.0,68.8,62.6,17.2,-26.8,0.0,Cloudy,normal
2025-07-23 23:00:00,0.0,120.0,54.0,41.6,-25.1,0.0,Snow,normal
2025-07-24 00:00:00,0.0,120.0,58.4,64.2,-23.5,0.0,Clear,normal
2025-07-24 01:00:00,0.0,30.8,68.5,49.2,-22.1,0.0,Cloudy,normal
2025-07-24 02:00:00,0.0,0.0,56.4,26.6,-24.2,0.0,Cloudy,normal
2025-07-24 03:00:00,0.0,120.0,64.2,47.1,-25.9,0.0,Storm,normal
2025-07-24 04:00:00,0.0,0.0,65.4,21.0,-29.5,0.0,Cloudy,normal
2025-07-24 05:00:00,0.0,22.5,58.0,15.0,-24.7,0.0,Cloudy,storm
2025-07-24 06:00:00,0.0,16.4,65.0,15.0,-24.8,0.0,Clear,storm
2025-07-24 07:00:00,0.0,0.1,58.1,15.0,-24.5,0.0,Snow,storm
2025-07-24 08:00:00,0.0,5.6,63.6,15.0,-20.3,0.0,Snow,storm
2025-07-24 09:00:00,0.0,120.0,66.6,34.7,-22.2,0.0,Cloudy,normal
2025-07-24 10:00:00,0.0,22.5,71.5,15.1,-23.2,0.0,Cloudy,normal
2025-07-24 11:00:00,0.0,0.0,68.8,15.0,-27.0,0.0,Snow,storm
2025-07-24 12:00:00,0.0,120.0,78.4,30.3,-26.0,0.0,Cloudy,normal
2025-07-24 13:00:00,0.0,120.0,61.3,51.9,-25.1,0.0,Storm,normal
2025-07-24 14:00:00,0.0,0.0,67.6,24.8,-26.6,0.0,Snow,normal
2025-07-24 15:00:00,0.0,28.8,72.2,15.0,-23.8,0.0,Clear,storm
2025-07-24 16:00:00,0.0,32.1,65.2,15.0,-24.1,0.0,Clear,storm
2025-07-24 17:00:00,0.0,0.0,71.4,15.0,-27.3,0.0,Snow,storm
2025-07-24 18:00:00,0.0,120.0,61.8,36.4,-22.3,0.0,Storm,normal
2025-07-24 19:00:00,0.0,34.0,62.4,25.0,-24.7,0.0,Clear,normal
2025-07-24 20:00:00,0.0,120.0,70.0,43.4,-28.7,0.0,Storm,normal
2025-07-24 21:00:00,0.0,80.0,63.4,49.6,-25.0,0.0,Cloudy,normal
2025-07-24 22:00:00,0.0,120.0,57.3,72.6,-24.3,0.0,Storm,normal
2025-07-24 23:00:00,0.0,77.2,57.8,79.8,-22.8,0.0,Cloudy,normal
2025-07-25 00:00:00,0.0,8.3,59.0,59.5,-25.6,0.0,Snow,normal
2025-07-25 01:00:00,0.0,120.0,61.2,81.1,-23.1,0.0,Snow,normal
2025-07-25 02:00:00,0.0,1.5,53.5,60.3,-24.5,0.0,Snow,normal
2025-07-25 03:00:00,0.0,120.0,62.7,81.4,-27.8,0.0,Cloudy,normal
2025-07-25 04:00:00,0.0,0.6,62.0,56.8,-28.0,0.0,Cloudy,normal
2025-07-25 05:00:00,0.0,25.9,54.2,45.5,-22.4,0.0,Clear,normal
2025-07-25 06:00:00,0.0,13.8,62.4,26.1,-22.2,0.0,Cloudy,normal
2025-07-25 07:00:00,0.0,64.2,52.6,30.3,-24.2,0.0,Clear,normal
2025-07-25 08:00:00,0.0,120.0,66.4,50.0,-21.6,0.0,Storm,normal
2025-07-25 09:00:00,0.0,4.8,67.7,24.9,-22.5,0.0,Clear,normal
2025-07-25 10:00:00,0.0,120.0,65.2,45.0,-23.4,0.0,Storm,normal
2025-07-25 11:00:00,0.0,120.0,78.1,60.5,-26.9,0.0,Storm,normal
2025-07-25 12:00:00,0.0,120.0,66.2,80.3,-21.1,0.0,Storm,normal
2025-07-25 13:00:00,0.0,62.9,64.2,79.8,-23.7,0.0,Cloudy,normal
2025-07-25 14:00:00,0.0,55.1,71.5,73.2,-25.7,0.0,Clear,normal
2025-07-25 15:00:00,0.0,3.7,67.8,47.6,-26.3,0.0,Clear,normal
2025-07-25 16:00:00,0.0,0.0,66.1,21.1,-24.3,0.0,Cloudy,normal
2025-07-25 17:00:00,0.0,37.6,76.4,15.0,-28.5,0.0,Clear,storm
2025-07-25 18:00:00,0.0,120.0,68.8,33.8,-23.3,0.0,Storm,normal
2025-07-25 19:00:00,0.0,120.0,74.7,50.5,-27.0,0.0,Storm,normal
2025-07-25 20:00:00,0.0,0.0,57.6,27.5,-24.1,0.0,Cloudy,normal
2025-07-25 21:00:00,0.0,120.0,62.8,48.5,-26.0,0.0,Storm,normal
2025-07-25 22:00:00,0.0,120.0,67.0,68.0,-25.5,0.0,Clear,normal
2025-07-25 23:00:00,0.0,107.6,57.4,86.5,-26.5,0.0,Snow,normal
2025-07-26 00:00:00,0.0,120.0,61.3,95.0,-25.2,0.0,Storm,normal
2025-07-26 01:00:00,0.0,120.0,55.2,95.0,-20.7,0.0,Storm,normal
2025-07-26 02:00:00,0.0,0.5,60.1,71.2,-21.8,0.0,Clear,normal
2025-07-26 03:00:00,0.0,2.2,57.4,49.1,-24.1,0.0,Cloudy,normal
2025-07-26 04:00:00,0.0,0.0,63.5,23.7,-24.9,0.0,Cloudy,normal
2025-07-26 05:00:00,0.0,96.4,57.3,38.1,-23.0,0.0,Clear,normal
2025-07-26 06:00:00,0.0,1.0,68.7,15.0,-22.4,0.0,Cloudy,storm
2025-07-26 07:00:00,0.0,7.3,63.6,15.0,-26.7,0.0,Cloudy,storm
2025-07-26 08:00:00,0.0,120.0,77.6,30.6,-25.0,0.0,Storm,normal
2025-07-26 09:00:00,0.0,120.0,74.8,47.2,-28.8,0.0,Clear,normal
2025-07-26 10:00:00,0.0,120.0,64.3,67.7,-22.4,0.0,Clear,normal
2025-07-26 11:00:00,0.0,0.0,63.9,42.1,-20.3,0.0,Storm,normal
2025-07-26 12:00:00,0.0,0.0,69.7,15.0,-24.7,0.0,Cloudy,storm
2025-07-26 13:00:00,0.0,1.4,63.8,15.0,-29.5,0.0,Clear,storm
2025-07-26 14:00:00,0.0,13.5,70.8,15.0,-23.5,0.0,Cloudy,storm
2025-07-26 15:00:00,0.0,1.9,70.9,15.0,-26.8,0.0,Clear,storm
2025-07-26 16:00:00,0.0,120.0,71.9,32.7,-26.3,0.0,Storm,normal
2025-07-26 17:00:00,0.0,19.6,69.4,15.0,-23.5,0.0,Cloudy,storm
2025-07-26 18:00:00,0.0,0.2,62.6,15.0,-24.3,0.0,Clear,storm
2025-07-26 19:00:00,0.0,77.2,69.7,17.8,-25.9,0.0,Cloudy,normal
2025-07-26 20:00:00,0.0,115.5,69.8,34.6,-26.3,0.0,Cloudy,normal
2025-07-26 21:00:00,0.0,0.4,55.1,15.0,-24.6,0.0,Clear,storm
2025-07-26 22:00:00,0.0,22.8,67.0,15.0,-25.7,0.0,Cloudy,storm
2025-07-26 23:00:00,0.0,120.0,70.2,33.3,-27.3,0.0,Clear,normal
2025-07-27 00:00:00,0.0,120.0,58.7,55.9,-24.8,0.0,Storm,normal
2025-07-27 01:00:00,0.0,3.1,61.2,32.6,-23.7,0.0,Snow,normal
2025-07-27 02:00:00,0.0,120.0,60.4,54.6,-25.2,0.0,Snow,normal
2025-07-27 03:00:00,0.0,5.7,62.3,31.9,-28.3,0.0,Clear,normal
2025-07-27 04:00:00,11.9,46.8,57.0,32.5,-23.4,0.0,Cloudy,normal
2025-07-27 05:00:00,26.2,0.7,62.3,18.4,-31.9,0.0,Clear,normal
2025-07-27 06:00:00,14.8,120.0,64.0,44.4,-27.1,0.0,Cloudy,normal
2025-07-27 07:00:00,0.0,120.0,60.4,66.4,-27.6,0.0,Storm,normal
2025-07-27 08:00:00,0.0,25.9,71.8,48.0,-26.0,0.0,Cloudy,normal
2025-07-27 09:00:00,0.0,17.3,66.6,28.3,-25.0,0.0,Snow,normal
2025-07-27 10:00:00,0.0,12.7,62.3,15.0,-23.6,0.0,Clear,storm
2025-07-27 11:00:00,18.3,0.1,68.0,15.0,-27.4,0.0,Clear,storm
2025-07-27 12:00:00,17.7,120.0,69.0,40.2,-24.3,0.0,Storm,normal
2025-07-27 13:00:00,10.2,120.0,66.7,63.6,-24.8,0.0,Storm,normal
2025-07-27 14:00:00,0.0,2.4,68.2,37.3,-28.6,0.0,Snow,normal
2025-07-27 15:00:00,0.0,66.2,69.9,35.8,-20.2,0.0,Cloudy,normal
2025-07-27 16:00:00,0.0,120.0,65.1,56.0,-27.2,0.0,Cloudy,normal
2025-07-27 17:00:00,0.0,5.3,71.3,29.6,-22.8,0.0,Cloudy,normal
2025-07-27 18:00:00,14.3,120.0,70.4,53.1,-22.6,0.0,Storm,normal
2025-07-27 19:00:00,14.7,69.3,69.5,58.4,-22.7,0.0,Snow,normal
2025-07-27 20:00:00,12.3,0.0,70.7,35.0,-24.4,0.0,Clear,normal
2025-07-27 21:00:00,0.0,120.0,53.7,59.4,-21.5,0.0,Storm,normal
2025-07-27 22:00:00,0.0,29.0,60.0,47.1,-26.9,0.0,Clear,normal
2025-07-27 23:00:00,0.0,9.9,66.9,24.2,-23.9,0.0,Snow,normal
2025-07-28 00:00:00,0.0,120.0,64.8,44.6,-25.3,0.0,Clear,normal
2025-07-28 01:00:00,19.7,6.0,63.2,29.6,-25.9,0.0,Cloudy,normal
2025-07-28 02:00:00,0.0,120.0,56.8,52.8,-23.8,0.0,Storm,normal
2025-07-28 03:00:00,0.0,120.0,54.6,76.9,-22.8,0.0,Storm,normal
2025-07-28 04:00:00,9.8,120.0,57.0,95.0,-26.3,0.0,Storm,normal
2025-07-28 05:00:00,0.0,0.0,56.6,72.3,-24.1,0.0,Storm,normal
2025-07-28 06:00:00,10.2,120.0,60.2,95.0,-26.0,0.0,Clear,normal
2025-07-28 07:00:00,6.3,37.6,64.2,86.8,-28.2,0.0,Snow,normal
2025-07-28 08:00:00,0.0,5.2,75.0,58.9,-26.8,0.0,Clear,normal
2025-07-28 09:00:00,22.5,120.0,78.8,82.4,-26.9,0.0,Clear,normal
2025-07-28 10:00:00,0.0,0.0,77.0,51.6,-27.6,0.0,Storm,normal
2025-07-28 11:00:00,0.0,0.1,63.2,26.4,-24.9,0.0,Snow,normal
2025-07-28 12:00:00,13.9,85.4,65.3,38.9,-25.0,0.0,Snow,normal
2025-07-28 13:00:00,0.0,0.0,68.2,15.0,-28.7,0.0,Snow,storm
2025-07-28 14:00:00,0.0,0.0,76.2,15.0,-28.4,0.0,Snow,storm
2025-07-28 15:00:00,12.4,120.0,69.9,38.0,-23.4,0.0,Storm,normal
2025-07-28 16:00:00,0.0,120.0,67.3,57.4,-25.8,0.0,Storm,normal
2025-07-28 17:00:00,7.8,4.2,66.0,35.8,-23.0,0.0,Cloudy,normal
2025-07-28 18:00:00,8.3,0.4,66.0,15.0,-21.7,0.0,Cloudy,storm
2025-07-28 19:00:00,0.0,120.0,71.8,32.7,-26.1,0.0,Storm,normal
2025-07-28 20:00:00,8.2,0.6,74.9,15.0,-26.4,0.0,Snow,storm
2025-07-28 21:00:00,0.0,0.0,55.9,15.0,-19.6,0.0,Cloudy,storm
2025-07-28 22:00:00,0.0,0.7,57.4,15.0,-22.7,0.0,Snow,storm
2025-07-28 23:00:00,24.2,109.3,61.8,41.4,-24.6,0.0,Clear,peak_solar
2025-07-29 00:00:00,2.8,0.0,60.7,18.3,-26.0,0.0,Storm,normal
2025-07-29 01:00:00,16.6,5.5,62.6,15.0,-25.5,0.0,Cloudy,storm
2025-07-29 02:00:00,0.0,120.0,62.1,36.3,-27.3,0.0,Storm,normal
2025-07-29 03:00:00,0.0,53.1,63.5,32.2,-23.2,0.0,Clear,normal
2025-07-29 04:00:00,12.4,0.0,67.8,15.0,-27.2,0.0,Cloudy,storm
2025-07-29 05:00:00,12.4,6.2,58.1,15.0,-23.4,0.0,Cloudy,storm
2025-07-29 06:00:00,0.0,120.0,70.7,33.1,-26.9,0.0,Storm,normal
2025-07-29 07:00:00,0.0,120.0,64.8,53.4,-28.5,0.0,Storm,normal
2025-07-29 08:00:00,21.8,3.4,72.4,34.6,-27.2,0.0,Clear,normal
2025-07-29 09:00:00,4.9,120.0,81.2,50.7,-31.9,0.0,Storm,normal
2025-07-29 10:00:00,0.0,27.2,77.9,30.4,-26.3,0.0,Cloudy,normal
2025-07-29 11:00:00,0.0,99.3,74.4,39.6,-26.2,0.0,Snow,normal
2025-07-29 12:00:00,16.5,120.0,68.5,64.6,-23.7,0.0,Storm,normal
2025-07-29 13:00:00,0.0,4.0,71.3,37.7,-29.3,0.0,Cloudy,normal
2025-07-29 14:00:00,0.0,11.5,67.0,15.5,-22.2,0.0,Clear,normal
2025-07-29 15:00:00,7.6,120.0,68.4,37.3,-22.5,0.0,Storm,normal
2025-07-29 16:00:00,20.4,0.0,66.4,18.9,-21.2,0.0,Storm,normal
2025-07-29 17:00:00,0.0,120.0,66.4,38.6,-23.8,0.0,Storm,normal
2025-07-29 18:00:00,0.0,85.0,61.7,47.2,-21.2,0.0,Clear,normal
2025-07-29 19:00:00,15.2,120.0,70.8,70.9,-26.5,0.0,Storm,normal
2025-07-29 20:00:00,10.6,6.0,62.5,52.6,-21.7,0.0,Cloudy,normal
2025-07-29 21:00:00,0.0,45.4,53.7,49.3,-25.0,0.0,Snow,normal
2025-07-29 22:00:00,0.0,0.0,58.9,25.7,-27.1,0.0,Cloudy,normal
2025-07-29 23:00:00,19.4,6.6,59.7,15.0,-26.1,0.0,Cloudy,storm
2025-07-30 00:00:00,0.0,115.1,56.1,36.7,-23.9,0.0,Cloudy,normal
2025-07-30 01:00:00,0.0,65.7,62.3,38.0,-26.1,0.0,Cloudy,normal
2025-07-30 02:00:00,3.2,0.0,54.2,17.6,-23.9,0.0,Cloudy,normal
2025-07-30 03:00:00,18.1,18.7,59.7,15.0,-29.0,0.0,Cloudy,storm
2025-07-30 04:00:00,4.4,62.2,70.4,15.0,-30.1,0.0,Clear,storm
2025-07-30 05:00:00,0.0,68.8,61.7,17.6,-22.7,0.0,Clear,normal
2025-07-30 06:00:00,0.0,0.0,60.5,15.0,-24.0,0.0,Cloudy,storm
2025-07-30 07:00:00,15.3,120.0,69.2,39.3,-28.4,0.0,Storm,normal
2025-07-30 08:00:00,13.4,120.0,66.6,63.9,-26.2,0.0,Storm,normal
2025-07-30 09:00:00,0.0,120.0,70.0,82.3,-23.9,0.0,Storm,normal
2025-07-30 10:00:00,0.0,45.2,67.5,73.4,-25.1,0.0,Cloudy,normal
2025-07-30 11:00:00,4.3,120.0,74.5,91.7,-25.4,0.0,Storm,normal
2025-07-30 12:00:00,26.1,6.1,67.1,77.7,-23.0,0.0,Clear,normal
2025-07-30 13:00:00,2.1,120.0,66.3,95.0,-26.7,0.0,Snow,normal
2025-07-30 14:00:00,0.0,33.4,73.2,79.1,-24.6,0.0,Cloudy,normal
2025-07-30 15:00:00,0.0,120.0,65.9,95.0,-24.3,0.0,Storm,normal
2025-07-30 16:00:00,20.0,0.9,62.9,78.2,-24.5,0.0,Clear,normal
2025-07-30 17:00:00,19.0,0.9,73.7,56.7,-24.5,0.0,Clear,normal
2025-07-30 18:00:00,0.0,120.0,68.9,75.5,-23.2,0.0,Storm,normal
2025-07-30 19:00:00,0.0,120.0,62.9,95.0,-23.2,0.0,Clear,normal
2025-07-30 20:00:00,3.6,120.0,68.2,95.0,-25.5,0.0,Storm,normal
2025-07-30 21:00:00,15.7,1.5,56.1,79.4,-21.5,0.0,Snow,normal
2025-07-30 22:00:00,4.7,3.6,57.1,59.9,-25.5,0.0,Clear,normal
2025-07-30 23:00:00,0.0,93.1,55.8,73.6,-24.1,0.0,Cloudy,normal
2025-07-31 00:00:00,0.0,0.0,59.2,50.0,-24.5,0.0,Snow,normal
2025-07-31 01:00:00,11.8,77.7,62.6,59.9,-23.5,0.0,Cloudy,normal
2025-07-31 02:00:00,11.3,10.8,67.8,41.6,-29.3,0.0,Snow,normal
2025-07-31 03:00:00,0.0,32.7,56.0,32.3,-23.1,0.0,Cloudy,normal
2025-07-31 04:00:00,0.0,120.0,65.4,52.4,-26.9,0.0,Storm,normal
2025-07-31 05:00:00,0.0,120.0,64.1,73.0,-23.0,0.0,Storm,normal
2025-07-31 06:00:00,15.3,120.0,58.7,95.0,-27.0,0.0,Storm,normal
2025-07-31 07:00:00,19.7,120.0,64.3,95.0,-26.2,0.0,Storm,normal
2025-07-31 08:00:00,3.2,0.0,65.1,70.3,-21.9,0.0,Clear,normal
2025-07-31 09:00:00,0.0,1.4,68.7,43.3,-26.7,0.0,Clear,normal
2025-07-31 10:00:00,0.0,2.2,66.4,17.6,-23.2,0.0,Cloudy,normal
2025-07-31 11:00:00,9.0,120.0,72.0,38.6,-25.6,0.0,Storm,normal
2025-07-31 12:00:00,22.1,120.0,62.6,67.9,-24.5,0.0,Storm,normal
2025-07-31 13:00:00,4.5,0.1,68.0,42.5,-24.9,0.0,Snow,normal
2025-07-31 14:00:00,0.0,120.0,64.5,63.0,-22.8,0.0,Storm,normal
2025-07-31 15:00:00,0.0,45.4,68.9,53.6,-25.7,0.0,Snow,normal
2025-07-31 16:00:00,1.8,30.1,68.4,39.0,-26.0,0.0,Snow,normal
2025-07-31 17:00:00,22.5,5.7,65.1,24.2,-25.0,0.0,Cloudy,normal
2025-07-31 18:00:00,11.5,19.4,73.8,15.0,-23.1,0.0,Cloudy,storm
2025-07-31 19:00:00,0.0,78.6,56.4,23.2,-23.7,0.0,Cloudy,normal
2025-07-31 20:00:00,0.0,8.8,67.0,15.0,-21.6,0.0,Clear,storm
2025-07-31 21:00:00,0.0,120.0,57.7,37.9,-20.3,0.0,Clear,normal
2025-07-31 22:00:00,13.5,30.4,60.9,31.1,-25.5,0.0,Snow,normal
2025-07-31 23:00:00,19.4,21.7,61.4,22.9,-25.2,0.0,Clear,normal
2025-08-01 00:00:00,19.9,120.0,64.7,50.6,-27.0,0.0,Cloudy,normal
2025-08-01 01:00:00,13.8,99.3,52.7,72.9,-19.7,0.0,Cloudy,normal
2025-08-01 02:00:00,0.0,0.0,57.6,49.8,-23.9,0.0,Cloudy,normal
2025-08-01 03:00:00,0.0,120.0,57.8,72.8,-23.9,0.0,Snow,normal
2025-08-01 04:00:00,0.0,86.3,65.3,80.4,-28.3,0.0,Cloudy,normal
2025-08-01 05:00:00,4.9,120.0,62.8,95.0,-25.6,0.0,Storm,normal
2025-08-01 06:00:00,27.4,95.1,55.7,95.0,-24.8,0.0,Clear,peak_solar
2025-08-01 07:00:00,17.4,16.2,61.5,83.8,-26.6,0.0,Clear,normal
2025-08-01 08:00:00,0.0,4.8,64.4,60.0,-23.7,0.0,Clear,normal
2025-08-01 09:00:00,0.0,0.0,60.3,35.9,-20.9,0.0,Cloudy,normal
2025-08-01 10:00:00,0.0,43.4,69.3,25.5,-28.0,0.0,Cloudy,normal
2025-08-01 11:00:00,10.6,2.3,66.6,15.0,-27.9,0.0,Cloudy,storm
2025-08-01 12:00:00,18.9,120.0,63.3,42.8,-27.3,0.0,Storm,normal
2025-08-01 13:00:00,7.8,48.8,64.9,39.5,-21.4,0.0,Cloudy,normal
2025-08-01 14:00:00,0.0,0.4,69.2,15.0,-22.3,0.0,Snow,storm
2025-08-01 15:00:00,0.0,0.0,66.4,15.0,-24.5,0.0,Clear,storm
2025-08-01 16:00:00,0.0,0.0,70.6,15.0,-23.7,0.0,Clear,storm
2025-08-01 17:00:00,17.4,114.8,71.6,37.3,-25.3,0.0,Clear,normal
2025-08-01 18:00:00,24.2,120.0,61.0,67.9,-21.3,0.0,Storm,peak_solar
2025-08-01 19:00:00,7.2,120.0,63.9,91.2,-24.0,0.0,Clear,normal
2025-08-01 20:00:00,0.0,32.2,61.0,79.7,-23.6,0.0,Clear,normal
2025-08-01 21:00:00,0.0,0.0,57.9,56.6,-21.8,0.0,Storm,normal
2025-08-01 22:00:00,0.0,120.0,60.9,78.3,-23.7,0.0,Storm,normal
2025-08-01 23:00:00,12.5,97.3,59.1,95.0,-24.0,0.0,Snow,normal
2025-08-02 00:00:00,18.4,14.7,55.8,86.0,-23.7,0.0,Clear,normal
2025-08-02 01:00:00,0.0,120.0,57.2,95.0,-22.4,0.0,Storm,normal
2025-08-02 02:00:00,0.0,19.9,58.8,79.4,-20.9,0.0,Snow,normal
2025-08-02 03:00:00,0.0,2.2,61.1,55.9,-23.6,0.0,Clear,normal
2025-08-02 04:00:00,0.0,36.4,60.7,46.2,-23.5,0.0,Cloudy,normal
2025-08-02 05:00:00,11.7,61.7,62.4,50.2,-26.0,0.0,Snow,normal
2025-08-02 06:00:00,9.2,120.0,67.1,73.0,-27.4,0.0,Storm,normal
2025-08-02 07:00:00,5.9,2.0,55.7,53.9,-24.5,0.0,Clear,normal
2025-08-02 08:00:00,0.0,4.5,66.3,29.2,-25.6,0.0,Clear,normal
2025-08-02 09:00:00,0.0,5.6,68.5,15.0,-29.1,0.0,Cloudy,storm
2025-08-02 10:00:00,0.0,31.2,68.0,15.0,-26.5,0.0,Snow,storm
2025-08-02 11:00:00,8.7,0.5,74.8,15.0,-25.8,0.0,Snow,storm
2025-08-02 12:00:00,26.6,120.0,66.5,44.5,-26.4,0.0,Storm,peak_solar
2025-08-02 13:00:00,16.4,0.0,61.7,26.4,-21.6,0.0,Clear,normal
2025-08-02 14:00:00,0.0,120.0,59.8,48.5,-23.5,0.0,Storm,normal
2025-08-02 15:00:00,0.0,120.0,66.7,68.1,-21.1,0.0,Storm,normal
2025-08-02 16:00:00,0.0,1.4,66.1,42.3,-23.2,0.0,Clear,normal
2025-08-02 17:00:00,5.2,24.3,71.9,25.3,-23.3,0.0,Clear,normal
2025-08-02 18:00:00,18.7,3.1,74.0,15.0,-25.3,0.0,Cloudy,storm
2025-08-02 19:00:00,13.8,120.0,61.6,41.6,-23.0,0.0,Storm,normal
2025-08-02 20:00:00,0.0,120.0,65.8,61.5,-23.0,0.0,Storm,normal
2025-08-02 21:00:00,0.0,0.0,66.2,35.0,-26.1,0.0,Storm,normal
2025-08-02 22:00:00,0.0,120.0,56.5,58.4,-24.4,0.0,Snow,normal
2025-08-02 23:00:00,0.0,0.0,63.2,33.2,-24.2,0.0,Snow,normal
2025-08-03 00:00:00,0.0,0.9,47.9,15.0,-22.8,0.0,Clear,storm
2025-08-03 01:00:00,0.0,120.0,57.9,37.9,-23.1,0.0,Snow,normal
2025-08-03 02:00:00,0.0,27.6,58.2,25.6,-25.7,0.0,Snow,normal
2025-08-03 03:00:00,0.0,120.0,63.1,46.6,-23.8,0.0,Storm,normal
2025-08-03 04:00:00,10.4,101.0,59.1,65.8,-25.6,0.0,Cloudy,normal
2025-08-03 05:00:00,19.1,1.6,70.1,46.0,-31.8,0.0,Cloudy,normal
2025-08-03 06:00:00,18.7,16.6,63.9,34.5,-26.8,0.0,Clear,normal
2025-08-03 07:00:00,0.0,120.0,55.5,58.3,-23.5,0.0,Storm,normal
2025-08-03 08:00:00,0.0,116.2,76.3,73.0,-29.7,0.0,Clear,normal
2025-08-03 09:00:00,0.0,120.0,70.9,91.0,-25.7,0.0,Storm,normal
2025-08-03 10:00:00,0.0,0.0,59.3,67.3,-22.3,0.0,Clear,normal
2025-08-03 11:00:00,5.4,2.2,72.3,41.5,-27.2,0.0,Snow,normal
2025-08-03 12:00:00,13.8,120.0,66.4,66.3,-25.2,0.0,Storm,normal
2025-08-03 13:00:00,8.9,0.1,72.6,40.9,-27.7,0.0,Snow,normal
2025-08-03 14:00:00,0.0,120.0,65.0,61.1,-20.9,0.0,Storm,normal
2025-08-03 15:00:00,0.0,0.0,71.4,32.6,-24.3,0.0,Cloudy,normal
2025-08-03 16:00:00,0.0,58.8,70.4,27.9,-23.6,0.0,Clear,normal
2025-08-03 17:00:00,0.0,10.0,60.3,15.0,-20.4,0.0,Clear,storm
2025-08-03 18:00:00,17.5,1.4,62.7,15.0,-21.7,0.0,Clear,storm
2025-08-03 19:00:00,26.2,72.5,66.9,26.7,-24.9,0.0,Clear,peak_solar
2025-08-03 20:00:00,7.2,120.0,71.7,47.1,-24.4,0.0,Storm,normal
2025-08-03 21:00:00,0.0,4.0,55.3,26.6,-21.9,0.0,Cloudy,normal
2025-08-03 22:00:00,0.0,0.0,60.8,15.0,-24.5,0.0,Clear,storm
2025-08-03 23:00:00,0.0,30.1,66.8,15.0,-28.1,0.0,Cloudy,storm
2025-08-04 00:00:00,0.0,1.4,59.0,15.0,-23.8,0.0,Snow,storm
2025-08-04 01:00:00,0.0,120.0,69.2,33.7,-27.3,0.0,Storm,normal
2025-08-04 02:00:00,0.0,9.9,53.7,16.2,-20.8,0.0,Cloudy,normal
2025-08-04 03:00:00,4.5,4.7,61.6,15.0,-24.4,0.0,Cloudy,storm
2025-08-04 04:00:00,28.5,14.4,63.7,15.0,-27.1,0.0,Clear,storm
2025-08-04 05:00:00,22.1,120.0,62.5,44.3,-27.0,0.0,Storm,normal
2025-08-04 06:00:00,10.1,120.0,56.4,71.4,-29.9,0.0,Clear,normal
2025-08-04 07:00:00,0.0,0.6,62.2,46.8,-28.3,0.0,Cloudy,normal
2025-08-04 08:00:00,0.0,0.0,59.7,22.9,-23.7,0.0,Snow,normal
2025-08-04 09:00:00,0.0,120.0,61.9,44.2,-20.9,0.0,Storm,normal
2025-08-04 10:00:00,0.0,4.2,66.8,19.2,-24.1,0.0,Cloudy,normal
2025-08-04 11:00:00,21.8,120.0,77.9,42.7,-25.7,0.0,Storm,normal
2025-08-04 12:00:00,29.8,26.5,72.1,36.4,-26.1,0.0,Clear,normal
2025-08-04 13:00:00,16.7,2.4,65.8,17.7,-26.9,0.0,Clear,normal
2025-08-04 14:00:00,0.0,3.3,63.7,15.0,-19.9,0.0,Clear,storm
2025-08-04 15:00:00,0.0,30.5,69.1,15.0,-24.4,0.0,Cloudy,storm
2025-08-04 16:00:00,0.0,0.0,62.4,15.0,-19.0,0.0,Cloudy,storm
2025-08-04 17:00:00,0.0,2.8,63.4,15.0,-20.3,0.0,Snow,storm
2025-08-04 18:00:00,10.5,120.0,67.7,38.1,-26.9,0.0,Storm,normal
2025-08-04 19:00:00,21.2,0.0,68.8,19.0,-24.4,0.0,Storm,normal
2025-08-04 20:00:00,29.3,4.3,68.4,15.0,-24.4,0.0,Clear,storm
2025-08-04 21:00:00,5.4,120.0,60.8,38.8,-23.1,0.0,Storm,normal
2025-08-04 22:00:00,0.0,120.0,61.6,60.3,-23.2,0.0,Snow,normal
2025-08-04 23:00:00,0.0,0.2,54.9,38.4,-16.7,0.0,Clear,normal
2025-08-05 00:00:00,0.0,120.0,61.4,59.9,-26.0,0.0,Storm,normal
2025-08-05 01:00:00,0.0,13.2,57.8,42.1,-23.4,0.0,Cloudy,normal
2025-08-05 02:00:00,0.0,52.2,61.0,38.6,-23.0,0.0,Clear,normal
2025-08-05 03:00:00,15.2,120.0,56.4,67.6,-24.7,0.0,Storm,normal
2025-08-05 04:00:00,25.4,16.5,49.9,64.4,-24.8,0.0,Clear,normal
2025-08-05 05:00:00,18.8,15.9,55.8,56.0,-27.7,0.0,Clear,normal
2025-08-05 06:00:00,1.9,120.0,52.9,81.4,-25.4,0.0,Clear,normal
2025-08-05 07:00:00,0.0,120.0,62.0,95.0,-24.7,0.0,Storm,normal
2025-08-05 08:00:00,0.0,120.0,68.6,95.0,-25.1,0.0,Snow,normal
2025-08-05 09:00:00,0.0,18.6,70.6,74.2,-24.5,0.0,Snow,normal
2025-08-05 10:00:00,0.0,120.0,67.6,93.5,-22.5,0.0,Storm,normal
2025-08-05 11:00:00,12.3,109.7,70.4,95.0,-23.3,0.0,Cloudy,normal
2025-08-05 12:00:00,19.6,120.0,72.4,95.0,-24.9,0.0,Storm,normal
2025-08-05 13:00:00,12.0,120.0,74.1,95.0,-27.3,0.0,Storm,normal
2025-08-05 14:00:00,0.0,120.0,72.6,95.0,-25.7,0.0,Cloudy,normal
2025-08-05 15:00:00,0.0,120.0,74.0,95.0,-24.4,0.0,Storm,normal
2025-08-05 16:00:00,0.0,120.0,74.3,95.0,-23.0,0.0,Storm,normal
2025-08-05 17:00:00,0.0,35.5,67.6,82.2,-24.3,0.0,Cloudy,normal
2025-08-05 18:00:00,1.6,120.0,74.2,95.0,-25.1,0.0,Storm,normal
2025-08-05 19:00:00,20.4,59.0,66.2,95.0,-25.5,0.0,Clear,normal
2025-08-05 20:00:00,12.0,120.0,67.4,95.0,-26.5,0.0,Storm,normal
2025-08-05 21:00:00,13.3,44.8,65.0,92.2,-23.4,0.0,Cloudy,normal
2025-08-05 22:00:00,0.0,0.0,61.7,67.5,-26.3,0.0,Snow,normal
2025-08-05 23:00:00,0.0,0.0,53.8,46.0,-25.5,0.0,Storm,normal
2025-08-06 00:00:00,0.0,120.0,54.6,70.1,-24.4,0.0,Storm,normal
2025-08-06 01:00:00,0.0,120.0,58.7,92.6,-26.8,0.0,Storm,normal
2025-08-06 02:00:00,5.6,75.8,53.7,95.0,-23.4,0.0,Cloudy,normal
2025-08-06 03:00:00,21.5,120.0,60.1,95.0,-23.0,0.0,Storm,normal
2025-08-06 04:00:00,29.6,33.2,57.8,95.0,-26.2,0.0,Clear,peak_solar
2025-08-06 05:00:00,7.3,40.1,60.2,89.9,-26.3,0.0,Snow,normal
2025-08-06 06:00:00,0.0,0.6,57.0,67.3,-24.4,0.0,Cloudy,normal
2025-08-06 07:00:00,0.0,98.3,56.8,82.6,-27.3,0.0,Cloudy,normal
2025-08-06 08:00:00,0.0,120.0,65.2,95.0,-27.5,0.0,Storm,normal
2025-08-06 09:00:00,0.0,34.3,69.8,80.8,-23.1,0.0,Clear,normal
2025-08-06 10:00:00,1.0,0.2,67.9,54.2,-23.6,0.0,Snow,normal
2025-08-06 11:00:00,14.8,120.0,54.2,83.8,-24.0,0.0,Storm,normal
2025-08-06 12:00:00,11.4,120.0,63.5,95.0,-23.0,0.0,Snow,normal
2025-08-06 13:00:00,13.9,0.0,75.6,70.3,-29.0,0.0,Storm,normal
2025-08-06 14:00:00,1.0,3.3,66.6,45.4,-21.3,0.0,Snow,normal
2025-08-06 15:00:00,0.0,120.0,74.5,62.2,-23.0,0.0,Storm,normal
2025-08-06 16:00:00,0.0,0.1,63.3,36.9,-21.3,0.0,Clear,normal
2025-08-06 17:00:00,0.0,48.2,66.8,29.5,-22.3,0.0,Cloudy,normal
2025-08-06 18:00:00,0.0,79.2,62.4,35.7,-22.9,0.0,Clear,normal
2025-08-06 19:00:00,15.2,0.0,60.2,17.7,-23.4,0.0,Clear,normal
2025-08-06 20:00:00,16.0,120.0,66.5,43.3,-22.0,0.0,Storm,normal
2025-08-06 21:00:00,19.3,120.0,56.9,73.6,-23.5,0.0,Storm,normal
2025-08-06 22:00:00,4.3,120.0,66.8,94.8,-21.1,0.0,Snow,normal
2025-08-06 23:00:00,0.0,0.2,59.4,71.1,-26.7,0.0,Snow,normal
2025-08-07 00:00:00,0.0,5.0,57.9,49.9,-24.6,0.0,Clear,normal
2025-08-07 01:00:00,0.0,120.0,54.6,74.0,-19.3,0.0,Storm,normal
2025-08-07 02:00:00,9.1,46.8,64.4,70.6,-25.6,0.0,Snow,normal
2025-08-07 03:00:00,22.0,25.5,63.5,64.2,-25.1,0.0,Cloudy,normal
2025-08-07 04:00:00,14.9,120.0,55.3,93.5,-26.9,0.0,Storm,normal
2025-08-07 05:00:00,4.8,71.7,64.7,95.0,-24.5,0.0,Cloudy,normal
2025-08-07 06:00:00,0.0,0.4,61.4,70.6,-27.1,0.0,Cloudy,normal
2025-08-07 07:00:00,0.0,120.0,50.3,95.0,-26.0,0.0,Storm,normal
2025-08-07 08:00:00,0.0,0.2,66.8,68.3,-23.8,0.0,Cloudy,normal
2025-08-07 09:00:00,0.0,47.8,66.1,61.0,-27.2,0.0,Clear,normal
2025-08-07 10:00:00,2.0,101.7,71.5,72.8,-23.8,0.0,Snow,normal
2025-08-07 11:00:00,12.5,120.0,67.8,95.0,-23.4,0.0,Storm,normal
2025-08-07 12:00:00,14.2,0.0,69.9,72.7,-22.6,0.0,Snow,normal
2025-08-07 13:00:00,16.0,0.0,72.1,50.3,-24.3,0.0,Cloudy,normal
2025-08-07 14:00:00,2.4,0.0,58.3,27.9,-17.1,0.0,Snow,normal
2025-08-07 15:00:00,0.0,120.0,65.5,48.0,-21.5,0.0,Storm,normal
2025-08-07 16:00:00,0.0,0.0,70.2,19.9,-22.7,0.0,Clear,normal
2025-08-07 17:00:00,0.0,120.0,69.0,38.7,-25.1,0.0,Storm,normal
2025-08-07 18:00:00,0.0,120.0,62.8,59.7,-23.1,0.0,Storm,normal
2025-08-07 19:00:00,7.5,1.3,68.4,35.9,-19.6,0.0,Clear,normal
2025-08-07 20:00:00,10.6,0.0,62.0,15.3,-18.9,0.0,Snow,normal
2025-08-07 21:00:00,22.8,58.8,51.4,26.4,-19.5,0.0,Cloudy,normal
2025-08-07 22:00:00,15.8,9.0,63.9,15.0,-21.2,0.0,Clear,storm
2025-08-07 23:00:00,0.0,120.0,53.3,39.6,-25.9,0.0,Storm,normal
2025-08-08 00:00:00,0.0,98.7,54.6,55.8,-22.3,0.0,Clear,normal
2025-08-08 01:00:00,3.5,49.0,59.2,53.1,-26.5,0.0,Snow,normal
2025-08-08 02:00:00,16.4,25.8,65.9,43.6,-27.4,0.0,Cloudy,normal
2025-08-08 03:00:00,16.7,120.0,57.6,72.8,-24.0,0.0,Storm,normal
2025-08-08 04:00:00,10.3,37.7,56.0,69.6,-23.7,0.0,Snow,normal
2025-08-08 05:00:00,1.2,0.0,62.4,45.1,-23.2,0.0,Storm,normal
2025-08-08 06:00:00,0.0,0.0,62.4,20.1,-24.3,0.0,Clear,normal
2025-08-08 07:00:00,0.0,18.4,58.2,15.0,-24.4,0.0,Cloudy,storm
2025-08-08 08:00:00,0.0,120.0,71.7,32.8,-27.8,0.0,Cloudy,normal
2025-08-08 09:00:00,0.0,120.0,64.3,53.3,-25.8,0.0,Clear,normal
2025-08-08 10:00:00,5.2,0.0,70.8,27.0,-28.7,0.0,Storm,normal
2025-08-08 11:00:00,13.9,3.6,72.3,15.0,-29.6,0.0,Cloudy,storm
2025-08-08 12:00:00,12.5,0.0,61.0,15.0,-23.2,0.0,Snow,storm
2025-08-08 13:00:00,19.4,120.0,62.6,43.3,-26.2,0.0,Storm,normal
2025-08-08 14:00:00,2.9,87.5,63.6,53.1,-22.2,0.0,Snow,normal
2025-08-08 15:00:00,0.0,120.0,68.5,72.1,-21.3,0.0,Storm,normal
2025-08-08 16:00:00,0.0,120.0,70.0,90.5,-24.7,0.0,Snow,normal
2025-08-08 17:00:00,0.0,0.0,62.4,65.5,-21.8,0.0,Clear,normal
2025-08-08 18:00:00,0.0,120.0,77.7,81.1,-24.3,0.0,Cloudy,normal
2025-08-08 19:00:00,1.2,3.4,65.4,56.8,-26.7,0.0,Clear,normal
2025-08-08 20:00:00,11.0,18.4,67.5,41.5,-22.3,0.0,Cloudy,normal
2025-08-08 21:00:00,13.3,34.2,56.6,37.9,-23.7,0.0,Snow,normal
2025-08-08 22:00:00,20.0,0.2,63.7,20.5,-23.8,0.0,Cloudy,normal
2025-08-08 23:00:00,8.7,2.9,53.2,15.0,-18.7,0.0,Clear,storm
2025-08-09 00:00:00,1.1,120.0,60.6,37.2,-26.6,0.0,Storm,normal
2025-08-09 01:00:00,14.1,120.0,61.7,63.9,-22.8,0.0,Storm,normal
2025-08-09 02:00:00,10.8,0.0,60.5,44.0,-26.2,0.0,Snow,normal
2025-08-09 03:00:00,16.7,89.6,60.4,60.9,-22.4,0.0,Cloudy,normal
2025-08-09 04:00:00,6.7,120.0,58.7,85.9,-24.1,0.0,Storm,normal
2025-08-09 05:00:00,0.0,68.2,48.8,93.1,-24.3,0.0,Cloudy,normal
2025-08-09 06:00:00,0.0,103.7,71.0,95.0,-27.4,0.0,Clear,normal
2025-08-09 07:00:00,0.0,0.0,64.3,69.3,-27.2,0.0,Clear,normal
2025-08-09 08:00:00,0.0,120.0,65.3,89.4,-23.5,0.0,Storm,normal
2025-08-09 09:00:00,0.0,0.3,70.1,61.5,-21.6,0.0,Snow,normal
2025-08-09 10:00:00,6.9,15.4,63.4,45.1,-24.3,0.0,Clear,normal
2025-08-09 11:00:00,18.9,120.0,66.4,71.7,-27.1,0.0,Storm,normal
2025-08-09 12:00:00,20.1,120.0,61.3,95.0,-24.0,0.0,Storm,normal
2025-08-09 13:00:00,19.2,20.1,61.3,86.2,-19.1,0.0,Clear,normal
2025-08-09 14:00:00,3.8,0.0,64.2,62.1,-23.8,0.0,Storm,normal
2025-08-09 15:00:00,0.0,74.9,62.2,66.8,-20.4,0.0,Cloudy,normal
2025-08-09 16:00:00,0.0,54.9,62.0,63.9,-24.9,0.0,Cloudy,normal
2025-08-09 17:00:00,0.0,0.9,63.4,38.9,-23.1,0.0,Clear,normal
2025-08-09 18:00:00,0.0,16.5,66.2,19.0,-21.4,0.0,Clear,normal
2025-08-09 19:00:00,0.0,93.8,70.2,27.7,-21.7,0.0,Snow,normal
2025-08-09 20:00:00,10.2,120.0,67.4,50.8,-24.2,0.0,Cloudy,normal
2025-08-09 21:00:00,11.4,120.0,57.4,78.0,-24.4,0.0,Snow,normal
2025-08-09 22:00:00,23.8,11.4,58.1,68.8,-20.6,0.0,Clear,normal
2025-08-09 23:00:00,17.4,120.0,60.0,95.0,-20.3,0.0,Storm,normal
2025-08-10 00:00:00,5.2,59.8,59.4,95.0,-19.9,0.0,Snow,normal
2025-08-10 01:00:00,17.4,49.9,56.6,95.0,-19.6,0.0,Cloudy,normal
2025-08-10 02:00:00,15.9,0.5,55.7,79.3,-23.7,0.0,Cloudy,normal
2025-08-10 03:00:00,24.3,120.0,59.8,95.0,-25.0,0.0,Storm,peak_solar
2025-08-10 04:00:00,4.7,42.3,57.7,90.7,-21.7,0.0,Cloudy,normal
2025-08-10 05:00:00,0.0,20.8,48.6,79.6,-23.4,0.0,Cloudy,normal
2025-08-10 06:00:00,0.0,0.0,62.5,54.6,-27.4,0.0,Snow,normal
2025-08-10 07:00:00,0.0,0.0,69.6,26.8,-27.7,0.0,Snow,normal
2025-08-10 08:00:00,0.0,120.0,64.8,47.1,-24.4,0.0,Snow,normal
2025-08-10 09:00:00,0.0,120.0,61.5,68.6,-25.8,0.0,Storm,normal
2025-08-10 10:00:00,8.2,26.5,65.6,56.2,-25.3,0.0,Clear,normal
2025-08-10 11:00:00,24.4,25.9,62.8,51.2,-22.6,0.0,Clear,normal
2025-08-10 12:00:00,20.9,120.0,70.4,77.2,-23.0,0.0,Storm,normal
2025-08-10 13:00:00,20.3,120.0,74.9,95.0,-21.4,0.0,Storm,normal
2025-08-10 14:00:00,5.2,8.0,71.8,71.6,-28.2,0.0,Cloudy,normal
2025-08-10 15:00:00,0.0,0.6,62.6,46.8,-23.0,0.0,Cloudy,normal
2025-08-10 16:00:00,0.0,39.2,59.9,38.5,-21.7,0.0,Snow,normal
2025-08-10 17:00:00,0.0,120.0,73.3,55.7,-26.2,0.0,Snow,normal
2025-08-10 18:00:00,0.0,0.0,70.0,27.7,-24.1,0.0,Cloudy,normal
2025-08-10 19:00:00,0.0,13.0,72.0,15.0,-24.3,0.0,Cloudy,storm
2025-08-10 20:00:00,8.2,28.9,63.3,15.0,-22.4,0.0,Clear,storm
2025-08-10 21:00:00,21.1,18.9,60.4,15.0,-18.9,0.0,Clear,storm
2025-08-10 22:00:00,23.8,0.0,53.9,15.0,-18.2,0.0,Clear,storm
2025-08-10 23:00:00,9.9,13.2,56.8,15.0,-24.7,0.0,Snow,storm
2025-08-11 00:00:00,15.0,30.1,48.8,15.0,-22.0,0.0,Clear,storm
2025-08-11 01:00:00,10.7,1.5,55.1,15.0,-22.2,0.0,Snow,storm
2025-08-11 02:00:00,18.0,94.7,55.9,35.9,-23.0,0.0,Cloudy,normal
2025-08-11 03:00:00,13.7,120.0,54.1,65.2,-23.4,0.0,Storm,normal
2025-08-11 04:00:00,1.9,120.0,60.7,87.7,-23.9,0.0,Storm,normal
2025-08-11 05:00:00,0.0,4.5,53.4,68.2,-21.2,0.0,Clear,normal
2025-08-11 06:00:00,0.0,120.0,53.9,92.5,-22.7,0.0,Cloudy,normal
2025-08-11 07:00:00,0.0,120.0,58.9,95.0,-27.6,0.0,Clear,normal
2025-08-11 08:00:00,0.0,120.0,60.9,95.0,-23.6,0.0,Storm,normal
2025-08-11 09:00:00,0.0,120.0,64.0,95.0,-23.3,0.0,Clear,normal
2025-08-11 10:00:00,4.6,120.0,65.3,95.0,-24.5,0.0,Snow,normal
2025-08-11 11:00:00,12.7,120.0,64.4,95.0,-22.4,0.0,Storm,normal
2025-08-11 12:00:00,22.0,0.1,68.7,76.4,-24.2,0.0,Cloudy,normal
2025-08-11 13:00:00,12.1,55.4,72.9,74.2,-23.8,0.0,Snow,normal
2025-08-11 14:00:00,9.3,120.0,70.6,95.0,-23.6,0.0,Storm,normal
2025-08-11 15:00:00,0.0,120.0,64.6,95.0,-27.9,0.0,Storm,normal
2025-08-11 16:00:00,0.0,13.1,69.9,72.3,-23.3,0.0,Snow,normal
2025-08-11 17:00:00,0.0,120.0,71.6,90.1,-24.3,0.0,Storm,normal
2025-08-11 18:00:00,0.0,21.1,71.2,70.0,-25.2,0.0,Clear,normal
2025-08-11 19:00:00,0.0,103.4,60.5,85.8,-19.3,0.0,Cloudy,normal
2025-08-11 20:00:00,1.0,0.0,70.2,58.2,-21.3,0.0,Snow,normal
2025-08-11 21:00:00,13.0,120.0,53.9,87.3,-22.5,0.0,Storm,normal
2025-08-11 22:00:00,22.8,17.9,63.1,78.3,-23.8,0.0,Clear,normal
2025-08-11 23:00:00,22.6,0.0,61.4,62.8,-22.2,0.0,Clear,normal
2025-08-12 00:00:00,17.7,32.2,57.8,59.7,-20.8,0.0,Cloudy,normal
2025-08-12 01:00:00,26.6,0.0,53.0,49.1,-25.2,0.0,Clear,normal
2025-08-12 02:00:00,23.8,120.0,59.6,80.1,-23.8,0.0,Storm,normal
2025-08-12 03:00:00,10.2,120.0,60.6,95.0,-22.3,0.0,Storm,normal
2025-08-12 04:00:00,0.0,0.7,64.0,69.7,-28.8,0.0,Clear,normal
2025-08-12 05:00:00,0.0,0.6,59.7,46.0,-25.0,0.0,Cloudy,normal
2025-08-12 06:00:00,0.0,120.0,59.5,68.3,-26.0,0.0,Snow,normal
2025-08-12 07:00:00,0.0,120.0,58.4,91.0,-25.5,0.0,Storm,normal
2025-08-12 08:00:00,0.0,5.4,69.0,65.5,-26.4,0.0,Cloudy,normal
2025-08-12 09:00:00,0.0,1.6,72.7,37.1,-24.9,0.0,Snow,normal
2025-08-12 10:00:00,11.8,120.0,61.0,63.1,-20.8,0.0,Storm,normal
2025-08-12 11:00:00,9.9,0.0,70.1,39.1,-25.5,0.0,Snow,normal
2025-08-12 12:00:00,21.7,10.7,56.1,29.6,-23.9,0.0,Cloudy,normal
2025-08-12 13:00:00,18.3,1.4,60.7,15.0,-19.8,0.0,Cloudy,storm
2025-08-12 14:00:00,8.0,120.0,70.8,36.0,-25.0,0.0,Cloudy,normal
2025-08-12 15:00:00,0.0,2.0,66.4,15.0,-19.4,0.0,Cloudy,storm
2025-08-12 16:00:00,0.0,120.0,61.6,36.5,-23.0,0.0,Storm,normal
2025-08-12 17:00:00,0.0,9.3,62.9,15.1,-18.8,0.0,Clear,normal
2025-08-12 18:00:00,0.0,120.0,66.9,34.6,-20.8,0.0,Clear,normal
2025-08-12 19:00:00,0.0,2.2,61.4,15.0,-21.6,0.0,Cloudy,storm
2025-08-12 20:00:00,0.0,73.3,58.7,20.4,-22.4,0.0,Snow,normal
2025-08-12 21:00:00,8.2,3.9,53.3,15.0,-23.7,0.0,Cloudy,storm
2025-08-12 22:00:00,25.1,0.4,50.9,15.0,-22.3,0.0,Clear,storm
2025-08-12 23:00:00,29.4,120.0,58.5,48.4,-20.7,0.0,Storm,peak_solar
2025-08-13 00:00:00,11.0,1.9,58.4,30.2,-23.0,0.0,Snow,normal
2025-08-13 01:00:00,16.9,2.1,57.2,15.0,-24.0,0.0,Cloudy,storm
2025-08-13 02:00:00,11.1,57.6,55.6,19.8,-24.2,0.0,Snow,normal
2025-08-13 03:00:00,4.6,89.3,61.3,31.8,-21.9,0.0,Snow,normal
2025-08-13 04:00:00,0.0,0.3,55.8,15.0,-21.7,0.0,Clear,storm
2025-08-13 05:00:00,0.0,120.0,62.4,36.2,-26.2,0.0,Clear,normal
2025-08-13 06:00:00,0.0,2.8,57.8,15.0,-26.5,0.0,Clear,storm
2025-08-13 07:00:00,0.0,0.0,54.5,15.0,-24.3,0.0,Cloudy,storm
2025-08-13 08:00:00,0.0,16.8,68.8,15.0,-21.8,0.0,Clear,storm
2025-08-13 09:00:00,0.0,16.0,65.9,15.0,-22.6,0.0,Cloudy,storm
2025-08-13 10:00:00,4.1,120.0,71.3,34.4,-27.7,0.0,Snow,normal
2025-08-13 11:00:00,19.0,0.0,69.6,15.0,-25.3,0.0,Storm,storm
2025-08-13 12:00:00,20.6,54.9,73.4,15.8,-26.5,0.0,Cloudy,normal
2025-08-13 13:00:00,20.9,120.0,72.3,41.0,-24.7,0.0,Clear,normal
2025-08-13 14:00:00,8.1,0.0,58.7,20.8,-20.2,0.0,Cloudy,normal
2025-08-13 15:00:00,0.0,120.0,68.3,39.8,-26.4,0.0,Storm,normal
2025-08-13 16:00:00,0.0,27.6,65.3,24.7,-26.5,0.0,Clear,normal
2025-08-13 17:00:00,0.0,0.0,68.1,15.0,-24.4,0.0,Cloudy,storm
2025-08-13 18:00:00,0.0,120.0,63.1,35.9,-21.7,0.0,Storm,normal
2025-08-13 19:00:00,0.0,31.3,62.6,23.4,-20.9,0.0,Clear,normal
2025-08-13 20:00:00,0.0,120.0,63.2,44.3,-21.2,0.0,Storm,normal
2025-08-13 21:00:00,8.7,0.0,53.4,26.4,-19.6,0.0,Storm,normal
2025-08-13 22:00:00,19.8,0.0,71.3,15.0,-26.3,0.0,Clear,storm
2025-08-13 23:00:00,19.0,2.3,47.2,15.0,-20.0,0.0,Cloudy,storm
2025-08-14 00:00:00,18.5,120.0,57.8,44.7,-23.5,0.0,Storm,normal
2025-08-14 01:00:00,31.2,37.7,50.6,51.4,-21.6,0.0,Clear,peak_solar
2025-08-14 02:00:00,12.4,0.0,62.1,31.6,-26.5,0.0,Cloudy,normal
2025-08-14 03:00:00,2.1,11.4,53.3,15.6,-24.0,0.0,Snow,normal
2025-08-14 04:00:00,0.0,19.2,58.5,15.0,-23.8,0.0,Clear,storm
2025-08-14 05:00:00,0.0,31.2,54.1,15.0,-22.1,0.0,Cloudy,storm
2025-08-14 06:00:00,0.0,1.9,67.7,15.0,-28.4,0.0,Snow,storm
2025-08-14 07:00:00,0.0,120.0,54.0,39.3,-25.0,0.0,Storm,normal
2025-08-14 08:00:00,0.0,0.0,65.0,15.0,-27.5,0.0,Cloudy,storm
2025-08-14 09:00:00,0.0,103.7,62.3,30.3,-23.9,0.0,Clear,normal
2025-08-14 10:00:00,10.1,5.6,67.6,15.0,-23.2,0.0,Cloudy,storm
2025-08-14 11:00:00,25.3,4.1,65.6,15.0,-21.8,0.0,Clear,storm
2025-08-14 12:00:00,13.9,120.0,67.2,39.5,-25.5,0.0,Storm,normal
2025-08-14 13:00:00,20.0,16.2,67.4,27.0,-21.9,0.0,Cloudy,normal
2025-08-14 14:00:00,8.5,105.5,54.5,48.9,-20.6,0.0,Cloudy,normal
2025-08-14 15:00:00,0.0,120.0,68.8,67.8,-26.8,0.0,Storm,normal
2025-08-14 16:00:00,0.0,43.0,64.4,59.3,-21.5,0.0,Cloudy,normal
2025-08-14 17:00:00,0.0,120.0,64.0,79.8,-20.4,0.0,Storm,normal
2025-08-14 18:00:00,0.0,0.0,66.1,53.4,-22.9,0.0,Cloudy,normal
2025-08-14 19:00:00,0.0,120.0,68.7,72.3,-24.8,0.0,Cloudy,normal
2025-08-14 20:00:00,0.0,0.0,64.7,46.4,-20.0,0.0,Storm,normal
2025-08-14 21:00:00,2.1,99.0,67.5,58.8,-24.8,0.0,Snow,normal
2025-08-14 22:00:00,12.5,0.0,60.5,39.5,-22.7,0.0,Cloudy,normal
2025-08-14 23:00:00,23.6,120.0,51.5,73.4,-22.6,0.0,Clear,normal
2025-08-15 00:00:00,24.8,120.0,59.5,95.0,-21.2,0.0,Storm,peak_solar
2025-08-15 01:00:00,8.6,11.8,58.8,79.7,-24.5,0.0,Snow,normal
2025-08-15 02:00:00,6.8,11.3,57.7,63.8,-25.0,0.0,Snow,normal
2025-08-15 03:00:00,0.0,120.0,52.8,88.6,-23.7,0.0,Storm,normal
2025-08-15 04:00:00,0.0,120.0,55.8,95.0,-22.0,0.0,Clear,normal
2025-08-15 05:00:00,0.0,47.4,55.2,91.9,-19.5,0.0,Cloudy,normal
2025-08-15 06:00:00,0.0,2.7,66.0,66.5,-28.1,0.0,Clear,normal
2025-08-15 07:00:00,0.0,7.9,54.7,47.8,-24.2,0.0,Cloudy,normal
2025-08-15 08:00:00,0.0,0.4,68.7,20.5,-27.4,0.0,Cloudy,normal
2025-08-15 09:00:00,0.0,0.0,63.7,15.0,-22.7,0.0,Cloudy,storm
2025-08-15 10:00:00,9.3,120.0,67.5,37.8,-26.8,0.0,Storm,normal
2025-08-15 11:00:00,17.6,120.0,62.9,65.2,-26.0,0.0,Storm,normal
2025-08-15 12:00:00,26.9,120.0,64.2,95.0,-25.5,0.0,Clear,peak_solar
2025-08-15 13:00:00,11.1,120.0,65.7,95.0,-24.0,0.0,Snow,normal
2025-08-15 14:00:00,12.3,21.1,68.3,81.0,-22.8,0.0,Clear,normal
2025-08-15 15:00:00,0.0,13.4,64.0,60.8,-22.0,0.0,Clear,normal
2025-08-15 16:00:00,0.0,0.0,60.9,36.5,-22.7,0.0,Clear,normal
2025-08-15 17:00:00,0.0,120.0,67.3,55.9,-25.4,0.0,Storm,normal
2025-08-15 18:00:00,0.0,0.0,58.6,32.5,-20.6,0.0,Storm,normal
2025-08-15 19:00:00,0.0,119.2,68.1,51.3,-22.2,0.0,Clear,normal
2025-08-15 20:00:00,0.0,120.0,68.3,70.3,-19.4,0.0,Storm,normal
2025-08-15 21:00:00,0.0,120.0,58.9,92.8,-23.6,0.0,Storm,normal
2025-08-15 22:00:00,14.5,120.0,63.3,95.0,-25.7,0.0,Storm,normal
2025-08-15 23:00:00,23.1,1.4,54.6,83.0,-22.5,0.0,Clear,normal
2025-08-16 00:00:00,22.4,0.0,55.7,69.6,-19.8,0.0,Cloudy,normal
2025-08-16 01:00:00,21.7,69.5,57.3,82.1,-22.6,0.0,Clear,normal
2025-08-16 02:00:00,4.6,27.7,62.6,70.0,-23.8,0.0,Snow,normal
2025-08-16 03:00:00,0.0,0.0,58.1,46.8,-25.7,0.0,Storm,normal
2025-08-16 04:00:00,0.0,0.5,54.8,25.0,-20.3,0.0,Clear,normal
2025-08-16 05:00:00,0.0,0.0,57.1,15.0,-26.7,0.0,Storm,storm
2025-08-16 06:00:00,0.0,28.6,63.6,15.0,-26.3,0.0,Cloudy,storm
2025-08-16 07:00:00,0.0,0.2,55.8,15.0,-23.6,0.0,Clear,storm
2025-08-16 08:00:00,0.0,120.0,70.5,33.2,-29.0,0.0,Storm,normal
2025-08-16 09:00:00,0.6,1.5,61.2,15.0,-22.0,0.0,Snow,storm
2025-08-16 10:00:00,10.3,120.0,65.3,38.9,-23.3,0.0,Storm,normal
2025-08-16 11:00:00,25.9,74.9,68.1,50.9,-22.5,0.0,Clear,peak_solar
2025-08-16 12:00:00,25.5,0.0,67.1,34.3,-22.9,0.0,Storm,normal
2025-08-16 13:00:00,7.3,120.0,72.0,54.7,-24.1,0.0,Storm,normal
2025-08-16 14:00:00,7.8,26.3,65.8,42.0,-25.7,0.0,Snow,normal
2025-08-16 15:00:00,0.8,120.0,66.1,62.1,-23.3,0.0,Storm,normal
2025-08-16 16:00:00,0.0,120.0,72.2,79.7,-24.8,0.0,Clear,normal
2025-08-16 17:00:00,0.0,50.7,60.3,75.9,-21.3,0.0,Snow,normal
2025-08-16 18:00:00,0.0,70.9,67.9,77.0,-20.3,0.0,Clear,normal
2025-08-16 19:00:00,0.0,120.0,67.6,95.0,-18.7,0.0,Storm,normal
2025-08-16 20:00:00,0.0,22.4,59.5,80.2,-21.1,0.0,Snow,normal
2025-08-16 21:00:00,0.0,8.0,64.4,57.6,-19.9,0.0,Snow,normal
2025-08-16 22:00:00,9.1,2.9,56.4,39.9,-22.7,0.0,Clear,normal
2025-08-16 23:00:00,18.7,114.4,51.4,69.9,-23.4,0.0,Clear,normal
2025-08-17 00:00:00,22.4,4.0,51.9,59.7,-21.5,0.0,Clear,normal
2025-08-17 01:00:00,12.7,120.0,57.9,87.2,-23.7,0.0,Storm,normal
2025-08-17 02:00:00,4.0,20.6,55.8,74.7,-22.7,0.0,Cloudy,normal
2025-08-17 03:00:00,0.0,120.0,57.6,95.0,-26.0,0.0,Clear,normal
2025-08-17 04:00:00,0.0,120.0,55.8,95.0,-26.0,0.0,Storm,normal
2025-08-17 05:00:00,0.0,120.0,52.1,95.0,-22.9,0.0,Storm,normal
2025-08-17 06:00:00,0.0,86.9,64.0,95.0,-22.6,0.0,Snow,normal
2025-08-17 07:00:00,0.0,0.0,63.1,69.8,-26.9,0.0,Clear,normal
2025-08-17 08:00:00,0.0,0.0,70.1,41.7,-23.3,0.0,Cloudy,normal
2025-08-17 09:00:00,1.2,120.0,65.0,62.4,-25.9,0.0,Storm,normal
2025-08-17 10:00:00,12.9,1.0,65.7,41.7,-24.5,0.0,Cloudy,normal
2025-08-17 11:00:00,13.2,17.7,59.9,30.1,-21.2,0.0,Snow,normal
2025-08-17 12:00:00,14.0,120.0,63.1,56.2,-22.3,0.0,Storm,normal
2025-08-17 13:00:00,18.0,8.4,69.0,39.2,-21.9,0.0,Cloudy,normal
2025-08-17 14:00:00,11.0,0.0,60.2,19.5,-19.1,0.0,Cloudy,normal
2025-08-17 15:00:00,1.6,19.7,66.8,15.0,-24.4,0.0,Cloudy,storm
2025-08-17 16:00:00,0.0,120.0,64.8,35.3,-24.7,0.0,Storm,normal
2025-08-17 17:00:00,0.0,7.8,69.7,15.0,-23.8,0.0,Clear,storm
2025-08-17 18:00:00,0.0,120.0,63.1,36.0,-22.5,0.0,Cloudy,normal
2025-08-17 19:00:00,0.0,0.1,74.9,15.0,-27.0,0.0,Cloudy,storm
2025-08-17 20:00:00,0.0,2.5,63.6,15.0,-22.2,0.0,Clear,storm
2025-08-17 21:00:00,0.0,20.6,67.7,15.0,-23.0,0.0,Clear,storm
2025-08-17 22:00:00,5.7,120.0,60.1,39.1,-20.3,0.0,Storm,normal
2025-08-17 23:00:00,11.3,12.2,56.2,26.1,-21.4,0.0,Cloudy,normal
2025-08-18 00:00:00,27.4,7.0,59.0,16.3,-23.7,0.0,Clear,normal
2025-08-18 01:00:00,13.9,7.2,62.0,15.0,-21.5,0.0,Clear,storm
2025-08-18 02:00:00,1.2,120.0,57.9,38.3,-21.6,0.0,Snow,normal
2025-08-18 03:00:00,0.0,120.0,62.6,59.4,-25.2,0.0,Storm,normal
2025-08-18 04:00:00,0.0,120.0,68.5,78.4,-25.0,0.0,Storm,normal
2025-08-18 05:00:00,0.0,0.0,64.9,52.4,-29.1,0.0,Storm,normal
2025-08-18 06:00:00,0.0,114.8,53.5,75.0,-26.9,0.0,Cloudy,normal
2025-08-18 07:00:00,0.0,4.2,62.0,51.8,-26.3,0.0,Clear,normal
2025-08-18 08:00:00,0.0,31.2,72.2,35.4,-24.5,0.0,Clear,normal
2025-08-18 09:00:00,4.1,1.3,71.0,15.0,-26.7,0.0,Clear,storm
2025-08-18 10:00:00,15.6,70.6,64.0,23.2,-25.6,0.0,Clear,normal
2025-08-18 11:00:00,23.1,2.9,69.6,15.0,-26.9,0.0,Clear,storm
2025-08-18 12:00:00,23.9,120.0,72.4,41.3,-23.5,0.0,Storm,peak_solar
2025-08-18 13:00:00,9.2,94.1,59.9,57.2,-22.6,0.0,Snow,normal
2025-08-18 14:00:00,16.3,120.0,58.4,85.9,-22.3,0.0,Storm,normal
2025-08-18 15:00:00,2.7,120.0,62.4,95.0,-22.8,0.0,Storm,normal
2025-08-18 16:00:00,0.0,120.0,73.4,95.0,-25.8,0.0,Storm,normal
2025-08-18 17:00:00,0.0,0.0,58.3,71.7,-23.5,0.0,Snow,normal
2025-08-18 18:00:00,0.0,120.0,66.3,91.5,-22.8,0.0,Clear,normal
2025-08-18 19:00:00,0.0,0.0,67.6,64.4,-22.6,0.0,Storm,normal
2025-08-18 20:00:00,0.0,13.5,64.5,44.0,-21.5,0.0,Clear,normal
2025-08-18 21:00:00,0.0,120.0,47.7,70.6,-18.6,0.0,Storm,normal
2025-08-18 22:00:00,1.8,0.0,55.6,49.1,-20.1,0.0,Cloudy,normal
2025-08-18 23:00:00,8.6,0.5,54.9,30.8,-24.3,0.0,Cloudy,normal
2025-08-19 00:00:00,21.4,37.9,56.4,31.8,-20.8,0.0,Clear,normal
2025-08-19 01:00:00,6.5,7.4,52.7,16.3,-21.3,0.0,Cloudy,normal
2025-08-19 02:00:00,0.0,2.7,61.1,15.0,-24.8,0.0,Snow,storm
2025-08-19 03:00:00,0.0,7.6,56.4,15.0,-21.6,0.0,Cloudy,storm
2025-08-19 04:00:00,0.0,120.0,54.2,39.2,-24.2,0.0,Cloudy,normal
2025-08-19 05:00:00,0.0,120.0,64.4,59.7,-27.2,0.0,Storm,normal
2025-08-19 06:00:00,0.0,120.0,57.8,82.6,-23.4,0.0,Cloudy,normal
2025-08-19 07:00:00,0.0,120.0,60.3,95.0,-24.0,0.0,Storm,normal
2025-08-19 08:00:00,0.0,42.8,68.9,84.6,-25.1,0.0,Cloudy,normal
2025-08-19 09:00:00,4.0,0.4,71.6,57.7,-24.6,0.0,Clear,normal
2025-08-19 10:00:00,18.0,34.2,71.2,50.1,-25.9,0.0,Clear,normal
2025-08-19 11:00:00,15.7,74.9,67.4,58.7,-22.8,0.0,Cloudy,normal
2025-08-19 12:00:00,23.7,120.0,59.3,89.7,-23.9,0.0,Storm,normal
2025-08-19 13:00:00,25.2,120.0,64.4,95.0,-23.1,0.0,Storm,peak_solar
2025-08-19 14:00:00,14.2,120.0,54.7,95.0,-22.3,0.0,Clear,normal
2025-08-19 15:00:00,2.5,120.0,62.2,95.0,-25.2,0.0,Storm,normal
2025-08-19 16:00:00,0.0,0.0,71.5,66.4,-24.3,0.0,Cloudy,normal
2025-08-19 17:00:00,0.0,19.2,67.6,47.1,-26.9,0.0,Cloudy,normal
2025-08-19 18:00:00,0.0,42.3,67.6,37.0,-20.5,0.0,Cloudy,normal
2025-08-19 19:00:00,0.0,120.0,63.7,57.7,-24.3,0.0,Cloudy,normal
2025-08-19 20:00:00,0.0,120.0,63.2,78.6,-21.3,0.0,Storm,normal
2025-08-19 21:00:00,0.0,112.2,55.9,95.0,-20.8,0.0,Clear,normal
2025-08-19 22:00:00,0.0,0.0,61.1,70.6,-20.4,0.0,Cloudy,normal
2025-08-19 23:00:00,10.0,120.0,63.1,95.0,-24.6,0.0,Storm,normal
2025-08-20 00:00:00,11.4,14.9,54.8,83.6,-22.3,0.0,Cloudy,normal
2025-08-20 01:00:00,4.6,120.0,51.4,95.0,-18.9,0.0,Cloudy,normal
2025-08-20 02:00:00,0.0,120.0,54.5,95.0,-19.2,0.0,Storm,normal
2025-08-20 03:00:00,0.0,0.0,65.3,68.9,-21.2,0.0,Cloudy,normal
2025-08-20 04:00:00,0.0,36.0,57.9,60.1,-23.0,0.0,Clear,normal
2025-08-20 05:00:00,0.0,40.1,57.5,53.2,-26.2,0.0,Cloudy,normal
2025-08-20 06:00:00,0.0,107.9,54.2,73.0,-22.7,0.0,Clear,normal
2025-08-20 07:00:00,0.0,3.7,58.6,51.0,-24.7,0.0,Clear,normal
2025-08-20 08:00:00,0.0,0.8,67.1,24.5,-23.2,0.0,Snow,normal
2025-08-20 09:00:00,3.5,120.0,64.8,46.1,-25.8,0.0,Storm,normal
2025-08-20 10:00:00,19.7,83.2,71.0,57.9,-24.6,0.0,Clear,normal
2025-08-20 11:00:00,19.8,1.5,63.6,41.0,-23.6,0.0,Cloudy,normal
2025-08-20 12:00:00,15.1,8.2,71.0,21.9,-23.2,0.0,Snow,normal
2025-08-20 13:00:00,24.6,120.0,65.8,50.9,-22.2,0.0,Storm,peak_solar
2025-08-20 14:00:00,15.8,120.0,65.5,76.8,-24.2,0.0,Storm,normal
2025-08-20 15:00:00,5.2,5.3,56.9,58.2,-25.5,0.0,Clear,normal
2025-08-20 16:00:00,0.0,0.4,59.8,34.5,-18.6,0.0,Cloudy,normal
2025-08-20 17:00:00,0.0,0.7,59.1,15.0,-16.4,0.0,Snow,storm
2025-08-20 18:00:00,0.0,120.0,63.6,35.8,-20.7,0.0,Storm,normal
2025-08-20 19:00:00,0.0,11.8,69.4,15.0,-24.4,0.0,Cloudy,storm
2025-08-20 20:00:00,0.0,0.0,64.2,15.0,-23.1,0.0,Clear,storm
2025-08-20 21:00:00,0.0,9.2,57.5,15.0,-20.4,0.0,Cloudy,storm
2025-08-20 22:00:00,0.0,105.1,49.8,35.4,-18.7,0.0,Cloudy,normal
2025-08-20 23:00:00,4.7,34.2,63.3,25.6,-24.6,0.0,Cloudy,normal
2025-08-21 00:00:00,11.1,120.0,61.2,51.3,-22.4,0.0,Storm,normal
2025-08-21 01:00:00,4.8,107.6,58.0,71.3,-22.0,0.0,Clear,normal
2025-08-21 02:00:00,0.0,120.0,58.7,93.9,-20.9,0.0,Clear,normal
2025-08-21 03:00:00,0.0,120.0,57.6,95.0,-24.0,0.0,Storm,normal
2025-08-21 04:00:00,0.0,120.0,61.1,95.0,-27.0,0.0,Storm,normal
2025-08-21 05:00:00,0.0,8.9,56.3,76.0,-22.5,0.0,Clear,normal
2025-08-21 06:00:00,0.0,0.5,61.7,51.6,-21.7,0.0,Snow,normal
2025-08-21 07:00:00,0.0,87.8,60.1,61.8,-24.5,0.0,Cloudy,normal
2025-08-21 08:00:00,0.0,60.7,63.1,60.8,-23.4,0.0,Cloudy,normal
2025-08-21 09:00:00,5.4,109.7,67.8,78.2,-25.3,0.0,Cloudy,normal
2025-08-21 10:00:00,15.7,120.0,66.9,95.0,-26.0,0.0,Clear,normal
2025-08-21 11:00:00,12.6,120.0,65.1,95.0,-21.6,0.0,Storm,normal
2025-08-21 12:00:00,13.4,21.2,64.8,82.9,-22.7,0.0,Snow,normal
2025-08-21 13:00:00,18.9,120.0,59.5,95.0,-22.1,0.0,Cloudy,normal
2025-08-21 14:00:00,11.8,0.5,58.0,76.7,-19.5,0.0,Cloudy,normal
2025-08-21 15:00:00,6.5,2.6,66.1,53.9,-24.8,0.0,Clear,normal
2025-08-21 16:00:00,0.0,51.0,71.6,45.7,-23.3,0.0,Clear,normal
2025-08-21 17:00:00,0.0,1.2,56.9,23.4,-21.4,0.0,Clear,normal
2025-08-21 18:00:00,0.0,120.0,67.2,42.8,-22.8,0.0,Storm,normal
2025-08-21 19:00:00,0.0,120.0,68.9,61.6,-19.7,0.0,Clear,normal
2025-08-21 20:00:00,0.0,5.5,68.6,36.4,-21.7,0.0,Cloudy,normal
2025-08-21 21:00:00,0.0,26.5,58.5,23.6,-23.6,0.0,Clear,normal
2025-08-21 22:00:00,0.0,120.0,55.5,47.4,-21.4,0.0,Storm,normal
2025-08-21 23:00:00,4.4,85.0,59.0,58.6,-21.4,0.0,Clear,normal
2025-08-22 00:00:00,7.2,0.0,60.9,37.1,-19.9,0.0,Storm,normal
2025-08-22 01:00:00,1.1,26.3,59.4,24.3,-21.5,0.0,Cloudy,normal
2025-08-22 02:00:00,0.0,36.9,57.4,16.1,-21.7,0.0,Cloudy,normal
2025-08-22 03:00:00,0.0,50.5,62.2,15.0,-22.4,0.0,Clear,storm
2025-08-22 04:00:00,0.0,0.0,59.6,15.0,-23.9,0.0,Cloudy,storm
2025-08-22 05:00:00,0.0,32.2,60.7,15.0,-25.3,0.0,Cloudy,storm
2025-08-22 06:00:00,0.0,29.0,60.9,15.0,-23.4,0.0,Cloudy,storm
2025-08-22 07:00:00,0.0,120.0,57.4,38.1,-24.9,0.0,Storm,normal
2025-08-22 08:00:00,0.0,120.0,75.5,54.4,-20.5,0.0,Storm,normal
2025-08-22 09:00:00,3.1,20.0,64.8,37.8,-21.2,0.0,Snow,normal
2025-08-22 10:00:00,15.8,0.0,64.9,18.2,-22.6,0.0,Clear,normal
2025-08-22 11:00:00,26.6,75.5,69.3,30.2,-22.9,0.0,Clear,peak_solar
2025-08-22 12:00:00,13.3,1.1,71.1,15.0,-23.7,0.0,Snow,storm
2025-08-22 13:00:00,27.2,94.4,66.2,35.4,-25.9,0.0,Clear,peak_solar
2025-08-22 14:00:00,10.6,88.1,59.4,49.9,-23.2,0.0,Cloudy,normal
2025-08-22 15:00:00,2.8,4.0,63.8,27.1,-22.1,0.0,Snow,normal
2025-08-22 16:00:00,0.0,77.2,65.6,31.3,-21.5,0.0,Clear,normal
2025-08-22 17:00:00,0.0,0.0,60.6,15.0,-20.6,0.0,Cloudy,storm
2025-08-22 18:00:00,0.0,109.7,62.3,32.4,-19.4,0.0,Snow,normal
2025-08-22 19:00:00,0.0,120.0,65.3,52.6,-22.8,0.0,Storm,normal
2025-08-22 20:00:00,0.0,120.0,59.2,75.0,-22.7,0.0,Clear,normal
2025-08-22 21:00:00,0.0,9.6,55.7,56.5,-18.1,0.0,Clear,normal
2025-08-22 22:00:00,0.0,120.0,58.3,79.2,-19.7,0.0,Storm,normal
2025-08-22 23:00:00,0.6,120.0,58.3,95.0,-22.5,0.0,Storm,normal
2025-08-23 00:00:00,8.8,120.0,58.6,95.0,-22.1,0.0,Storm,normal
2025-08-23 01:00:00,0.0,120.0,54.8,95.0,-22.4,0.0,Storm,normal
2025-08-23 02:00:00,0.0,120.0,57.0,95.0,-22.5,0.0,Cloudy,normal
2025-08-23 03:00:00,0.0,0.6,59.6,71.4,-21.9,0.0,Cloudy,normal
2025-08-23 04:00:00,0.0,1.6,47.3,53.1,-17.8,0.0,Clear,normal
2025-08-23 05:00:00,0.0,120.0,54.1,77.3,-23.2,0.0,Cloudy,normal
2025-08-23 06:00:00,0.0,0.0,51.7,56.6,-22.4,0.0,Cloudy,normal
2025-08-23 07:00:00,0.0,30.5,69.4,41.1,-27.7,0.0,Snow,normal
2025-08-23 08:00:00,0.0,16.8,67.1,21.0,-25.2,0.0,Clear,normal
2025-08-23 09:00:00,7.6,120.0,70.0,42.2,-21.3,0.0,Clear,normal
2025-08-23 10:00:00,15.5,0.1,65.7,22.1,-23.0,0.0,Cloudy,normal
2025-08-23 11:00:00,13.6,120.0,83.5,40.6,-33.3,0.0,Storm,normal
2025-08-23 12:00:00,14.6,25.5,69.8,28.7,-21.9,0.0,Snow,normal
2025-08-23 13:00:00,19.1,116.6,59.1,56.9,-18.8,0.0,Cloudy,normal
2025-08-23 14:00:00,21.1,0.3,70.4,37.3,-27.0,0.0,Clear,normal
2025-08-23 15:00:00,7.5,120.0,57.9,62.9,-18.9,0.0,Storm,normal
2025-08-23 16:00:00,0.0,120.0,73.6,80.0,-27.9,0.0,Storm,normal
2025-08-23 17:00:00,0.0,0.0,66.8,53.2,-19.5,0.0,Storm,normal
2025-08-23 18:00:00,0.0,99.0,71.8,63.2,-21.3,0.0,Cloudy,normal
2025-08-23 19:00:00,0.0,120.0,74.8,79.9,-26.3,0.0,Storm,normal
2025-08-23 20:00:00,0.0,1.2,64.8,54.4,-20.1,0.0,Clear,normal
2025-08-23 21:00:00,0.0,120.0,55.0,78.3,-18.6,0.0,Storm,normal
2025-08-23 22:00:00,0.0,0.0,54.5,56.5,-20.5,0.0,Clear,normal
2025-08-23 23:00:00,0.0,120.0,62.5,77.7,-20.2,0.0,Storm,normal
2025-08-24 00:00:00,3.0,76.0,54.1,86.9,-22.6,0.0,Snow,normal
2025-08-24 01:00:00,0.0,0.0,57.0,64.1,-26.2,0.0,Cloudy,normal
2025-08-24 02:00:00,0.0,18.1,51.5,50.7,-20.9,0.0,Clear,normal
2025-08-24 03:00:00,0.0,120.0,58.3,73.4,-19.0,0.0,Storm,normal
2025-08-24 04:00:00,0.0,31.9,59.6,62.4,-20.7,0.0,Clear,normal
2025-08-24 05:00:00,0.0,30.7,64.7,48.8,-27.9,0.0,Snow,normal
2025-08-24 06:00:00,0.0,120.0,63.4,69.6,-27.1,0.0,Storm,normal
2025-08-24 07:00:00,0.0,40.4,56.1,63.4,-25.8,0.0,Clear,normal
2025-08-24 08:00:00,0.0,120.0,71.6,81.2,-27.5,0.0,Storm,normal
2025-08-24 09:00:00,7.4,8.4,71.7,58.8,-23.8,0.0,Cloudy,normal
2025-08-24 10:00:00,14.3,0.0,61.6,39.9,-22.9,0.0,Cloudy,normal
2025-08-24 11:00:00,25.9,47.6,64.8,43.1,-26.7,0.0,Clear,peak_solar
2025-08-24 12:00:00,25.9,65.2,65.8,52.4,-21.5,0.0,Clear,peak_solar
2025-08-24 13:00:00,15.6,7.2,67.6,34.5,-21.5,0.0,Cloudy,normal
2025-08-24 14:00:00,14.2,107.9,70.0,53.7,-23.7,0.0,Cloudy,normal
2025-08-24 15:00:00,3.5,0.0,70.3,26.9,-22.5,0.0,Snow,normal
2025-08-24 16:00:00,0.0,115.9,69.6,43.9,-26.0,0.0,Cloudy,normal
2025-08-24 17:00:00,0.0,0.4,58.5,20.7,-22.1,0.0,Clear,normal
2025-08-24 18:00:00,0.0,0.0,66.2,15.0,-21.1,0.0,Cloudy,storm
2025-08-24 19:00:00,0.0,60.5,68.4,15.0,-20.6,0.0,Snow,storm
2025-08-24 20:00:00,0.0,0.0,60.6,15.0,-20.1,0.0,Cloudy,storm
2025-08-24 21:00:00,0.0,0.0,55.0,15.0,-20.5,0.0,Cloudy,storm
2025-08-24 22:00:00,0.0,120.0,48.0,41.5,-21.7,0.0,Cloudy,normal
2025-08-24 23:00:00,0.0,0.8,54.7,20.0,-20.8,0.0,Clear,normal
2025-08-25 00:00:00,2.7,120.0,60.8,42.7,-19.4,0.0,Cloudy,normal
2025-08-25 01:00:00,0.0,22.2,55.4,29.4,-22.2,0.0,Clear,normal
2025-08-25 02:00:00,0.0,59.8,52.4,32.2,-21.6,0.0,Cloudy,normal
2025-08-25 03:00:00,0.0,120.0,65.9,52.0,-23.1,0.0,Storm,normal
2025-08-25 04:00:00,0.0,120.0,62.0,73.4,-24.5,0.0,Cloudy,normal
2025-08-25 05:00:00,0.0,120.0,59.1,95.0,-22.2,0.0,Clear,normal
2025-08-25 06:00:00,0.0,120.0,60.5,95.0,-24.9,0.0,Snow,normal
2025-08-25 07:00:00,0.0,4.9,55.2,74.9,-22.9,0.0,Cloudy,normal
2025-08-25 08:00:00,0.0,120.0,65.8,94.9,-23.8,0.0,Cloudy,normal
2025-08-25 09:00:00,8.1,1.7,74.0,69.2,-24.4,0.0,Cloudy,normal
2025-08-25 10:00:00,8.7,120.0,64.6,92.7,-24.4,0.0,Snow,normal
2025-08-25 11:00:00,15.8,19.1,73.0,77.5,-24.5,0.0,Cloudy,normal
2025-08-25 12:00:00,21.1,34.5,71.1,71.3,-26.7,0.0,Cloudy,normal
2025-08-25 13:00:00,22.5,120.0,66.3,95.0,-21.9,0.0,Storm,normal
2025-08-25 14:00:00,10.5,120.0,58.1,95.0,-21.8,0.0,Snow,normal
2025-08-25 15:00:00,5.1,6.6,64.8,73.8,-20.1,0.0,Snow,normal
2025-08-25 16:00:00,0.0,0.0,65.5,47.6,-22.8,0.0,Snow,normal
2025-08-25 17:00:00,0.0,64.9,53.6,51.7,-17.1,0.0,Cloudy,normal
2025-08-25 18:00:00,0.0,0.0,65.1,25.7,-21.9,0.0,Snow,normal
2025-08-25 19:00:00,0.0,120.0,64.1,46.2,-22.8,0.0,Storm,normal
2025-08-25 20:00:00,0.0,37.6,67.1,34.4,-23.0,0.0,Clear,normal
2025-08-25 21:00:00,0.0,120.0,56.3,57.9,-24.7,0.0,Storm,normal
2025-08-25 22:00:00,0.0,0.1,48.6,38.5,-17.7,0.0,Clear,normal
2025-08-25 23:00:00,0.0,120.0,53.7,62.9,-18.3,0.0,Snow,normal
2025-08-26 00:00:00,0.7,120.0,53.5,87.6,-20.1,0.0,Storm,normal
2025-08-26 01:00:00,0.0,120.0,57.4,95.0,-23.8,0.0,Snow,normal
2025-08-26 02:00:00,0.0,120.0,48.3,95.0,-18.2,0.0,Storm,normal
2025-08-26 03:00:00,0.0,120.0,58.2,95.0,-23.4,0.0,Snow,normal
2025-08-26 04:00:00,0.0,14.1,61.1,76.2,-23.5,0.0,Cloudy,normal
2025-08-26 05:00:00,0.0,2.0,56.2,54.5,-20.1,0.0,Snow,normal
2025-08-26 06:00:00,0.0,4.0,55.5,33.9,-22.0,0.0,Clear,normal
2025-08-26 07:00:00,0.0,120.0,47.2,60.7,-18.8,0.0,Storm,normal
2025-08-26 08:00:00,0.0,83.8,62.8,68.4,-23.2,0.0,Clear,normal
2025-08-26 09:00:00,6.3,120.0,64.5,91.2,-24.5,0.0,Storm,normal
2025-08-26 10:00:00,14.1,8.2,71.2,71.6,-24.8,0.0,Cloudy,normal
2025-08-26 11:00:00,15.5,120.0,73.5,94.4,-27.3,0.0,Storm,normal
2025-08-26 12:00:00,25.6,1.4,67.8,78.1,-23.6,0.0,Clear,normal
2025-08-26 13:00:00,22.4,23.8,61.7,71.8,-20.1,0.0,Clear,normal
2025-08-26 14:00:00,15.4,12.1,69.1,55.2,-20.9,0.0,Cloudy,normal
2025-08-26 15:00:00,9.1,120.0,67.3,77.9,-21.8,0.0,Storm,normal
2025-08-26 16:00:00,0.0,3.0,58.3,55.8,-23.6,0.0,Snow,normal
2025-08-26 17:00:00,0.0,120.0,69.9,74.2,-20.6,0.0,Clear,normal
2025-08-26 18:00:00,0.0,120.0,61.0,95.0,-18.7,0.0,Clear,normal
2025-08-26 19:00:00,0.0,0.2,66.6,68.4,-19.8,0.0,Cloudy,normal
2025-08-26 20:00:00,0.0,120.0,65.2,88.6,-20.3,0.0,Storm,normal
2025-08-26 21:00:00,0.0,120.0,52.3,95.0,-22.5,0.0,Storm,normal
2025-08-26 22:00:00,0.0,84.8,52.1,95.0,-19.0,0.0,Clear,normal
2025-08-26 23:00:00,0.0,54.4,55.3,94.7,-28.0,0.0,Cloudy,normal
2025-08-27 00:00:00,0.0,0.0,52.4,73.7,-20.5,0.0,Cloudy,normal
2025-08-27 01:00:00,0.0,0.0,51.6,53.1,-16.0,0.0,Cloudy,normal
2025-08-27 02:00:00,0.0,21.8,60.7,37.5,-25.4,0.0,Snow,normal
2025-08-27 03:00:00,0.0,1.6,55.3,16.0,-23.0,0.0,Cloudy,normal
2025-08-27 04:00:00,0.0,120.0,56.8,39.3,-22.8,0.0,Storm,normal
2025-08-27 05:00:00,0.0,0.0,59.5,15.5,-24.1,0.0,Cloudy,normal
2025-08-27 06:00:00,0.0,0.0,58.8,15.0,-21.1,0.0,Snow,storm
2025-08-27 07:00:00,0.0,120.0,55.0,38.9,-22.5,0.0,Clear,normal
2025-08-27 08:00:00,0.2,116.2,65.6,57.6,-23.2,0.0,Snow,normal
2025-08-27 09:00:00,11.6,69.8,59.8,65.6,-21.8,0.0,Clear,normal
2025-08-27 10:00:00,9.3,120.0,61.4,90.6,-23.3,0.0,Storm,normal
2025-08-27 11:00:00,28.8,5.8,63.6,79.0,-16.1,0.0,Clear,normal
2025-08-27 12:00:00,19.7,13.9,71.6,63.8,-22.5,0.0,Cloudy,normal
2025-08-27 13:00:00,17.1,107.9,65.8,85.6,-22.0,0.0,Cloudy,normal
2025-08-27 14:00:00,15.7,82.7,67.5,95.0,-25.8,0.0,Cloudy,normal
2025-08-27 15:00:00,4.8,2.4,64.0,72.2,-22.9,0.0,Snow,normal
2025-08-27 16:00:00,0.2,120.0,66.7,92.0,-18.8,0.0,Storm,normal
2025-08-27 17:00:00,0.0,0.2,51.4,71.5,-23.9,0.0,Clear,normal
2025-08-27 18:00:00,0.0,17.9,77.6,47.6,-25.5,0.0,Clear,normal
2025-08-27 19:00:00,0.0,0.4,63.8,22.3,-20.5,0.0,Cloudy,normal
2025-08-27 20:00:00,0.0,0.0,50.4,15.0,-17.6,0.0,Storm,storm
2025-08-27 21:00:00,0.0,57.9,65.3,15.0,-20.5,0.0,Clear,storm
2025-08-27 22:00:00,0.0,1.1,46.9,15.0,-21.5,0.0,Snow,storm
2025-08-27 23:00:00,0.0,12.2,51.1,15.0,-25.1,0.0,Cloudy,storm
2025-08-28 00:00:00,0.0,103.4,51.6,34.1,-20.2,0.0,Snow,normal
2025-08-28 01:00:00,0.0,120.0,54.5,58.2,-20.1,0.0,Storm,normal
2025-08-28 02:00:00,0.0,1.9,65.6,32.7,-25.8,0.0,Clear,normal
2025-08-28 03:00:00,0.0,120.0,53.4,57.2,-19.8,0.0,Storm,normal
2025-08-28 04:00:00,0.0,51.8,52.8,56.8,-21.0,0.0,Snow,normal
2025-08-28 05:00:00,0.0,120.0,54.3,81.0,-20.5,0.0,Cloudy,normal
2025-08-28 06:00:00,0.0,9.2,55.6,62.4,-21.9,0.0,Cloudy,normal
2025-08-28 07:00:00,0.0,120.0,62.7,83.5,-21.9,0.0,Storm,normal
2025-08-28 08:00:00,0.8,120.0,69.5,95.0,-22.3,0.0,Snow,normal
2025-08-28 09:00:00,7.8,7.0,62.1,76.1,-21.5,0.0,Cloudy,normal
2025-08-28 10:00:00,16.4,14.5,68.8,61.0,-27.2,0.0,Cloudy,normal
2025-08-28 11:00:00,23.8,120.0,61.9,91.1,-26.3,0.0,Storm,normal
2025-08-28 12:00:00,26.4,120.0,69.8,95.0,-24.3,0.0,Clear,peak_solar
2025-08-28 13:00:00,26.3,19.9,65.4,87.3,-22.6,0.0,Clear,normal
2025-08-28 14:00:00,19.1,120.0,65.6,95.0,-21.1,0.0,Storm,normal
2025-08-28 15:00:00,10.3,95.4,66.3,95.0,-20.8,0.0,Clear,normal
2025-08-28 16:00:00,1.1,0.0,67.9,68.3,-18.7,0.0,Cloudy,normal
2025-08-28 17:00:00,0.0,34.2,59.7,58.0,-18.3,0.0,Cloudy,normal
2025-08-28 18:00:00,0.0,120.0,65.7,78.0,-22.5,0.0,Storm,normal
2025-08-28 19:00:00,0.0,120.0,69.3,95.0,-20.0,0.0,Storm,normal
2025-08-28 20:00:00,0.0,0.6,64.6,69.4,-22.3,0.0,Clear,normal
2025-08-28 21:00:00,0.0,120.0,55.5,93.1,-20.9,0.0,Storm,normal
2025-08-28 22:00:00,0.0,50.7,65.5,87.2,-19.9,0.0,Cloudy,normal
2025-08-28 23:00:00,0.0,0.2,63.2,62.0,-28.4,0.0,Clear,normal
2025-08-29 00:00:00,0.0,0.3,57.6,39.1,-15.7,0.0,Cloudy,normal
2025-08-29 01:00:00,0.0,0.8,53.0,18.2,-20.2,0.0,Cloudy,normal
2025-08-29 02:00:00,0.0,0.0,56.3,15.0,-23.1,0.0,Cloudy,storm
2025-08-29 03:00:00,0.0,0.1,45.0,15.0,-17.9,0.0,Snow,storm
2025-08-29 04:00:00,0.0,55.8,60.8,15.0,-23.3,0.0,Cloudy,storm
2025-08-29 05:00:00,0.0,0.0,60.5,15.0,-22.6,0.0,Clear,storm
2025-08-29 06:00:00,0.0,2.0,59.6,15.0,-24.2,0.0,Cloudy,storm
2025-08-29 07:00:00,0.0,14.8,56.4,15.0,-19.6,0.0,Clear,storm
2025-08-29 08:00:00,2.0,2.0,70.0,15.0,-23.5,0.0,Clear,storm
2025-08-29 09:00:00,7.0,0.0,60.0,15.0,-22.9,0.0,Cloudy,storm
2025-08-29 10:00:00,20.3,46.0,63.7,16.0,-20.4,0.0,Clear,normal
2025-08-29 11:00:00,30.2,1.8,71.2,15.0,-21.6,0.0,Clear,storm
2025-08-29 12:00:00,25.9,2.7,64.6,15.0,-22.7,0.0,Clear,storm
2025-08-29 13:00:00,20.6,29.5,57.2,15.0,-19.7,0.0,Cloudy,storm
2025-08-29 14:00:00,25.4,120.0,63.5,45.2,-16.2,0.0,Clear,peak_solar
2025-08-29 15:00:00,6.2,5.1,64.3,24.0,-20.7,0.0,Snow,normal
2025-08-29 16:00:00,1.2,6.3,63.7,15.0,-20.8,0.0,Snow,storm
2025-08-29 17:00:00,0.0,0.1,61.8,15.0,-20.4,0.0,Cloudy,storm
2025-08-29 18:00:00,0.0,120.0,64.3,35.5,-17.6,0.0,Storm,normal
2025-08-29 19:00:00,0.0,48.2,62.5,29.8,-21.7,0.0,Cloudy,normal
2025-08-29 20:00:00,0.0,120.0,69.7,48.3,-20.9,0.0,Storm,normal
2025-08-29 21:00:00,0.0,120.0,59.0,70.7,-23.7,0.0,Storm,normal
2025-08-29 22:00:00,0.0,4.8,62.2,47.8,-23.1,0.0,Cloudy,normal
2025-08-29 23:00:00,0.0,0.0,60.5,23.6,-21.9,0.0,Storm,normal
2025-08-30 00:00:00,0.0,120.0,51.3,48.9,-21.0,0.0,Storm,normal
2025-08-30 01:00:00,0.0,61.9,54.3,51.7,-17.4,0.0,Cloudy,normal
2025-08-30 02:00:00,0.0,6.8,54.4,32.6,-20.5,0.0,Clear,normal
2025-08-30 03:00:00,0.0,3.5,61.6,15.0,-24.0,0.0,Cloudy,storm
2025-08-30 04:00:00,0.0,44.2,58.8,15.0,-24.0,0.0,Cloudy,storm
2025-08-30 05:00:00,0.0,80.6,47.2,27.3,-19.7,0.0,Snow,normal
2025-08-30 06:00:00,0.0,0.0,58.7,15.0,-20.5,0.0,Cloudy,storm
2025-08-30 07:00:00,0.0,11.2,49.1,15.0,-23.0,0.0,Clear,storm
2025-08-30 08:00:00,2.9,72.2,67.7,17.8,-24.1,0.0,Clear,normal
2025-08-30 09:00:00,9.8,120.0,71.2,39.3,-20.6,0.0,Cloudy,normal
2025-08-30 10:00:00,9.5,28.4,73.7,25.1,-25.1,0.0,Snow,normal
2025-08-30 11:00:00,11.2,117.4,66.4,47.9,-21.8,0.0,Snow,normal
2025-08-30 12:00:00,36.0,3.6,58.4,40.4,-17.4,0.0,Clear,normal
2025-08-30 13:00:00,16.4,110.4,64.4,63.4,-21.6,0.0,Cloudy,normal
2025-08-30 14:00:00,9.0,78.3,70.6,69.5,-23.4,0.0,Snow,normal
2025-08-30 15:00:00,8.0,120.0,60.2,94.5,-20.4,0.0,Storm,normal
2025-08-30 16:00:00,2.1,120.0,66.6,95.0,-21.9,0.0,Storm,normal
2025-08-30 17:00:00,0.0,120.0,63.3,95.0,-23.7,0.0,Storm,normal
2025-08-30 18:00:00,0.0,19.4,60.7,78.5,-18.8,0.0,Cloudy,normal
2025-08-30 19:00:00,0.0,0.2,58.8,55.1,-17.7,0.0,Clear,normal
2025-08-30 20:00:00,0.0,1.9,65.5,29.6,-20.8,0.0,Snow,normal
2025-08-30 21:00:00,0.0,120.0,58.2,52.4,-21.0,0.0,Storm,normal
2025-08-30 22:00:00,0.0,51.0,66.1,46.3,-22.5,0.0,Clear,normal
2025-08-30 23:00:00,0.0,86.3,55.3,57.7,-20.9,0.0,Cloudy,normal
2025-08-31 00:00:00,0.0,120.0,58.3,80.4,-22.0,0.0,Storm,normal
2025-08-31 01:00:00,0.0,42.7,63.0,72.3,-23.3,0.0,Cloudy,normal
2025-08-31 02:00:00,0.0,120.0,52.2,95.0,-17.3,0.0,Storm,normal
2025-08-31 03:00:00,0.0,0.0,56.3,72.5,-20.9,0.0,Snow,normal
2025-08-31 04:00:00,0.0,120.0,58.4,95.0,-21.0,0.0,Snow,normal
2025-08-31 05:00:00,0.0,120.0,52.9,95.0,-20.6,0.0,Storm,normal
2025-08-31 06:00:00,0.0,120.0,56.9,95.0,-21.1,0.0,Storm,normal
2025-08-31 07:00:00,0.0,120.0,55.7,95.0,-23.9,0.0,Storm,normal
2025-08-31 08:00:00,3.0,0.0,64.1,70.6,-22.4,0.0,Cloudy,normal
2025-08-31 09:00:00,15.0,74.4,75.1,75.8,-23.5,0.0,Clear,normal
2025-08-31 10:00:00,22.5,29.9,64.2,71.1,-21.8,0.0,Clear,normal
2025-08-31 11:00:00,21.0,1.9,65.7,54.0,-21.8,0.0,Cloudy,normal
2025-08-31 12:00:00,27.9,77.4,55.5,72.3,-23.1,0.0,Clear,peak_solar
2025-08-31 13:00:00,24.2,0.2,69.6,54.2,-24.8,0.0,Clear,normal
2025-08-31 14:00:00,9.3,115.9,72.1,73.8,-21.2,0.0,Snow,normal
2025-08-31 15:00:00,13.0,1.3,61.2,55.0,-21.6,0.0,Clear,normal
2025-08-31 16:00:00,2.6,102.4,72.2,67.1,-24.9,0.0,Cloudy,normal
2025-08-31 17:00:00,0.0,2.3,59.8,44.1,-19.3,0.0,Clear,normal
2025-08-31 18:00:00,0.0,16.0,54.5,28.7,-18.1,0.0,Snow,normal
2025-08-31 19:00:00,0.0,11.7,55.8,15.0,-14.5,0.0,Cloudy,storm
2025-08-31 20:00:00,0.0,28.2,61.2,15.0,-20.9,0.0,Cloudy,storm
2025-08-31 21:00:00,0.0,37.6,56.7,15.0,-21.2,0.0,Cloudy,storm
2025-08-31 22:00:00,0.0,11.8,56.4,15.0,-22.6,0.0,Clear,storm
2025-08-31 23:00:00,0.0,0.7,51.0,15.0,-20.0,0.0,Clear,storm
2025-09-01 00:00:00,0.0,120.0,57.3,38.1,-20.2,0.0,Storm,normal
2025-09-01 01:00:00,0.0,41.7,62.5,29.8,-22.8,0.0,Cloudy,normal
2025-09-01 02:00:00,0.0,81.2,59.3,37.8,-21.7,0.0,Clear,normal
2025-09-01 03:00:00,0.0,11.8,61.8,17.8,-26.1,0.0,Clear,normal
2025-09-01 04:00:00,0.0,0.0,54.8,15.0,-20.1,0.0,Storm,storm
2025-09-01 05:00:00,0.0,52.5,61.4,15.0,-24.1,0.0,Snow,storm
2025-09-01 06:00:00,0.0,120.0,55.5,38.7,-22.7,0.0,Storm,normal
2025-09-01 07:00:00,0.0,16.7,64.3,19.7,-25.9,0.0,Cloudy,normal
2025-09-01 08:00:00,4.8,120.0,62.0,42.8,-24.1,0.0,Clear,normal
2025-09-01 09:00:00,11.5,24.7,59.4,33.5,-23.4,0.0,Clear,normal
2025-09-01 10:00:00,15.0,120.0,68.2,58.1,-22.7,0.0,Storm,normal
2025-09-01 11:00:00,26.0,8.0,60.1,47.7,-21.4,0.0,Clear,normal
2025-09-01 12:00:00,9.0,0.3,58.9,27.9,-18.9,0.0,Snow,normal
2025-09-01 13:00:00,20.6,80.6,59.0,43.5,-20.1,0.0,Cloudy,normal
2025-09-01 14:00:00,18.8,120.0,64.6,70.8,-19.2,0.0,Storm,normal
2025-09-01 15:00:00,11.2,27.0,57.6,63.0,-17.8,0.0,Cloudy,normal
2025-09-01 16:00:00,4.5,7.3,68.0,40.6,-19.4,0.0,Clear,normal
2025-09-01 17:00:00,0.0,0.0,66.5,15.0,-20.4,0.0,Cloudy,storm
2025-09-01 18:00:00,0.0,120.0,61.9,36.4,-17.8,0.0,Storm,normal
2025-09-01 19:00:00,0.0,1.5,66.9,15.0,-17.5,0.0,Clear,storm
2025-09-01 20:00:00,0.0,11.2,57.7,15.0,-18.4,0.0,Cloudy,storm
2025-09-01 21:00:00,0.0,10.4,58.6,15.0,-23.1,0.0,Clear,storm
2025-09-01 22:00:00,0.0,33.8,47.7,15.0,-21.9,0.0,Snow,storm
2025-09-01 23:00:00,0.0,120.0,53.8,39.4,-20.9,0.0,Snow,normal
2025-09-02 00:00:00,0.0,0.0,48.4,20.0,-18.7,0.0,Storm,normal
2025-09-02 01:00:00,0.0,88.7,59.5,30.7,-20.9,0.0,Clear,normal
2025-09-02 02:00:00,0.0,0.0,58.7,15.0,-18.7,0.0,Cloudy,storm
2025-09-02 03:00:00,0.0,29.0,52.6,15.0,-18.7,0.0,Cloudy,storm
2025-09-02 04:00:00,0.0,92.2,63.4,25.6,-19.3,0.0,Clear,normal
2025-09-02 05:00:00,0.0,120.0,51.2,50.9,-19.6,0.0,Storm,normal
2025-09-02 06:00:00,0.0,120.0,55.0,74.8,-24.8,0.0,Storm,normal
2025-09-02 07:00:00,0.0,25.8,54.4,63.3,-21.6,0.0,Snow,normal
2025-09-02 08:00:00,3.7,48.4,68.5,56.8,-24.0,0.0,Cloudy,normal
2025-09-02 09:00:00,8.4,69.5,73.1,58.5,-26.3,0.0,Cloudy,normal
2025-09-02 10:00:00,21.1,48.8,69.3,58.8,-23.1,0.0,Clear,normal
2025-09-02 11:00:00,21.5,28.9,61.0,54.5,-19.4,0.0,Cloudy,normal
2025-09-02 12:00:00,23.1,120.0,68.4,82.0,-20.9,0.0,Storm,normal
2025-09-02 13:00:00,15.8,3.6,58.1,66.5,-17.2,0.0,Snow,normal
2025-09-02 14:00:00,16.2,120.0,75.4,88.9,-20.8,0.0,Storm,normal
2025-09-02 15:00:00,17.1,120.0,62.7,95.0,-15.4,0.0,Clear,normal
2025-09-02 16:00:00,3.8,25.8,55.0,84.8,-20.1,0.0,Cloudy,normal
2025-09-02 17:00:00,0.0,2.7,61.2,61.4,-20.1,0.0,Snow,normal
2025-09-02 18:00:00,0.0,40.8,62.7,52.7,-22.7,0.0,Clear,normal
2025-09-02 19:00:00,0.0,120.0,68.8,71.5,-17.3,0.0,Clear,normal
2025-09-02 20:00:00,0.0,0.0,60.1,47.5,-20.8,0.0,Clear,normal
2025-09-02 21:00:00,0.0,0.2,47.2,28.7,-21.2,0.0,Snow,normal
2025-09-02 22:00:00,0.0,0.0,56.2,15.0,-17.1,0.0,Clear,storm
2025-09-02 23:00:00,0.0,82.4,45.0,28.8,-17.6,0.0,Cloudy,normal
2025-09-03 00:00:00,0.0,72.7,51.4,36.6,-17.8,0.0,Cloudy,normal
2025-09-03 01:00:00,0.0,0.4,59.8,15.0,-21.5,0.0,Cloudy,storm
2025-09-03 02:00:00,0.0,1.8,54.7,15.0,-21.2,0.0,Clear,storm
2025-09-03 03:00:00,0.0,63.2,62.3,15.3,-21.6,0.0,Clear,normal
2025-09-03 04:00:00,0.0,0.0,56.7,15.0,-20.1,0.0,Cloudy,storm
2025-09-03 05:00:00,0.0,120.0,50.1,40.7,-18.7,0.0,Cloudy,normal
2025-09-03 06:00:00,0.0,17.9,57.4,24.9,-21.5,0.0,Cloudy,normal
2025-09-03 07:00:00,0.0,33.4,60.2,15.0,-18.2,0.0,Cloudy,storm
2025-09-03 08:00:00,7.0,42.3,64.6,15.0,-20.6,0.0,Clear,storm
2025-09-03 09:00:00,11.0,0.1,68.2,15.0,-23.0,0.0,Cloudy,storm
2025-09-03 10:00:00,9.8,42.8,65.4,15.0,-20.5,0.0,Snow,storm
2025-09-03 11:00:00,27.5,120.0,58.6,47.7,-18.4,0.0,Clear,peak_solar
2025-09-03 12:00:00,23.4,2.9,53.8,36.7,-17.4,0.0,Cloudy,normal
2025-09-03 13:00:00,26.5,1.7,63.4,22.6,-18.8,0.0,Clear,normal
2025-09-03 14:00:00,13.9,120.0,69.9,46.2,-21.0,0.0,Storm,normal
2025-09-03 15:00:00,17.3,1.0,66.6,26.9,-21.1,0.0,Clear,normal
2025-09-03 16:00:00,5.7,9.1,56.7,15.0,-19.0,0.0,Clear,storm
2025-09-03 17:00:00,0.0,120.0,61.1,36.7,-16.3,0.0,Storm,normal
2025-09-03 18:00:00,0.0,0.0,65.6,15.0,-18.8,0.0,Snow,storm
2025-09-03 19:00:00,0.0,23.5,66.4,15.0,-18.6,0.0,Cloudy,storm
2025-09-03 20:00:00,0.0,120.0,65.0,35.3,-19.4,0.0,Snow,normal
2025-09-03 21:00:00,0.0,28.2,56.4,24.0,-20.3,0.0,Cloudy,normal
2025-09-03 22:00:00,0.0,0.0,52.6,15.0,-20.1,0.0,Snow,storm
2025-09-03 23:00:00,0.0,0.2,54.0,15.0,-19.7,0.0,Cloudy,storm
2025-09-04 00:00:00,0.0,0.0,55.5,15.0,-16.4,0.0,Cloudy,storm
2025-09-04 01:00:00,0.0,18.9,52.7,15.0,-21.0,0.0,Clear,storm
2025-09-04 02:00:00,0.0,90.9,52.4,29.2,-20.8,0.0,Cloudy,normal
2025-09-04 03:00:00,0.0,2.8,61.1,15.0,-23.2,0.0,Clear,storm
2025-09-04 04:00:00,0.0,11.5,56.7,15.0,-20.1,0.0,Snow,storm
2025-09-04 05:00:00,0.0,11.3,59.9,15.0,-19.0,0.0,Cloudy,storm
2025-09-04 06:00:00,0.0,120.0,57.3,38.1,-18.6,0.0,Storm,normal
2025-09-04 07:00:00,0.0,60.0,54.8,40.0,-21.9,0.0,Cloudy,normal
2025-09-04 08:00:00,3.2,41.9,70.4,29.9,-21.1,0.0,Snow,normal
2025-09-04 09:00:00,13.8,120.0,67.0,54.4,-22.7,0.0,Storm,normal
2025-09-04 10:00:00,19.2,0.0,66.9,35.4,-21.0,0.0,Clear,normal
2025-09-04 11:00:00,20.7,57.9,63.0,41.1,-21.3,0.0,Cloudy,normal
2025-09-04 12:00:00,29.3,5.4,66.6,28.3,-21.5,0.0,Clear,normal
2025-09-04 13:00:00,24.8,120.0,62.0,58.8,-21.0,0.0,Storm,peak_solar
2025-09-04 14:00:00,16.8,120.0,54.5,89.0,-19.9,0.0,Storm,normal
2025-09-04 15:00:00,14.0,5.4,71.6,68.2,-21.2,0.0,Clear,normal
2025-09-04 16:00:00,7.4,14.1,60.3,52.6,-20.7,0.0,Clear,normal
2025-09-04 17:00:00,0.0,0.7,57.0,30.1,-16.1,0.0,Cloudy,normal
2025-09-04 18:00:00,0.0,120.0,54.2,54.3,-13.6,0.0,Storm,normal
2025-09-04 19:00:00,0.0,120.0,72.5,71.8,-22.1,0.0,Snow,normal
2025-09-04 20:00:00,0.0,16.8,67.3,51.6,-22.2,0.0,Cloudy,normal
2025-09-04 21:00:00,0.0,16.2,59.3,34.3,-21.6,0.0,Clear,normal
2025-09-04 22:00:00,0.0,7.3,58.8,15.0,-19.8,0.0,Snow,storm
2025-09-04 23:00:00,0.0,120.0,56.1,38.5,-17.9,0.0,Storm,normal
2025-09-05 00:00:00,0.0,21.7,54.7,25.3,-18.7,0.0,Clear,normal
2025-09-05 01:00:00,0.0,8.2,55.9,15.0,-20.0,0.0,Cloudy,storm
2025-09-05 02:00:00,0.0,120.0,60.7,36.8,-19.6,0.0,Cloudy,normal
2025-09-05 03:00:00,0.0,0.0,53.0,15.6,-22.7,0.0,Cloudy,normal
2025-09-05 04:00:00,0.0,13.1,53.6,15.0,-22.0,0.0,Clear,storm
2025-09-05 05:00:00,0.0,120.0,59.5,37.2,-21.8,0.0,Storm,normal
2025-09-05 06:00:00,0.0,120.0,62.0,58.6,-25.5,0.0,Storm,normal
2025-09-05 07:00:00,0.0,3.3,58.4,36.5,-24.7,0.0,Cloudy,normal
2025-09-05 08:00:00,3.7,115.1,77.3,51.8,-24.7,0.0,Snow,normal
2025-09-05 09:00:00,14.8,3.2,58.9,35.5,-20.5,0.0,Clear,normal
2025-09-05 10:00:00,10.4,0.0,64.8,15.0,-21.5,0.0,Storm,storm
2025-09-05 11:00:00,31.7,48.8,64.8,20.8,-20.5,0.0,Clear,peak_solar
2025-09-05 12:00:00,23.5,120.0,67.0,49.0,-25.5,0.0,Clear,normal
2025-09-05 13:00:00,26.3,0.0,64.8,33.5,-24.4,0.0,Clear,normal
2025-09-05 14:00:00,12.1,6.9,61.2,16.6,-19.3,0.0,Snow,normal
2025-09-05 15:00:00,11.2,120.0,76.0,36.9,-26.5,0.0,Cloudy,normal
2025-09-05 16:00:00,5.9,0.0,58.9,15.8,-17.3,0.0,Cloudy,normal
2025-09-05 17:00:00,0.0,48.6,68.4,15.0,-23.7,0.0,Clear,storm
2025-09-05 18:00:00,0.0,120.0,58.3,37.7,-17.6,0.0,Storm,normal
2025-09-05 19:00:00,0.0,120.0,67.2,57.1,-21.3,0.0,Storm,normal
2025-09-05 20:00:00,0.0,120.0,64.3,77.6,-16.9,0.0,Clear,normal
2025-09-05 21:00:00,0.0,8.5,46.5,62.4,-12.2,0.0,Clear,normal
2025-09-05 22:00:00,0.0,0.1,62.2,37.6,-24.4,0.0,Cloudy,normal
2025-09-05 23:00:00,0.0,27.0,52.8,27.3,-18.2,0.0,Clear,normal
2025-09-06 00:00:00,0.0,120.0,59.0,49.7,-23.8,0.0,Cloudy,normal
2025-09-06 01:00:00,0.0,0.6,56.1,27.5,-19.3,0.0,Clear,normal
2025-09-06 02:00:00,0.0,120.0,57.3,50.6,-21.0,0.0,Storm,normal
2025-09-06 03:00:00,0.0,55.6,56.7,50.2,-20.7,0.0,Cloudy,normal
2025-09-06 04:00:00,0.0,1.6,52.4,29.9,-23.3,0.0,Cloudy,normal
2025-09-06 05:00:00,0.0,0.0,50.0,15.0,-19.9,0.0,Clear,storm
2025-09-06 06:00:00,0.0,0.0,53.2,15.0,-25.1,0.0,Snow,storm
2025-09-06 07:00:00,0.0,23.8,48.7,15.0,-19.3,0.0,Clear,storm
2025-09-06 08:00:00,3.0,120.0,67.8,35.3,-23.0,0.0,Storm,normal
2025-09-06 09:00:00,15.5,1.8,66.7,15.5,-25.1,0.0,Clear,normal
2025-09-06 10:00:00,16.7,120.0,58.9,44.1,-18.4,0.0,Storm,normal
2025-09-06 11:00:00,18.1,0.0,72.0,22.6,-21.8,0.0,Cloudy,normal
2025-09-06 12:00:00,32.6,38.1,64.9,24.7,-17.1,0.0,Clear,peak_solar
2025-09-06 13:00:00,27.4,28.6,54.9,25.1,-18.3,0.0,Clear,peak_solar
2025-09-06 14:00:00,13.9,90.9,61.8,40.9,-22.3,0.0,Cloudy,normal
2025-09-06 15:00:00,7.8,53.1,59.6,41.4,-20.4,0.0,Snow,normal
2025-09-06 16:00:00,5.9,8.0,62.8,21.8,-19.6,0.0,Cloudy,normal
2025-09-06 17:00:00,0.0,8.2,54.0,15.0,-16.2,0.0,Cloudy,storm
2025-09-06 18:00:00,0.0,120.0,58.6,37.6,-18.3,0.0,Storm,normal
2025-09-06 19:00:00,0.0,44.0,63.4,29.9,-18.7,0.0,Clear,normal
2025-09-06 20:00:00,0.0,0.0,62.0,15.0,-19.5,0.0,Snow,storm
2025-09-06 21:00:00,0.0,11.3,49.0,15.0,-19.2,0.0,Snow,storm
2025-09-06 22:00:00,0.0,15.1,51.8,15.0,-16.4,0.0,Cloudy,storm
2025-09-06 23:00:00,0.0,14.8,55.0,15.0,-19.5,0.0,Cloudy,storm
2025-09-07 00:00:00,0.0,120.0,56.4,38.4,-20.5,0.0,Cloudy,normal
2025-09-07 01:00:00,0.0,4.4,50.7,19.9,-21.3,0.0,Cloudy,normal
2025-09-07 02:00:00,0.0,65.2,60.5,21.6,-21.6,0.0,Snow,normal
2025-09-07 03:00:00,0.0,120.0,56.9,44.8,-23.9,0.0,Storm,normal
2025-09-07 04:00:00,0.0,120.0,53.2,69.4,-22.8,0.0,Storm,normal
2025-09-07 05:00:00,0.0,3.0,53.5,49.2,-18.2,0.0,Cloudy,normal
2025-09-07 06:00:00,0.0,47.2,59.8,44.2,-22.2,0.0,Cloudy,normal
2025-09-07 07:00:00,0.0,0.0,57.7,21.1,-20.3,0.0,Clear,normal
2025-09-07 08:00:00,5.3,120.0,75.6,39.4,-27.4,0.0,Cloudy,normal
2025-09-07 09:00:00,10.3,0.0,61.1,19.1,-20.6,0.0,Cloudy,normal
2025-09-07 10:00:00,15.4,31.8,58.6,15.0,-22.1,0.0,Cloudy,storm
2025-09-07 11:00:00,18.5,21.2,64.2,15.0,-22.5,0.0,Cloudy,storm
2025-09-07 12:00:00,24.5,120.0,52.5,48.8,-20.8,0.0,Storm,peak_solar
2025-09-07 13:00:00,17.0,66.4,61.6,56.9,-21.9,0.0,Cloudy,normal
2025-09-07 14:00:00,14.2,20.7,66.8,44.2,-25.1,0.0,Cloudy,normal
2025-09-07 15:00:00,21.5,120.0,59.0,74.5,-18.0,0.0,Clear,normal
2025-09-07 16:00:00,5.5,120.0,64.1,95.0,-19.1,0.0,Storm,normal
2025-09-07 17:00:00,0.0,0.0,63.0,69.8,-20.1,0.0,Clear,normal
2025-09-07 18:00:00,0.0,3.9,66.1,44.9,-21.3,0.0,Clear,normal
2025-09-07 19:00:00,0.0,120.0,66.3,64.7,-22.2,0.0,Storm,normal
2025-09-07 20:00:00,0.0,0.0,55.5,42.5,-18.4,0.0,Storm,normal
2025-09-07 21:00:00,0.0,1.6,52.8,22.0,-15.4,0.0,Clear,normal
2025-09-07 22:00:00,0.0,120.0,51.5,47.2,-18.7,0.0,Storm,normal
2025-09-07 23:00:00,0.0,1.5,58.3,24.5,-22.4,0.0,Cloudy,normal
2025-09-08 00:00:00,0.0,0.2,55.8,15.0,-19.0,0.0,Snow,storm
2025-09-08 01:00:00,0.0,23.0,51.8,15.0,-20.0,0.0,Cloudy,storm
2025-09-08 02:00:00,0.0,120.0,50.6,40.5,-18.4,0.0,Storm,normal
2025-09-08 03:00:00,0.0,15.4,54.4,24.9,-19.3,0.0,Clear,normal
2025-09-08 04:00:00,0.0,120.0,60.7,46.7,-27.6,0.0,Storm,normal
2025-09-08 05:00:00,0.0,120.0,62.0,68.1,-20.1,0.0,Storm,normal
2025-09-08 06:00:00,0.0,6.8,58.8,47.3,-23.8,0.0,Cloudy,normal
2025-09-08 07:00:00,0.1,6.1,55.2,27.7,-24.8,0.0,Cloudy,normal
2025-09-08 08:00:00,8.7,16.8,73.5,15.0,-22.2,0.0,Clear,storm
2025-09-08 09:00:00,14.6,34.8,65.2,15.0,-20.8,0.0,Clear,storm
2025-09-08 10:00:00,19.8,24.3,68.0,15.0,-25.2,0.0,Clear,storm
2025-09-08 11:00:00,17.6,45.0,68.9,15.0,-19.8,0.0,Cloudy,storm
2025-09-08 12:00:00,23.4,8.9,63.5,15.0,-19.3,0.0,Clear,storm
2025-09-08 13:00:00,25.2,0.1,63.2,15.0,-20.5,0.0,Clear,storm
2025-09-08 14:00:00,25.1,120.0,58.8,46.8,-22.2,0.0,Storm,peak_solar
2025-09-08 15:00:00,17.8,3.8,55.8,33.0,-22.0,0.0,Clear,normal
2025-09-08 16:00:00,8.1,0.0,65.2,15.0,-17.3,0.0,Cloudy,storm
2025-09-08 17:00:00,0.1,120.0,66.7,34.6,-22.5,0.0,Snow,normal
2025-09-08 18:00:00,0.0,0.4,58.8,15.0,-16.6,0.0,Cloudy,storm
2025-09-08 19:00:00,0.0,120.0,61.6,36.5,-19.2,0.0,Cloudy,normal
2025-09-08 20:00:00,0.0,3.1,63.2,15.0,-19.0,0.0,Clear,storm
2025-09-08 21:00:00,0.0,0.0,60.1,15.0,-22.6,0.0,Storm,storm
2025-09-08 22:00:00,0.0,120.0,51.2,40.3,-19.3,0.0,Storm,normal
2025-09-08 23:00:00,0.0,19.3,53.7,26.6,-17.9,0.0,Clear,normal
2025-09-09 00:00:00,0.0,120.0,59.4,48.9,-22.3,0.0,Cloudy,normal
2025-09-09 01:00:00,0.0,72.2,51.6,56.5,-18.6,0.0,Cloudy,normal
2025-09-09 02:00:00,0.0,2.6,46.0,39.1,-19.9,0.0,Snow,normal
2025-09-09 03:00:00,0.0,120.0,53.8,63.5,-21.9,0.0,Cloudy,normal
2025-09-09 04:00:00,0.0,43.4,48.8,61.3,-19.0,0.0,Clear,normal
2025-09-09 05:00:00,0.0,62.7,65.7,60.1,-26.0,0.0,Snow,normal
2025-09-09 06:00:00,0.0,120.0,51.8,85.2,-20.6,0.0,Snow,normal
2025-09-09 07:00:00,1.0,26.1,49.0,76.4,-18.0,0.0,Clear,normal
2025-09-09 08:00:00,9.2,1.4,58.8,57.1,-18.4,0.0,Clear,normal
2025-09-09 09:00:00,15.3,120.0,67.0,82.2,-20.7,0.0,Clear,normal
2025-09-09 10:00:00,10.9,120.0,68.6,95.0,-22.1,0.0,Storm,normal
2025-09-09 11:00:00,26.6,120.0,62.4,95.0,-22.6,0.0,Storm,peak_solar
2025-09-09 12:00:00,20.0,120.0,62.7,95.0,-21.5,0.0,Storm,normal
2025-09-09 13:00:00,13.4,88.4,61.6,95.0,-19.3,0.0,Snow,normal
2025-09-09 14:00:00,12.5,0.0,70.5,71.8,-21.9,0.0,Snow,normal
2025-09-09 15:00:00,8.3,0.0,52.8,54.0,-18.0,0.0,Storm,normal
2025-09-09 16:00:00,7.8,120.0,52.0,81.9,-14.7,0.0,Cloudy,normal
2025-09-09 17:00:00,0.3,10.7,71.9,57.5,-19.2,0.0,Snow,normal
2025-09-09 18:00:00,0.0,120.0,69.5,76.1,-21.8,0.0,Storm,normal
2025-09-09 19:00:00,0.0,0.2,58.6,52.7,-21.6,0.0,Clear,normal
2025-09-09 20:00:00,0.0,120.0,72.4,70.2,-16.9,0.0,Clear,normal
2025-09-09 21:00:00,0.0,14.9,56.4,53.6,-18.8,0.0,Clear,normal
2025-09-09 22:00:00,0.0,0.3,52.4,32.8,-16.9,0.0,Snow,normal
2025-09-09 23:00:00,0.0,0.2,61.1,15.0,-20.2,0.0,Cloudy,storm
2025-09-10 00:00:00,0.0,104.8,48.9,35.6,-17.4,0.0,Clear,normal
2025-09-10 01:00:00,0.0,120.0,53.0,60.2,-19.9,0.0,Cloudy,normal
2025-09-10 02:00:00,0.0,0.9,56.8,37.9,-21.5,0.0,Cloudy,normal
2025-09-10 03:00:00,0.0,15.4,58.2,20.8,-21.2,0.0,Snow,normal
2025-09-10 04:00:00,0.0,81.8,59.6,28.9,-23.3,0.0,Snow,normal
2025-09-10 05:00:00,0.0,6.1,52.4,15.0,-16.6,0.0,Clear,storm
2025-09-10 06:00:00,0.0,120.0,54.8,39.0,-21.4,0.0,Storm,normal
2025-09-10 07:00:00,1.1,107.9,56.4,58.3,-20.0,0.0,Cloudy,normal
2025-09-10 08:00:00,9.9,25.9,66.7,46.0,-22.6,0.0,Clear,normal
2025-09-10 09:00:00,14.3,120.0,66.7,70.9,-23.7,0.0,Storm,normal
2025-09-10 10:00:00,14.8,120.0,63.6,95.0,-21.7,0.0,Cloudy,normal
2025-09-10 11:00:00,20.8,83.6,59.5,95.0,-18.6,0.0,Cloudy,normal
2025-09-10 12:00:00,28.9,112.9,58.9,95.0,-21.8,0.0,Clear,peak_solar
2025-09-10 13:00:00,20.0,120.0,70.9,95.0,-22.2,0.0,Storm,normal
2025-09-10 14:00:00,26.5,4.2,65.6,81.0,-19.6,0.0,Clear,normal
2025-09-10 15:00:00,8.3,0.0,65.4,58.2,-18.4,0.0,Snow,normal
2025-09-10 16:00:00,10.2,120.0,54.0,86.2,-15.6,0.0,Storm,normal
2025-09-10 17:00:00,1.0,43.4,59.1,80.4,-18.1,0.0,Cloudy,normal
2025-09-10 18:00:00,0.0,8.4,59.9,59.7,-17.2,0.0,Clear,normal
2025-09-10 19:00:00,0.0,1.3,61.3,35.7,-16.9,0.0,Cloudy,normal
2025-09-10 20:00:00,0.0,0.6,60.9,15.0,-21.0,0.0,Cloudy,storm
2025-09-10 21:00:00,0.0,57.4,62.5,15.0,-20.6,0.0,Snow,storm
2025-09-10 22:00:00,0.0,33.2,59.5,15.0,-21.0,0.0,Snow,storm
2025-09-10 23:00:00,0.0,120.0,57.5,38.0,-21.8,0.0,Storm,normal
2025-09-11 00:00:00,0.0,120.0,53.5,62.5,-17.3,0.0,Clear,normal
2025-09-11 01:00:00,0.0,120.0,52.8,87.2,-18.7,0.0,Clear,normal
2025-09-11 02:00:00,0.0,120.0,51.9,95.0,-19.6,0.0,Storm,normal
2025-09-11 03:00:00,0.0,64.9,51.3,95.0,-25.9,0.0,Cloudy,normal
2025-09-11 04:00:00,0.0,120.0,54.5,95.0,-16.0,0.0,Storm,normal
2025-09-11 05:00:00,0.0,3.3,58.0,73.1,-22.8,0.0,Cloudy,normal
2025-09-11 06:00:00,0.0,120.0,56.2,95.0,-16.5,0.0,Storm,normal
2025-09-11 07:00:00,1.5,0.0,61.7,70.9,-24.4,0.0,Cloudy,normal
2025-09-11 08:00:00,8.4,0.0,65.9,47.9,-23.0,0.0,Cloudy,normal
2025-09-11 09:00:00,14.0,0.1,69.5,25.8,-26.1,0.0,Cloudy,normal
2025-09-11 10:00:00,18.7,26.1,60.4,19.6,-20.3,0.0,Cloudy,normal
2025-09-11 11:00:00,24.2,0.0,61.4,15.0,-23.2,0.0,Clear,storm
2025-09-11 12:00:00,17.3,23.5,61.9,15.0,-22.9,0.0,Cloudy,storm
2025-09-11 13:00:00,20.0,10.2,62.4,15.0,-23.2,0.0,Cloudy,storm
2025-09-11 14:00:00,27.1,0.0,60.2,15.0,-18.0,0.0,Storm,storm
2025-09-11 15:00:00,14.7,0.0,63.9,15.0,-17.8,0.0,Cloudy,storm
2025-09-11 16:00:00,11.9,50.3,60.7,15.5,-15.0,0.0,Clear,normal
2025-09-11 17:00:00,1.9,120.0,57.1,39.4,-20.2,0.0,Clear,normal
2025-09-11 18:00:00,0.0,0.0,64.4,15.0,-18.0,0.0,Cloudy,storm
2025-09-11 19:00:00,0.0,120.0,64.7,35.4,-21.1,0.0,Storm,normal
2025-09-11 20:00:00,0.0,120.0,64.8,55.7,-19.0,0.0,Clear,normal
2025-09-11 21:00:00,0.0,120.0,56.6,79.0,-19.5,0.0,Storm,normal
2025-09-11 22:00:00,0.0,71.9,45.7,88.7,-17.4,0.0,Snow,normal
2025-09-11 23:00:00,0.0,2.1,52.3,68.6,-16.5,0.0,Cloudy,normal
2025-09-12 00:00:00,0.0,0.0,57.6,45.6,-16.7,0.0,Snow,normal
2025-09-12 01:00:00,0.0,120.0,51.4,70.8,-21.1,0.0,Storm,normal
2025-09-12 02:00:00,0.0,8.4,48.7,54.7,-17.4,0.0,Clear,normal
2025-09-12 03:00:00,0.0,0.0,47.1,35.8,-20.1,0.0,Clear,normal
2025-09-12 04:00:00,0.0,11.8,54.3,18.8,-21.1,0.0,Snow,normal
2025-09-12 05:00:00,0.0,31.8,51.3,15.0,-22.2,0.0,Clear,storm
2025-09-12 06:00:00,0.0,120.0,53.7,39.4,-22.1,0.0,Storm,normal
2025-09-12 07:00:00,2.9,15.6,53.2,25.5,-17.2,0.0,Clear,normal
2025-09-12 08:00:00,6.9,32.4,66.7,15.0,-20.4,0.0,Cloudy,storm
2025-09-12 09:00:00,19.0,34.0,55.9,15.0,-20.7,0.0,Clear,storm
2025-09-12 10:00:00,15.8,120.0,62.7,41.9,-21.5,0.0,Storm,normal
2025-09-12 11:00:00,26.4,2.3,57.4,30.4,-15.3,0.0,Clear,normal
2025-09-12 12:00:00,20.5,97.7,60.0,51.8,-17.5,0.0,Cloudy,normal
2025-09-12 13:00:00,16.8,6.0,67.8,33.8,-21.6,0.0,Cloudy,normal
2025-09-12 14:00:00,21.8,120.0,66.4,61.6,-20.2,0.0,Storm,normal
2025-09-12 15:00:00,10.1,120.0,66.2,85.1,-19.7,0.0,Storm,normal
2025-09-12 16:00:00,7.5,50.5,62.5,83.3,-18.5,0.0,Cloudy,normal
2025-09-12 17:00:00,2.0,81.8,62.1,91.3,-20.1,0.0,Cloudy,normal
2025-09-12 18:00:00,0.0,16.8,58.3,74.7,-17.3,0.0,Snow,normal
2025-09-12 19:00:00,0.0,0.0,60.3,50.6,-14.9,0.0,Cloudy,normal
2025-09-12 20:00:00,0.0,34.8,60.6,40.2,-21.0,0.0,Clear,normal
2025-09-12 21:00:00,0.0,26.5,52.3,29.9,-20.6,0.0,Snow,normal
2025-09-12 22:00:00,0.0,10.8,56.4,15.0,-19.4,0.0,Snow,storm
2025-09-12 23:00:00,0.0,15.8,57.5,15.0,-19.5,0.0,Cloudy,storm
2025-09-13 00:00:00,0.0,99.7,49.3,33.5,-14.3,0.0,Cloudy,normal
2025-09-13 01:00:00,0.0,81.2,54.3,43.4,-16.8,0.0,Snow,normal
2025-09-13 02:00:00,0.0,17.0,51.2,29.7,-17.3,0.0,Cloudy,normal
2025-09-13 03:00:00,0.0,120.0,54.8,53.7,-20.4,0.0,Storm,normal
2025-09-13 04:00:00,0.0,0.0,57.3,30.8,-20.8,0.0,Clear,normal
2025-09-13 05:00:00,0.0,2.8,55.6,15.0,-23.7,0.0,Snow,storm
2025-09-13 06:00:00,0.0,120.0,56.9,38.2,-19.0,0.0,Storm,normal
2025-09-13 07:00:00,2.6,0.0,53.8,17.8,-19.8,0.0,Cloudy,normal
2025-09-13 08:00:00,6.0,0.0,60.4,15.0,-18.1,0.0,Snow,storm
2025-09-13 09:00:00,17.5,2.7,64.6,15.0,-21.3,0.0,Clear,storm
2025-09-13 10:00:00,17.0,27.2,67.3,15.0,-21.0,0.0,Cloudy,storm
2025-09-13 11:00:00,17.5,6.7,54.3,15.0,-20.1,0.0,Cloudy,storm
2025-09-13 12:00:00,28.8,55.1,56.1,25.2,-18.2,0.0,Clear,peak_solar
2025-09-13 13:00:00,14.8,0.0,70.1,15.0,-23.0,0.0,Snow,storm
2025-09-13 14:00:00,20.5,1.6,62.8,15.0,-17.8,0.0,Cloudy,storm
2025-09-13 15:00:00,17.6,120.0,60.3,43.4,-19.1,0.0,Clear,normal
2025-09-13 16:00:00,10.7,97.7,64.3,59.7,-21.0,0.0,Clear,normal
2025-09-13 17:00:00,3.0,3.8,68.3,35.1,-22.9,0.0,Clear,normal
2025-09-13 18:00:00,0.0,45.6,67.6,26.3,-18.4,0.0,Snow,normal
2025-09-13 19:00:00,0.0,25.6,56.1,15.0,-14.8,0.0,Clear,storm
2025-09-13 20:00:00,0.0,27.9,62.5,15.0,-14.2,0.0,Cloudy,storm
2025-09-13 21:00:00,0.0,67.7,54.5,19.9,-17.2,0.0,Cloudy,normal
2025-09-13 22:00:00,0.0,120.0,45.1,47.4,-13.8,0.0,Storm,normal
2025-09-13 23:00:00,0.0,120.0,51.0,72.8,-18.4,0.0,Storm,normal
2025-09-14 00:00:00,0.0,0.0,56.2,50.3,-16.4,0.0,Cloudy,normal
2025-09-14 01:00:00,0.0,13.9,60.5,31.7,-19.8,0.0,Snow,normal
2025-09-14 02:00:00,0.0,0.1,55.2,15.0,-20.4,0.0,Cloudy,storm
2025-09-14 03:00:00,0.0,82.7,60.5,23.2,-21.1,0.0,Cloudy,normal
2025-09-14 04:00:00,0.0,16.7,60.9,15.0,-24.5,0.0,Cloudy,storm
2025-09-14 05:00:00,0.0,120.0,52.2,39.9,-17.5,0.0,Storm,normal
2025-09-14 06:00:00,0.0,31.2,57.7,29.3,-21.9,0.0,Clear,normal
2025-09-14 07:00:00,3.0,120.0,51.8,55.5,-22.4,0.0,Storm,normal
2025-09-14 08:00:00,4.9,120.0,65.2,77.5,-23.3,0.0,Storm,normal
2025-09-14 09:00:00,15.3,120.0,62.0,95.0,-21.1,0.0,Storm,normal
2025-09-14 10:00:00,18.0,0.0,63.7,76.7,-16.7,0.0,Cloudy,normal
2025-09-14 11:00:00,14.2,64.9,59.7,83.9,-15.7,0.0,Snow,normal
2025-09-14 12:00:00,8.4,10.2,65.6,65.0,-23.6,0.0,Snow,normal
2025-09-14 13:00:00,29.9,16.8,67.8,56.6,-20.4,0.0,Clear,normal
2025-09-14 14:00:00,19.4,120.0,58.4,86.4,-21.5,0.0,Storm,normal
2025-09-14 15:00:00,22.7,12.8,55.9,78.2,-16.7,0.0,Clear,normal
2025-09-14 16:00:00,13.3,37.0,66.0,72.0,-17.9,0.0,Clear,normal
2025-09-14 17:00:00,3.0,43.2,65.2,64.4,-19.6,0.0,Cloudy,normal
2025-09-14 18:00:00,0.0,0.0,54.5,42.6,-17.8,0.0,Clear,normal
2025-09-14 19:00:00,0.0,7.5,62.7,20.5,-18.8,0.0,Cloudy,normal
2025-09-14 20:00:00,0.0,120.0,52.1,45.5,-14.2,0.0,Storm,normal
2025-09-14 21:00:00,0.0,0.0,49.9,25.6,-16.6,0.0,Cloudy,normal
2025-09-14 22:00:00,0.0,120.0,53.3,50.1,-16.5,0.0,Cloudy,normal
2025-09-14 23:00:00,0.0,0.9,58.9,26.9,-24.0,0.0,Cloudy,normal
2025-09-15 00:00:00,0.0,9.2,53.2,15.0,-18.5,0.0,Cloudy,storm
2025-09-15 01:00:00,0.0,120.0,45.8,42.3,-14.1,0.0,Cloudy,normal
2025-09-15 02:00:00,0.0,0.1,55.7,20.1,-16.1,0.0,Cloudy,normal
2025-09-15 03:00:00,0.0,12.4,60.5,15.0,-23.5,0.0,Cloudy,storm
2025-09-15 04:00:00,0.0,0.0,52.3,15.0,-20.5,0.0,Cloudy,storm
2025-09-15 05:00:00,0.0,90.3,58.3,26.8,-22.8,0.0,Cloudy,normal
2025-09-15 06:00:00,0.0,1.6,50.4,15.0,-16.6,0.0,Clear,storm
2025-09-15 07:00:00,3.2,0.0,52.8,15.0,-20.0,0.0,Cloudy,storm
2025-09-15 08:00:00,4.5,30.8,65.8,15.0,-22.2,0.0,Snow,storm
2025-09-15 09:00:00,13.4,0.0,70.1,15.0,-20.4,0.0,Cloudy,storm
2025-09-15 10:00:00,16.1,8.3,65.6,15.0,-26.1,0.0,Cloudy,storm
2025-09-15 11:00:00,24.7,1.0,67.8,15.0,-22.5,0.0,Clear,storm
2025-09-15 12:00:00,25.9,54.9,66.1,20.4,-19.7,0.0,Clear,peak_solar
2025-09-15 13:00:00,22.2,58.1,62.6,26.9,-17.6,0.0,Cloudy,normal
2025-09-15 14:00:00,21.5,2.4,70.0,15.0,-23.3,0.0,Clear,storm
2025-09-15 15:00:00,15.6,120.0,62.2,42.0,-19.5,0.0,Storm,normal
2025-09-15 16:00:00,15.4,120.0,61.1,69.3,-16.1,0.0,Storm,normal
2025-09-15 17:00:00,2.3,0.4,64.7,44.5,-21.2,0.0,Snow,normal
2025-09-15 18:00:00,0.0,0.0,55.2,22.5,-17.3,0.0,Storm,normal
2025-09-15 19:00:00,0.0,120.0,56.3,45.9,-17.5,0.0,Cloudy,normal
2025-09-15 20:00:00,0.0,72.5,61.0,50.1,-13.8,0.0,Clear,normal
2025-09-15 21:00:00,0.0,85.6,51.3,62.8,-18.1,0.0,Clear,normal
2025-09-15 22:00:00,0.0,0.0,51.8,42.0,-18.1,0.0,Clear,normal
2025-09-15 23:00:00,0.0,120.0,54.2,66.3,-16.1,0.0,Storm,normal
2025-09-16 00:00:00,0.0,0.0,55.5,44.1,-21.0,0.0,Cloudy,normal
2025-09-16 01:00:00,0.0,83.2,56.8,53.8,-19.0,0.0,Clear,normal
2025-09-16 02:00:00,0.0,120.0,54.5,77.9,-19.9,0.0,Storm,normal
2025-09-16 03:00:00,0.0,0.6,50.5,58.0,-19.6,0.0,Snow,normal
2025-09-16 04:00:00,0.0,120.0,56.9,81.2,-17.8,0.0,Clear,normal
2025-09-16 05:00:00,0.0,39.7,50.4,76.9,-18.7,0.0,Cloudy,normal
2025-09-16 06:00:00,0.0,120.0,61.8,95.0,-21.8,0.0,Storm,normal
2025-09-16 07:00:00,3.2,120.0,57.3,95.0,-20.0,0.0,Storm,normal
2025-09-16 08:00:00,13.8,120.0,58.0,95.0,-17.1,0.0,Storm,normal
2025-09-16 09:00:00,5.6,120.0,67.6,95.0,-22.2,0.0,Storm,normal
2025-09-16 10:00:00,23.1,0.0,61.0,79.8,-19.9,0.0,Clear,normal
2025-09-16 11:00:00,22.1,0.4,60.3,64.7,-20.4,0.0,Cloudy,normal
2025-09-16 12:00:00,13.1,107.6,63.6,85.6,-19.8,0.0,Snow,normal
2025-09-16 13:00:00,17.0,120.0,69.0,95.0,-22.9,0.0,Storm,normal
2025-09-16 14:00:00,18.0,0.1,59.9,78.3,-15.8,0.0,Cloudy,normal
2025-09-16 15:00:00,21.4,120.0,60.2,95.0,-20.2,0.0,Clear,normal
2025-09-16 16:00:00,9.9,120.0,53.5,95.0,-15.9,0.0,Storm,normal
2025-09-16 17:00:00,2.9,120.0,61.5,95.0,-19.2,0.0,Storm,normal
2025-09-16 18:00:00,0.0,120.0,57.6,95.0,-19.0,0.0,Cloudy,normal
2025-09-16 19:00:00,0.0,24.7,57.4,81.9,-14.8,0.0,Cloudy,normal
2025-09-16 20:00:00,0.0,21.2,58.1,67.2,-15.2,0.0,Cloudy,normal
2025-09-16 21:00:00,0.0,0.0,54.8,45.2,-17.0,0.0,Storm,normal
2025-09-16 22:00:00,0.0,0.0,53.5,23.8,-15.9,0.0,Cloudy,normal
2025-09-16 23:00:00,0.0,5.1,57.4,15.0,-18.5,0.0,Snow,storm
2025-09-17 00:00:00,0.0,0.4,52.9,15.0,-18.0,0.0,Clear,storm
2025-09-17 01:00:00,0.0,0.0,53.2,15.0,-19.8,0.0,Cloudy,storm
2025-09-17 02:00:00,0.0,120.0,53.5,39.5,-16.7,0.0,Cloudy,normal
2025-09-17 03:00:00,0.0,96.7,57.3,54.0,-20.6,0.0,Cloudy,normal
2025-09-17 04:00:00,0.0,31.8,52.7,45.6,-16.2,0.0,Cloudy,normal
2025-09-17 05:00:00,0.0,96.7,63.1,58.0,-20.5,0.0,Cloudy,normal
2025-09-17 06:00:00,0.0,120.0,57.7,80.9,-20.0,0.0,Storm,normal
2025-09-17 07:00:00,4.7,15.3,58.2,65.6,-18.5,0.0,Clear,normal
2025-09-17 08:00:00,6.2,114.8,58.8,88.5,-20.1,0.0,Snow,normal
2025-09-17 09:00:00,14.9,11.2,59.9,75.0,-20.8,0.0,Cloudy,normal
2025-09-17 10:00:00,18.0,120.0,60.0,95.0,-20.1,0.0,Cloudy,normal
2025-09-17 11:00:00,22.9,120.0,60.9,95.0,-17.8,0.0,Storm,normal
2025-09-17 12:00:00,27.6,120.0,63.3,95.0,-20.9,0.0,Storm,peak_solar
2025-09-17 13:00:00,8.9,120.0,63.4,95.0,-19.4,0.0,Storm,normal
2025-09-17 14:00:00,19.7,5.1,68.3,77.6,-18.7,0.0,Cloudy,normal
2025-09-17 15:00:00,16.1,1.8,59.0,61.1,-16.4,0.0,Cloudy,normal
2025-09-17 16:00:00,9.6,91.5,63.1,75.1,-18.2,0.0,Cloudy,normal
2025-09-17 17:00:00,4.2,5.8,57.0,56.3,-13.7,0.0,Cloudy,normal
2025-09-17 18:00:00,0.0,120.0,65.0,76.6,-17.7,0.0,Cloudy,normal
2025-09-17 19:00:00,0.0,53.3,63.4,72.5,-17.8,0.0,Snow,normal
2025-09-17 20:00:00,0.0,0.5,60.4,48.6,-17.6,0.0,Cloudy,normal
2025-09-17 21:00:00,0.0,102.4,59.0,64.6,-20.1,0.0,Clear,normal
2025-09-17 22:00:00,0.0,0.8,57.1,42.0,-19.7,0.0,Cloudy,normal
2025-09-17 23:00:00,0.0,120.0,57.3,65.1,-18.8,0.0,Storm,normal
2025-09-18 00:00:00,0.0,16.2,50.5,51.4,-15.3,0.0,Snow,normal
2025-09-18 01:00:00,0.0,1.7,55.9,29.7,-18.2,0.0,Cloudy,normal
2025-09-18 02:00:00,0.0,57.2,53.7,31.0,-19.6,0.0,Clear,normal
2025-09-18 03:00:00,0.0,75.5,47.1,41.4,-16.2,0.0,Cloudy,normal
2025-09-18 04:00:00,0.0,4.4,49.1,23.5,-15.9,0.0,Clear,normal
2025-09-18 05:00:00,0.0,3.6,54.2,15.0,-16.8,0.0,Cloudy,storm
2025-09-18 06:00:00,0.0,0.0,58.8,15.0,-21.7,0.0,Clear,storm
2025-09-18 07:00:00,3.9,120.0,53.4,41.0,-21.1,0.0,Storm,normal
2025-09-18 08:00:00,12.2,120.0,64.5,65.9,-16.0,0.0,Storm,normal
2025-09-18 09:00:00,20.5,120.0,58.4,95.0,-19.4,0.0,Storm,normal
2025-09-18 10:00:00,21.8,1.4,64.1,78.7,-20.4,0.0,Clear,normal
2025-09-18 11:00:00,27.1,94.7,59.4,95.0,-18.0,0.0,Clear,peak_solar
2025-09-18 12:00:00,26.0,59.5,60.9,95.0,-17.1,0.0,Cloudy,peak_solar
2025-09-18 13:00:00,24.2,0.0,58.2,81.4,-20.2,0.0,Clear,normal
2025-09-18 14:00:00,22.6,4.2,54.3,70.4,-18.0,0.0,Cloudy,normal
2025-09-18 15:00:00,15.3,79.2,56.7,84.3,-16.1,0.0,Cloudy,normal
2025-09-18 16:00:00,11.5,0.0,66.0,62.5,-20.3,0.0,Clear,normal
2025-09-18 17:00:00,4.3,0.1,61.2,39.8,-17.4,0.0,Cloudy,normal
2025-09-18 18:00:00,0.0,120.0,57.3,62.9,-19.7,0.0,Clear,normal
2025-09-18 19:00:00,0.0,1.2,66.1,36.9,-19.2,0.0,Clear,normal
2025-09-18 20:00:00,0.0,0.0,62.2,15.0,-18.3,0.0,Snow,storm
2025-09-18 21:00:00,0.0,120.0,54.0,39.3,-16.0,0.0,Storm,normal
2025-09-18 22:00:00,0.0,1.2,51.6,19.1,-17.9,0.0,Clear,normal
2025-09-18 23:00:00,0.0,120.0,46.7,46.1,-18.9,0.0,Snow,normal
2025-09-19 00:00:00,0.0,120.0,58.4,68.8,-17.5,0.0,Storm,normal
2025-09-19 01:00:00,0.0,0.1,54.8,46.8,-20.5,0.0,Clear,normal
2025-09-19 02:00:00,0.0,17.9,56.4,31.5,-17.4,0.0,Clear,normal
2025-09-19 03:00:00,0.0,60.2,49.7,35.4,-16.2,0.0,Clear,normal
2025-09-19 04:00:00,0.0,120.0,54.7,59.4,-19.3,0.0,Storm,normal
2025-09-19 05:00:00,0.0,4.1,48.3,41.7,-19.8,0.0,Clear,normal
2025-09-19 06:00:00,0.0,0.0,50.5,21.5,-18.8,0.0,Cloudy,normal
2025-09-19 07:00:00,5.7,0.1,65.1,15.0,-24.2,0.0,Clear,storm
2025-09-19 08:00:00,7.9,8.7,65.2,15.0,-18.7,0.0,Cloudy,storm
2025-09-19 09:00:00,17.5,120.0,60.7,43.2,-13.0,0.0,Cloudy,normal
2025-09-19 10:00:00,17.8,18.5,64.8,31.8,-19.9,0.0,Cloudy,normal
2025-09-19 11:00:00,23.7,120.0,63.7,61.3,-19.7,0.0,Clear,normal
2025-09-19 12:00:00,13.6,7.6,64.2,44.0,-17.4,0.0,Snow,normal
2025-09-19 13:00:00,27.2,46.6,61.8,48.5,-15.1,0.0,Clear,peak_solar
2025-09-19 14:00:00,25.1,120.0,60.4,79.6,-16.2,0.0,Storm,peak_solar
2025-09-19 15:00:00,12.4,120.0,66.1,95.0,-22.7,0.0,Storm,normal
2025-09-19 16:00:00,5.6,120.0,63.1,95.0,-16.3,0.0,Storm,normal
2025-09-19 17:00:00,9.0,66.4,50.5,95.0,-11.6,0.0,Clear,normal
2025-09-19 18:00:00,0.0,0.0,57.5,72.0,-15.7,0.0,Clear,normal
2025-09-19 19:00:00,0.0,101.7,56.8,88.5,-19.4,0.0,Clear,normal
2025-09-19 20:00:00,0.0,0.0,55.4,66.4,-16.2,0.0,Clear,normal
2025-09-19 21:00:00,0.0,120.0,55.5,90.1,-19.7,0.0,Cloudy,normal
2025-09-19 22:00:00,0.0,42.1,52.4,86.0,-14.3,0.0,Clear,normal
2025-09-19 23:00:00,0.0,120.0,61.7,95.0,-19.4,0.0,Storm,normal
2025-09-20 00:00:00,0.0,7.3,51.8,77.2,-17.2,0.0,Cloudy,normal
2025-09-20 01:00:00,0.0,47.4,53.0,75.0,-19.6,0.0,Cloudy,normal
2025-09-20 02:00:00,0.0,104.8,54.0,93.7,-19.3,0.0,Cloudy,normal
2025-09-20 03:00:00,0.0,0.0,51.3,73.2,-15.3,0.0,Clear,normal
2025-09-20 04:00:00,0.0,93.4,60.9,85.1,-18.7,0.0,Cloudy,normal
2025-09-20 05:00:00,0.0,0.0,55.4,63.0,-20.4,0.0,Clear,normal
2025-09-20 06:00:00,0.0,1.6,52.6,42.6,-22.0,0.0,Clear,normal
2025-09-20 07:00:00,6.4,71.4,60.2,49.0,-23.7,0.0,Clear,normal
2025-09-20 08:00:00,13.5,0.0,65.7,28.1,-22.4,0.0,Clear,normal
2025-09-20 09:00:00,15.8,120.0,62.2,55.2,-19.3,0.0,Cloudy,normal
2025-09-20 10:00:00,25.4,120.0,59.2,86.9,-17.3,0.0,Clear,peak_solar
2025-09-20 11:00:00,18.9,120.0,71.7,95.0,-20.4,0.0,Storm,normal
2025-09-20 12:00:00,27.2,0.0,56.4,83.3,-15.4,0.0,Cloudy,normal
2025-09-20 13:00:00,17.0,120.0,57.0,95.0,-20.1,0.0,Storm,normal
2025-09-20 14:00:00,23.4,0.0,59.3,80.6,-18.7,0.0,Clear,normal
2025-09-20 15:00:00,14.3,46.6,61.1,80.5,-20.1,0.0,Cloudy,normal
2025-09-20 16:00:00,13.9,9.2,53.1,68.5,-15.2,0.0,Clear,normal
2025-09-20 17:00:00,4.1,19.8,54.7,56.2,-12.5,0.0,Snow,normal
2025-09-20 18:00:00,0.0,120.0,70.2,74.5,-20.7,0.0,Storm,normal
2025-09-20 19:00:00,0.0,0.0,55.4,52.4,-17.5,0.0,Clear,normal
2025-09-20 20:00:00,0.0,120.0,51.4,77.6,-13.9,0.0,Storm,normal
2025-09-20 21:00:00,0.0,120.0,57.9,95.0,-19.9,0.0,Snow,normal
2025-09-20 22:00:00,0.0,27.7,49.8,86.2,-15.6,0.0,Cloudy,normal
2025-09-20 23:00:00,0.0,26.9,47.9,77.8,-14.4,0.0,Snow,normal
2025-09-21 00:00:00,0.0,120.0,56.3,95.0,-17.0,0.0,Cloudy,normal
2025-09-21 01:00:00,0.0,6.9,49.2,78.1,-16.4,0.0,Cloudy,normal
2025-09-21 02:00:00,0.0,13.5,45.0,65.5,-14.1,0.0,Clear,normal
2025-09-21 03:00:00,0.0,45.2,52.3,62.6,-14.1,0.0,Cloudy,normal
2025-09-21 04:00:00,0.0,120.0,53.6,87.1,-18.8,0.0,Storm,normal
2025-09-21 05:00:00,0.0,18.6,54.7,72.6,-20.2,0.0,Cloudy,normal
2025-09-21 06:00:00,0.1,0.0,48.5,53.3,-21.3,0.0,Cloudy,normal
2025-09-21 07:00:00,4.5,50.7,48.3,55.8,-17.3,0.0,Snow,normal
2025-09-21 08:00:00,9.3,22.4,64.7,42.6,-22.5,0.0,Cloudy,normal
2025-09-21 09:00:00,20.8,2.5,58.7,28.4,-20.0,0.0,Clear,normal
2025-09-21 10:00:00,20.6,75.8,65.8,39.6,-19.0,0.0,Clear,normal
2025-09-21 11:00:00,19.5,2.9,62.8,23.4,-20.1,0.0,Cloudy,normal
2025-09-21 12:00:00,27.5,17.2,60.1,17.3,-18.1,0.0,Clear,normal
2025-09-21 13:00:00,18.7,45.8,59.6,19.1,-12.7,0.0,Cloudy,normal
2025-09-21 14:00:00,27.5,59.5,58.9,29.4,-18.2,0.0,Clear,peak_solar
2025-09-21 15:00:00,12.0,92.8,63.0,44.8,-18.5,0.0,Cloudy,normal
2025-09-21 16:00:00,16.0,120.0,58.0,73.5,-15.0,0.0,Clear,normal
2025-09-21 17:00:00,4.7,43.0,62.8,67.5,-16.4,0.0,Snow,normal
2025-09-21 18:00:00,0.1,0.0,58.2,44.2,-13.5,0.0,Cloudy,normal
2025-09-21 19:00:00,0.0,65.7,61.6,45.7,-16.1,0.0,Clear,normal
2025-09-21 20:00:00,0.0,120.0,58.0,68.6,-17.0,0.0,Storm,normal
2025-09-21 21:00:00,0.0,0.0,53.2,47.3,-20.4,0.0,Snow,normal
2025-09-21 22:00:00,0.0,0.0,54.8,25.4,-20.2,0.0,Snow,normal
2025-09-21 23:00:00,0.0,1.2,58.4,15.0,-20.9,0.0,Clear,storm
2025-09-22 00:00:00,0.0,120.0,52.7,39.8,-16.2,0.0,Storm,normal
2025-09-22 01:00:00,0.0,0.9,58.5,16.7,-20.4,0.0,Cloudy,normal
2025-09-22 02:00:00,0.0,120.0,46.6,43.7,-15.0,0.0,Storm,normal
2025-09-22 03:00:00,0.0,54.9,47.8,46.3,-18.1,0.0,Cloudy,normal
2025-09-22 04:00:00,0.0,3.4,52.2,26.8,-19.1,0.0,Cloudy,normal
2025-09-22 05:00:00,0.0,0.0,53.1,15.0,-20.7,0.0,Storm,storm
2025-09-22 06:00:00,0.6,0.0,48.9,15.0,-17.7,0.0,Cloudy,storm
2025-09-22 07:00:00,7.6,30.7,55.2,15.0,-21.0,0.0,Clear,storm
2025-09-22 08:00:00,9.5,0.4,59.3,15.0,-21.4,0.0,Cloudy,storm
2025-09-22 09:00:00,24.7,73.0,57.4,29.8,-16.6,0.0,Clear,peak_solar
2025-09-22 10:00:00,19.8,0.5,57.4,15.0,-18.3,0.0,Cloudy,storm
2025-09-22 11:00:00,22.2,6.1,57.6,15.0,-19.3,0.0,Cloudy,storm
2025-09-22 12:00:00,23.0,1.6,55.2,15.0,-17.1,0.0,Cloudy,storm
2025-09-22 13:00:00,25.9,12.1,57.2,15.0,-18.1,0.0,Clear,storm
2025-09-22 14:00:00,14.4,120.0,62.0,41.6,-16.9,0.0,Storm,normal
2025-09-22 15:00:00,21.4,0.0,61.1,25.8,-19.2,0.0,Clear,normal
2025-09-22 16:00:00,12.2,0.9,55.9,15.0,-12.5,0.0,Cloudy,storm
2025-09-22 17:00:00,6.3,7.2,60.2,15.0,-18.0,0.0,Cloudy,storm
2025-09-22 18:00:00,0.6,13.9,58.5,15.0,-13.0,0.0,Cloudy,storm
2025-09-22 19:00:00,0.0,120.0,61.7,36.4,-16.7,0.0,Storm,normal
2025-09-22 20:00:00,0.0,1.2,59.6,15.0,-14.5,0.0,Cloudy,storm
2025-09-22 21:00:00,0.0,120.0,49.0,41.1,-14.7,0.0,Storm,normal
2025-09-22 22:00:00,0.0,120.0,48.8,67.4,-13.9,0.0,Storm,normal
2025-09-22 23:00:00,0.0,17.1,48.9,54.6,-18.6,0.0,Snow,normal
2025-09-23 00:00:00,0.0,0.2,46.7,36.0,-14.5,0.0,Snow,normal
2025-09-23 01:00:00,0.0,120.0,51.0,61.4,-13.1,0.0,Storm,normal
2025-09-23 02:00:00,0.0,120.0,50.9,86.9,-18.1,0.0,Clear,normal
2025-09-23 03:00:00,0.0,0.1,51.9,66.1,-17.9,0.0,Snow,normal
2025-09-23 04:00:00,0.0,120.0,56.9,89.4,-19.5,0.0,Storm,normal
2025-09-23 05:00:00,0.0,2.0,55.3,68.0,-19.4,0.0,Clear,normal
2025-09-23 06:00:00,0.8,16.1,50.1,54.7,-15.1,0.0,Snow,normal
2025-09-23 07:00:00,2.9,120.0,55.2,79.6,-21.2,0.0,Snow,normal
2025-09-23 08:00:00,9.4,120.0,67.4,95.0,-21.2,0.0,Storm,normal
2025-09-23 09:00:00,20.2,61.9,55.8,95.0,-15.5,0.0,Clear,normal
2025-09-23 10:00:00,25.0,11.2,61.8,84.8,-17.5,0.0,Clear,normal
2025-09-23 11:00:00,15.0,6.5,55.9,71.1,-14.0,0.0,Snow,normal
2025-09-23 12:00:00,26.6,11.1,64.4,60.4,-19.3,0.0,Clear,normal
2025-09-23 13:00:00,24.0,0.0,63.2,44.8,-17.7,0.0,Storm,normal
2025-09-23 14:00:00,13.0,87.5,62.4,58.8,-19.0,0.0,Snow,normal
2025-09-23 15:00:00,15.3,42.5,64.1,56.2,-16.9,0.0,Cloudy,normal
2025-09-23 16:00:00,6.0,120.0,66.4,78.2,-20.7,0.0,Storm,normal
2025-09-23 17:00:00,7.4,14.2,56.8,64.0,-15.0,0.0,Cloudy,normal
2025-09-23 18:00:00,0.6,120.0,59.4,86.6,-15.6,0.0,Storm,normal
2025-09-23 19:00:00,0.0,107.6,60.3,95.0,-16.3,0.0,Clear,normal
2025-09-23 20:00:00,0.0,10.3,63.7,73.6,-16.9,0.0,Cloudy,normal
2025-09-23 21:00:00,0.0,4.6,47.2,56.6,-18.1,0.0,Cloudy,normal
2025-09-23 22:00:00,0.0,0.0,54.0,35.0,-14.7,0.0,Cloudy,normal
2025-09-23 23:00:00,0.0,120.0,47.9,61.6,-19.1,0.0,Storm,normal
2025-09-24 00:00:00,0.0,0.0,52.2,40.7,-15.5,0.0,Snow,normal
2025-09-24 01:00:00,0.0,120.0,49.1,66.7,-12.4,0.0,Storm,normal
2025-09-24 02:00:00,0.0,0.8,48.3,47.7,-14.1,0.0,Snow,normal
2025-09-24 03:00:00,0.0,1.5,58.4,25.0,-21.1,0.0,Snow,normal
2025-09-24 04:00:00,0.0,120.0,49.5,50.9,-19.3,0.0,Storm,normal
2025-09-24 05:00:00,0.0,120.0,49.3,76.9,-17.5,0.0,Storm,normal
2025-09-24 06:00:00,0.6,39.0,49.6,72.9,-18.8,0.0,Snow,normal
2025-09-24 07:00:00,8.8,120.0,54.2,95.0,-21.9,0.0,Storm,normal
2025-09-24 08:00:00,8.0,22.0,65.1,81.0,-18.0,0.0,Snow,normal
2025-09-24 09:00:00,21.7,5.6,66.8,65.2,-18.9,0.0,Clear,normal
2025-09-24 10:00:00,19.0,50.1,57.1,69.6,-14.5,0.0,Cloudy,normal
2025-09-24 11:00:00,19.1,120.0,62.7,95.0,-19.0,0.0,Storm,normal
2025-09-24 12:00:00,16.1,0.0,66.2,74.9,-15.6,0.0,Snow,normal
2025-09-24 13:00:00,29.1,1.4,61.9,62.3,-20.6,0.0,Clear,normal
2025-09-24 14:00:00,20.6,0.2,60.0,46.7,-19.7,0.0,Clear,normal
2025-09-24 15:00:00,9.3,0.0,62.0,25.6,-15.4,0.0,Snow,normal
2025-09-24 16:00:00,13.0,15.8,55.2,15.0,-14.3,0.0,Cloudy,normal
2025-09-24 17:00:00,9.7,0.0,57.5,15.0,-18.4,0.0,Clear,storm
2025-09-24 18:00:00,1.5,0.0,62.5,15.0,-16.0,0.0,Cloudy,storm
2025-09-24 19:00:00,0.0,1.3,67.4,15.0,-19.0,0.0,Snow,storm
2025-09-24 20:00:00,0.0,0.9,57.3,15.0,-16.3,0.0,Cloudy,storm
2025-09-24 21:00:00,0.0,91.8,49.0,30.8,-14.1,0.0,Cloudy,normal
2025-09-24 22:00:00,0.0,120.0,55.5,54.5,-17.0,0.0,Storm,normal
2025-09-24 23:00:00,0.0,2.7,48.9,36.0,-16.9,0.0,Cloudy,normal
2025-09-25 00:00:00,0.0,1.4,57.6,15.0,-18.9,0.0,Cloudy,storm
2025-09-25 01:00:00,0.0,120.0,59.0,37.4,-18.2,0.0,Storm,normal
2025-09-25 02:00:00,0.0,120.0,45.0,65.0,-13.3,0.0,Storm,normal
2025-09-25 03:00:00,0.0,68.0,47.0,72.8,-17.4,0.0,Cloudy,normal
2025-09-25 04:00:00,0.0,8.9,48.8,56.8,-20.2,0.0,Snow,normal
2025-09-25 05:00:00,0.0,120.0,51.8,81.9,-18.9,0.0,Storm,normal
2025-09-25 06:00:00,1.3,0.1,52.0,61.7,-22.0,0.0,Snow,normal
2025-09-25 07:00:00,6.9,120.0,60.2,86.2,-20.9,0.0,Storm,normal
2025-09-25 08:00:00,16.4,102.4,54.8,95.0,-15.7,0.0,Clear,normal
2025-09-25 09:00:00,15.5,120.0,60.4,95.0,-19.0,0.0,Cloudy,normal
2025-09-25 10:00:00,18.0,39.5,58.7,94.5,-14.3,0.0,Cloudy,normal
2025-09-25 11:00:00,26.5,0.0,58.2,81.8,-18.5,0.0,Clear,normal
2025-09-25 12:00:00,18.8,0.1,61.0,65.0,-18.0,0.0,Cloudy,normal
2025-09-25 13:00:00,19.6,116.6,61.8,92.4,-16.2,0.0,Cloudy,normal
2025-09-25 14:00:00,16.1,90.0,78.5,95.0,-23.1,0.0,Cloudy,normal
2025-09-25 15:00:00,20.4,4.2,60.9,80.5,-16.4,0.0,Clear,normal
2025-09-25 16:00:00,15.3,3.9,53.3,66.9,-16.6,0.0,Clear,normal
2025-09-25 17:00:00,7.6,120.0,58.7,92.2,-12.9,0.0,Storm,normal
2025-09-25 18:00:00,1.6,27.0,58.0,80.5,-13.8,0.0,Cloudy,normal
2025-09-25 19:00:00,0.0,0.9,63.2,55.6,-18.2,0.0,Snow,normal
2025-09-25 20:00:00,0.0,120.0,55.6,79.3,-13.0,0.0,Storm,normal
2025-09-25 21:00:00,0.0,120.0,54.8,95.0,-16.3,0.0,Storm,normal
2025-09-25 22:00:00,0.0,26.9,51.9,85.0,-17.9,0.0,Snow,normal
2025-09-25 23:00:00,0.0,47.2,51.9,83.1,-15.7,0.0,Cloudy,normal
2025-09-26 00:00:00,0.0,120.0,52.5,95.0,-16.7,0.0,Storm,normal
2025-09-26 01:00:00,0.0,120.0,48.6,95.0,-13.2,0.0,Clear,normal
2025-09-26 02:00:00,0.0,0.0,50.0,75.0,-16.3,0.0,Clear,normal
2025-09-26 03:00:00,0.0,120.0,56.4,95.0,-16.9,0.0,Storm,normal
2025-09-26 04:00:00,0.0,0.0,56.3,72.5,-15.8,0.0,Clear,normal
2025-09-26 05:00:00,0.0,86.9,58.4,82.9,-15.7,0.0,Cloudy,normal
2025-09-26 06:00:00,2.8,0.0,52.1,63.2,-16.6,0.0,Clear,normal
2025-09-26 07:00:00,8.4,120.0,51.2,91.6,-15.3,0.0,Cloudy,normal
2025-09-26 08:00:00,12.2,1.6,61.4,72.6,-17.2,0.0,Cloudy,normal
2025-09-26 09:00:00,14.5,2.3,58.0,56.1,-18.1,0.0,Cloudy,normal
2025-09-26 10:00:00,22.7,120.0,62.2,85.7,-15.6,0.0,Cloudy,normal
2025-09-26 11:00:00,18.4,0.0,60.2,69.0,-18.3,0.0,Cloudy,normal
2025-09-26 12:00:00,27.6,4.1,63.1,56.5,-17.7,0.0,Clear,normal
2025-09-26 13:00:00,32.0,0.0,52.0,48.5,-13.6,0.0,Clear,normal
2025-09-26 14:00:00,20.7,37.9,58.7,48.5,-13.4,0.0,Cloudy,normal
2025-09-26 15:00:00,21.6,0.0,64.8,31.2,-16.6,0.0,Clear,normal
2025-09-26 16:00:00,17.6,69.5,57.6,42.0,-17.2,0.0,Clear,normal
2025-09-26 17:00:00,8.8,120.0,54.0,69.5,-12.7,0.0,Storm,normal
2025-09-26 18:00:00,2.9,0.0,55.1,48.7,-13.9,0.0,Clear,normal
2025-09-26 19:00:00,0.0,1.7,56.1,26.9,-14.9,0.0,Cloudy,normal
2025-09-26 20:00:00,0.0,0.1,64.7,15.0,-16.2,0.0,Snow,storm
2025-09-26 21:00:00,0.0,0.0,50.4,15.0,-14.8,0.0,Snow,storm
2025-09-26 22:00:00,0.0,64.9,47.1,21.6,-15.8,0.0,Cloudy,normal
2025-09-26 23:00:00,0.0,47.4,49.3,20.8,-17.4,0.0,Clear,normal
2025-09-27 00:00:00,0.0,120.0,45.0,48.4,-15.8,0.0,Storm,normal
2025-09-27 01:00:00,0.0,120.0,47.9,74.9,-15.8,0.0,Clear,normal
2025-09-27 02:00:00,0.0,30.5,47.8,68.0,-17.6,0.0,Clear,normal
2025-09-27 03:00:00,0.0,57.0,45.5,72.2,-15.2,0.0,Cloudy,normal
2025-09-27 04:00:00,0.0,4.0,48.2,54.6,-14.7,0.0,Cloudy,normal
2025-09-27 05:00:00,0.0,61.9,46.5,60.2,-15.7,0.0,Cloudy,normal
2025-09-27 06:00:00,1.7,0.0,53.2,39.6,-18.7,0.0,Snow,normal
2025-09-27 07:00:00,11.0,16.8,53.2,29.4,-16.6,0.0,Clear,normal
2025-09-27 08:00:00,8.6,92.2,62.4,43.5,-18.1,0.0,Snow,normal
2025-09-27 09:00:00,16.5,14.1,65.0,29.8,-21.0,0.0,Cloudy,normal
2025-09-27 10:00:00,19.0,2.0,49.6,18.3,-16.6,0.0,Cloudy,normal
2025-09-27 11:00:00,32.5,34.7,58.6,21.5,-17.5,0.0,Clear,peak_solar
2025-09-27 12:00:00,16.0,0.9,60.0,15.0,-11.9,0.0,Snow,storm
2025-09-27 13:00:00,13.7,11.4,65.5,15.0,-14.0,0.0,Snow,storm
2025-09-27 14:00:00,15.4,120.0,61.4,42.2,-15.2,0.0,Snow,normal
2025-09-27 15:00:00,16.9,120.0,59.1,70.9,-15.9,0.0,Storm,normal
2025-09-27 16:00:00,18.6,49.5,55.4,75.5,-15.7,0.0,Clear,normal
2025-09-27 17:00:00,5.8,0.2,66.0,51.6,-18.0,0.0,Snow,normal
2025-09-27 18:00:00,3.3,8.0,61.7,31.4,-19.3,0.0,Clear,normal
2025-09-27 19:00:00,0.0,36.5,59.3,22.3,-17.3,0.0,Clear,normal
2025-09-27 20:00:00,0.0,1.6,63.0,15.0,-15.4,0.0,Cloudy,storm
2025-09-27 21:00:00,0.0,120.0,45.0,42.6,-20.0,0.0,Storm,normal
2025-09-27 22:00:00,0.0,1.8,51.4,22.7,-16.7,0.0,Snow,normal
2025-09-27 23:00:00,0.0,30.1,45.4,16.6,-16.3,0.0,Cloudy,normal
2025-09-28 00:00:00,0.0,0.0,53.5,15.0,-16.3,0.0,Clear,storm
2025-09-28 01:00:00,0.0,120.0,59.2,37.4,-17.7,0.0,Storm,normal
2025-09-28 02:00:00,0.0,120.0,54.4,61.5,-17.4,0.0,Storm,normal
2025-09-28 03:00:00,0.0,0.2,56.1,39.2,-13.2,0.0,Clear,normal
2025-09-28 04:00:00,0.0,0.0,51.7,18.5,-15.9,0.0,Cloudy,normal
2025-09-28 05:00:00,0.0,47.2,59.7,15.0,-18.9,0.0,Clear,storm
2025-09-28 06:00:00,2.2,120.0,46.7,42.8,-18.1,0.0,Storm,normal
2025-09-28 07:00:00,3.3,0.0,53.9,22.5,-18.1,0.0,Snow,normal
2025-09-28 08:00:00,11.0,9.0,57.5,15.0,-19.8,0.0,Cloudy,storm
2025-09-28 09:00:00,14.4,59.3,64.3,18.4,-19.8,0.0,Cloudy,normal
2025-09-28 10:00:00,25.1,33.7,57.4,18.9,-15.7,0.0,Clear,peak_solar
2025-09-28 11:00:00,19.8,87.2,60.8,35.9,-18.6,0.0,Cloudy,normal
2025-09-28 12:00:00,19.0,120.0,62.0,64.3,-19.8,0.0,Storm,normal
2025-09-28 13:00:00,11.9,120.0,64.3,89.1,-17.1,0.0,Storm,normal
2025-09-28 14:00:00,18.4,8.4,60.2,75.8,-16.4,0.0,Cloudy,normal
2025-09-28 15:00:00,18.3,0.0,64.4,57.4,-20.6,0.0,Clear,normal
2025-09-28 16:00:00,19.8,120.0,59.0,87.1,-15.9,0.0,Storm,normal
2025-09-28 17:00:00,6.6,9.0,59.5,69.6,-13.6,0.0,Snow,normal
2025-09-28 18:00:00,3.1,32.4,56.4,61.2,-14.3,0.0,Cloudy,normal
2025-09-28 19:00:00,0.0,120.0,48.9,87.4,-10.3,0.0,Storm,normal
2025-09-28 20:00:00,0.0,120.0,59.2,95.0,-12.4,0.0,Storm,normal
2025-09-28 21:00:00,0.0,120.0,45.2,95.0,-12.0,0.0,Clear,normal
2025-09-28 22:00:00,0.0,120.0,45.3,95.0,-9.2,0.0,Storm,normal
2025-09-28 23:00:00,0.0,23.4,52.0,83.6,-13.9,0.0,Cloudy,normal
2025-09-29 00:00:00,0.0,2.2,46.0,66.1,-15.3,0.0,Clear,normal
2025-09-29 01:00:00,0.0,0.4,45.6,48.0,-13.9,0.0,Clear,normal
2025-09-29 02:00:00,0.0,2.9,46.9,30.4,-17.6,0.0,Clear,normal
2025-09-29 03:00:00,0.0,3.4,50.2,15.0,-16.6,0.0,Cloudy,storm
2025-09-29 04:00:00,0.0,48.4,57.8,15.0,-18.6,0.0,Clear,storm
2025-09-29 05:00:00,0.0,110.1,51.5,36.6,-16.6,0.0,Clear,normal
2025-09-29 06:00:00,2.8,0.1,59.8,15.0,-19.1,0.0,Cloudy,storm
2025-09-29 07:00:00,7.2,120.0,55.7,41.3,-19.4,0.0,Storm,normal
2025-09-29 08:00:00,14.1,120.0,57.7,69.4,-17.0,0.0,Storm,normal
2025-09-29 09:00:00,13.3,0.0,58.5,51.3,-18.2,0.0,Cloudy,normal
2025-09-29 10:00:00,26.4,116.6,71.3,77.7,-22.0,0.0,Clear,peak_solar
2025-09-29 11:00:00,23.6,5.2,66.8,62.5,-20.7,0.0,Clear,normal
2025-09-29 12:00:00,23.5,120.0,62.0,92.5,-19.7,0.0,Storm,normal
2025-09-29 13:00:00,20.1,21.8,62.2,84.4,-18.7,0.0,Cloudy,normal
2025-09-29 14:00:00,18.0,1.2,56.7,69.3,-15.5,0.0,Cloudy,normal
2025-09-29 15:00:00,24.9,0.1,48.4,60.0,-15.5,0.0,Clear,normal
2025-09-29 16:00:00,11.0,38.6,56.6,57.2,-13.3,0.0,Cloudy,normal
2025-09-29 17:00:00,11.7,5.6,51.7,43.4,-13.7,0.0,Clear,normal
2025-09-29 18:00:00,3.0,0.0,54.4,22.9,-12.8,0.0,Cloudy,normal
2025-09-29 19:00:00,0.0,0.0,51.6,15.0,-13.6,0.0,Cloudy,storm
2025-09-29 20:00:00,0.0,57.2,56.8,15.2,-14.5,0.0,Clear,normal
2025-09-29 21:00:00,0.0,0.0,45.0,15.0,-12.5,0.0,Clear,storm
2025-09-29 22:00:00,0.0,0.0,48.4,15.0,-13.1,0.0,Cloudy,storm
2025-09-29 23:00:00,0.0,120.0,52.3,39.9,-14.5,0.0,Storm,normal
2025-09-30 00:00:00,0.0,0.3,49.0,20.5,-12.7,0.0,Clear,normal
2025-09-30 01:00:00,0.0,83.6,50.1,32.8,-21.0,0.0,Cloudy,normal
2025-09-30 02:00:00,0.0,35.8,45.2,29.0,-16.9,0.0,Clear,normal
2025-09-30 03:00:00,0.0,2.0,47.2,15.0,-17.3,0.0,Cloudy,storm
2025-09-30 04:00:00,0.0,120.0,53.5,39.5,-14.4,0.0,Storm,normal
2025-09-30 05:00:00,0.0,120.0,57.6,62.4,-13.8,0.0,Cloudy,normal
2025-09-30 06:00:00,2.8,17.7,53.0,49.5,-20.7,0.0,Cloudy,normal
2025-09-30 07:00:00,12.7,0.6,45.5,36.6,-14.6,0.0,Clear,normal
2025-09-30 08:00:00,12.7,100.0,68.8,52.7,-20.3,0.0,Cloudy,normal
2025-09-30 09:00:00,18.9,120.0,61.5,81.2,-20.2,0.0,Clear,normal
2025-09-30 10:00:00,29.5,27.6,60.7,79.8,-18.0,0.0,Clear,normal
2025-09-30 11:00:00,29.3,19.1,61.6,74.4,-18.0,0.0,Clear,normal
2025-09-30 12:00:00,13.7,120.0,60.7,95.0,-20.4,0.0,Snow,normal
2025-09-30 13:00:00,27.5,16.4,55.1,90.5,-15.2,0.0,Clear,normal
2025-09-30 14:00:00,26.2,1.0,57.4,78.4,-14.7,0.0,Clear,normal
2025-09-30 15:00:00,19.6,0.0,54.9,64.3,-13.5,0.0,Cloudy,normal
2025-09-30 16:00:00,14.6,16.8,52.3,56.0,-16.4,0.0,Cloudy,normal
2025-09-30 17:00:00,11.4,0.0,54.6,38.7,-15.2,0.0,Clear,normal
2025-09-30 18:00:00,4.4,120.0,57.4,63.3,-15.0,0.0,Cloudy,normal
2025-09-30 19:00:00,0.0,16.8,51.9,49.3,-11.1,0.0,Clear,normal
2025-09-30 20:00:00,0.0,120.0,65.9,69.2,-20.9,0.0,Cloudy,normal
2025-09-30 21:00:00,0.0,44.0,48.8,67.3,-16.9,0.0,Clear,normal
2025-09-30 22:00:00,0.0,84.4,57.2,77.3,-14.9,0.0,Clear,normal
2025-09-30 23:00:00,0.0,1.7,52.7,56.9,-17.5,0.0,Cloudy,normal
2025-10-01 00:00:00,0.0,13.4,51.1,41.8,-15.8,0.0,Clear,normal
2025-10-01 01:00:00,0.0,41.7,48.8,39.0,-15.9,0.0,Clear,normal
2025-10-01 02:00:00,0.0,30.2,51.4,30.5,-17.5,0.0,Clear,normal
2025-10-01 03:00:00,0.0,26.8,45.0,23.2,-16.3,0.0,Cloudy,normal
2025-10-01 04:00:00,0.0,0.1,50.4,15.0,-15.4,0.0,Cloudy,storm
2025-10-01 05:00:00,0.0,0.0,60.5,15.0,-17.6,0.0,Clear,storm
2025-10-01 06:00:00,3.5,0.0,56.9,15.0,-18.3,0.0,Cloudy,storm
2025-10-01 07:00:00,5.4,0.0,46.3,15.0,-17.8,0.0,Snow,storm
2025-10-01 08:00:00,17.8,0.0,61.7,15.0,-17.5,0.0,Clear,storm
2025-10-01 09:00:00,24.4,50.5,66.1,18.2,-21.3,0.0,Clear,peak_solar
2025-10-01 10:00:00,21.2,8.6,65.4,15.0,-16.3,0.0,Cloudy,storm
2025-10-01 11:00:00,29.2,0.7,58.0,15.0,-18.1,0.0,Clear,storm
2025-10-01 12:00:00,26.7,8.0,66.1,15.0,-14.0,0.0,Cloudy,storm
2025-10-01 13:00:00,22.6,0.0,58.6,15.0,-15.1,0.0,Cloudy,storm
2025-10-01 14:00:00,23.0,15.3,53.1,15.0,-13.4,0.0,Cloudy,storm
2025-10-01 15:00:00,15.3,0.0,54.4,15.0,-17.9,0.0,Cloudy,storm
2025-10-01 16:00:00,16.5,120.0,58.6,43.6,-16.1,0.0,Storm,normal
2025-10-01 17:00:00,9.2,93.1,61.5,58.7,-17.7,0.0,Cloudy,normal
2025-10-01 18:00:00,5.1,74.9,54.7,68.0,-16.3,0.0,Clear,normal
2025-10-01 19:00:00,0.0,28.8,57.3,56.6,-11.8,0.0,Snow,normal
2025-10-01 20:00:00,0.0,114.0,56.3,77.8,-11.2,0.0,Snow,normal
2025-10-01 21:00:00,0.0,15.6,52.1,63.2,-17.1,0.0,Snow,normal
2025-10-01 22:00:00,0.0,0.6,47.3,44.5,-15.7,0.0,Clear,normal
2025-10-01 23:00:00,0.0,78.3,50.2,54.9,-15.1,0.0,Snow,normal
2025-10-02 00:00:00,0.0,120.0,56.2,78.4,-13.8,0.0,Storm,normal
2025-10-02 01:00:00,0.0,0.1,50.6,58.2,-19.3,0.0,Clear,normal
2025-10-02 02:00:00,0.0,0.0,47.3,39.3,-19.3,0.0,Clear,normal
2025-10-02 03:00:00,0.0,120.0,48.6,65.5,-15.1,0.0,Storm,normal
2025-10-02 04:00:00,0.0,120.0,52.7,90.3,-20.9,0.0,Storm,normal
2025-10-02 05:00:00,0.0,21.1,45.5,80.6,-17.9,0.0,Cloudy,normal
2025-10-02 06:00:00,4.9,0.0,53.4,61.1,-16.8,0.0,Cloudy,normal
2025-10-02 07:00:00,14.8,41.7,46.0,65.0,-16.3,0.0,Clear,normal
2025-10-02 08:00:00,13.8,0.0,54.9,48.6,-17.6,0.0,Storm,normal
2025-10-02 09:00:00,21.5,110.4,64.4,73.4,-18.1,0.0,Clear,normal
2025-10-02 10:00:00,20.0,90.0,63.9,90.4,-15.3,0.0,Cloudy,normal
2025-10-02 11:00:00,31.9,16.8,69.6,82.0,-16.2,0.0,Clear,normal
2025-10-02 12:00:00,22.4,71.7,54.8,95.0,-18.0,0.0,Cloudy,normal
2025-10-02 13:00:00,21.4,109.0,60.7,95.0,-16.1,0.0,Cloudy,normal
2025-10-02 14:00:00,15.6,33.0,52.4,93.5,-15.0,0.0,Snow,normal
2025-10-02 15:00:00,22.1,10.4,54.9,84.6,-11.6,0.0,Clear,normal
2025-10-02 16:00:00,18.8,34.7,55.7,83.7,-13.3,0.0,Clear,normal
2025-10-02 17:00:00,14.0,30.4,46.5,82.8,-12.1,0.0,Clear,normal
2025-10-02 18:00:00,6.3,0.0,61.0,60.9,-15.9,0.0,Clear,normal
2025-10-02 19:00:00,0.0,120.0,58.5,83.5,-15.5,0.0,Storm,normal
2025-10-02 20:00:00,0.0,90.3,60.2,94.6,-14.8,0.0,Cloudy,normal
2025-10-02 21:00:00,0.0,120.0,45.0,95.0,-14.7,0.0,Storm,normal
2025-10-02 22:00:00,0.0,45.8,60.2,89.2,-16.7,0.0,Clear,normal
2025-10-02 23:00:00,0.0,3.0,48.1,71.2,-12.0,0.0,Clear,normal
2025-10-03 00:00:00,0.0,120.0,49.2,95.0,-12.9,0.0,Cloudy,normal
2025-10-03 01:00:00,0.0,0.0,56.4,72.4,-15.9,0.0,Cloudy,normal
2025-10-03 02:00:00,0.0,98.0,49.1,90.4,-14.2,0.0,Cloudy,normal
2025-10-03 03:00:00,0.0,120.0,46.9,95.0,-15.5,0.0,Snow,normal
2025-10-03 04:00:00,0.0,15.6,54.2,79.6,-14.8,0.0,Clear,normal
2025-10-03 05:00:00,0.0,76.9,54.0,88.0,-19.6,0.0,Clear,normal
2025-10-03 06:00:00,5.2,0.0,56.1,67.6,-17.2,0.0,Cloudy,normal
2025-10-03 07:00:00,13.3,86.0,51.7,85.1,-17.2,0.0,Clear,normal
2025-10-03 08:00:00,16.7,6.2,67.4,67.3,-15.7,0.0,Cloudy,normal
2025-10-03 09:00:00,14.9,78.0,61.2,79.0,-18.4,0.0,Cloudy,normal
2025-10-03 10:00:00,19.0,17.9,62.8,68.6,-22.4,0.0,Cloudy,normal
2025-10-03 11:00:00,31.4,17.2,63.4,62.7,-19.1,0.0,Clear,normal
2025-10-03 12:00:00,15.3,84.2,57.6,78.1,-16.5,0.0,Snow,normal
2025-10-03 13:00:00,34.0,7.4,55.4,72.5,-15.9,0.0,Clear,normal
2025-10-03 14:00:00,22.5,15.3,60.2,63.5,-11.9,0.0,Cloudy,normal
2025-10-03 15:00:00,23.9,120.0,51.7,95.0,-13.9,0.0,Storm,peak_solar
2025-10-03 16:00:00,15.3,120.0,61.8,95.0,-14.7,0.0,Storm,normal
2025-10-03 17:00:00,8.3,10.2,64.0,76.8,-14.6,0.0,Cloudy,normal
2025-10-03 18:00:00,6.3,19.0,53.5,65.5,-11.9,0.0,Clear,normal
2025-10-03 19:00:00,0.0,2.2,59.5,42.6,-15.5,0.0,Clear,normal
2025-10-03 20:00:00,0.0,6.3,54.0,23.5,-14.4,0.0,Snow,normal
2025-10-03 21:00:00,0.0,7.4,56.1,15.0,-16.6,0.0,Cloudy,storm
2025-10-03 22:00:00,0.0,28.3,45.0,15.0,-11.2,0.0,Clear,storm
2025-10-03 23:00:00,0.0,0.0,52.6,15.0,-13.7,0.0,Cloudy,storm
2025-10-04 00:00:00,0.0,5.5,51.2,15.0,-16.2,0.0,Cloudy,storm
2025-10-04 01:00:00,0.0,2.8,46.8,15.0,-15.3,0.0,Cloudy,storm
2025-10-04 02:00:00,0.0,120.0,46.4,42.1,-14.3,0.0,Storm,normal
2025-10-04 03:00:00,0.0,18.0,53.3,28.0,-16.4,0.0,Snow,normal
2025-10-04 04:00:00,0.0,40.1,47.4,25.0,-17.3,0.0,Clear,normal
2025-10-04 05:00:00,0.2,4.9,55.0,15.0,-17.9,0.0,Clear,storm
2025-10-04 06:00:00,2.7,18.5,51.6,15.0,-16.0,0.0,Snow,storm
2025-10-04 07:00:00,4.8,6.1,50.9,15.0,-17.6,0.0,Snow,storm
2025-10-04 08:00:00,16.7,29.0,62.8,15.0,-17.9,0.0,Cloudy,storm
2025-10-04 09:00:00,26.2,75.5,59.5,30.5,-19.8,0.0,Clear,peak_solar
2025-10-04 10:00:00,31.0,0.0,58.3,19.6,-16.5,0.0,Clear,normal
2025-10-04 11:00:00,28.8,105.1,58.2,47.4,-16.9,0.0,Clear,peak_solar
2025-10-04 12:00:00,37.2,0.3,54.7,40.6,-16.9,0.0,Clear,normal
2025-10-04 13:00:00,12.3,120.0,57.0,68.3,-15.4,0.0,Storm,normal
2025-10-04 14:00:00,21.4,27.3,50.4,67.6,-13.8,0.0,Cloudy,normal
2025-10-04 15:00:00,25.8,38.6,54.2,71.4,-13.5,0.0,Clear,peak_solar
2025-10-04 16:00:00,15.5,42.8,49.4,74.6,-13.4,0.0,Cloudy,normal
2025-10-04 17:00:00,11.9,22.8,53.7,67.0,-14.9,0.0,Cloudy,normal
2025-10-04 18:00:00,6.3,1.3,54.6,48.2,-15.4,0.0,Clear,normal
2025-10-04 19:00:00,0.1,39.0,60.9,39.5,-16.3,0.0,Snow,normal
2025-10-04 20:00:00,0.0,33.4,54.3,31.2,-15.2,0.0,Cloudy,normal
2025-10-04 21:00:00,0.0,0.7,45.0,15.0,-13.9,0.0,Cloudy,storm
2025-10-04 22:00:00,0.0,0.0,49.2,15.0,-15.8,0.0,Clear,storm
2025-10-04 23:00:00,0.0,120.0,56.6,38.3,-14.1,0.0,Clear,normal
2025-10-05 00:00:00,0.0,5.4,45.0,22.5,-16.6,0.0,Cloudy,normal
2025-10-05 01:00:00,0.0,11.8,56.2,15.0,-18.5,0.0,Clear,storm
2025-10-05 02:00:00,0.0,33.2,49.7,15.0,-13.4,0.0,Clear,storm
2025-10-05 03:00:00,0.0,1.1,59.9,15.0,-16.6,0.0,Cloudy,storm
2025-10-05 04:00:00,0.0,48.0,53.9,15.0,-17.8,0.0,Cloudy,storm
2025-10-05 05:00:00,0.4,13.8,53.8,15.0,-18.7,0.0,Cloudy,storm
2025-10-05 06:00:00,4.8,18.4,50.7,15.0,-15.6,0.0,Cloudy,storm
2025-10-05 07:00:00,8.2,120.0,48.4,44.4,-13.6,0.0,Storm,normal
2025-10-05 08:00:00,9.0,29.9,63.3,34.6,-17.6,0.0,Snow,normal
2025-10-05 09:00:00,21.2,10.2,57.9,24.0,-17.1,0.0,Cloudy,normal
2025-10-05 10:00:00,21.7,0.1,69.2,15.0,-14.1,0.0,Cloudy,storm
2025-10-05 11:00:00,18.2,41.7,66.7,15.0,-20.3,0.0,Cloudy,storm
2025-10-05 12:00:00,22.6,120.0,53.8,47.7,-11.6,0.0,Cloudy,normal
2025-10-05 13:00:00,21.8,10.7,52.1,39.9,-10.2,0.0,Cloudy,normal
2025-10-05 14:00:00,12.2,120.0,64.1,64.9,-21.2,0.0,Snow,normal
2025-10-05 15:00:00,27.5,43.2,57.7,69.7,-15.0,0.0,Clear,peak_solar
2025-10-05 16:00:00,22.6,24.1,61.5,63.8,-16.0,0.0,Clear,normal
2025-10-05 17:00:00,17.3,58.6,58.8,70.0,-14.7,0.0,Clear,normal
2025-10-05 18:00:00,8.4,0.0,63.6,48.0,-14.8,0.0,Clear,normal
2025-10-05 19:00:00,0.4,5.7,51.1,30.0,-12.0,0.0,Snow,normal
2025-10-05 20:00:00,0.0,6.5,56.8,15.0,-14.0,0.0,Clear,storm
2025-10-05 21:00:00,0.0,12.3,46.9,15.0,-15.8,0.0,Clear,storm
2025-10-05 22:00:00,0.0,120.0,47.4,41.7,-14.3,0.0,Storm,normal
2025-10-05 23:00:00,0.0,26.3,45.9,33.9,-13.0,0.0,Cloudy,normal
2025-10-06 00:00:00,0.0,0.0,55.0,15.0,-16.9,0.0,Clear,storm
2025-10-06 01:00:00,0.0,2.0,50.6,15.0,-18.2,0.0,Cloudy,storm
2025-10-06 02:00:00,0.0,18.0,51.2,15.0,-10.6,0.0,Clear,storm
2025-10-06 03:00:00,0.0,29.2,57.6,15.0,-16.8,0.0,Cloudy,storm
2025-10-06 04:00:00,0.0,0.0,53.9,15.0,-16.1,0.0,Snow,storm
2025-10-06 05:00:00,1.2,71.7,47.3,24.4,-16.9,0.0,Clear,normal
2025-10-06 06:00:00,8.2,79.4,55.8,36.1,-15.1,0.0,Clear,normal
2025-10-06 07:00:00,9.8,0.1,45.9,21.7,-12.6,0.0,Cloudy,normal
2025-10-06 08:00:00,23.4,120.0,56.8,53.6,-15.2,0.0,Clear,normal
2025-10-06 09:00:00,12.6,10.3,64.9,36.8,-19.8,0.0,Snow,normal
2025-10-06 10:00:00,22.6,0.4,58.9,22.5,-19.3,0.0,Clear,normal
2025-10-06 11:00:00,28.2,0.0,64.9,15.0,-16.9,0.0,Clear,storm
2025-10-06 12:00:00,31.0,68.0,62.5,28.4,-16.3,0.0,Clear,peak_solar
2025-10-06 13:00:00,16.8,2.7,74.1,15.0,-19.2,0.0,Cloudy,storm
2025-10-06 14:00:00,26.1,38.6,57.4,17.7,-13.2,0.0,Clear,peak_solar
2025-10-06 15:00:00,26.6,0.0,59.5,15.0,-17.0,0.0,Clear,storm
2025-10-06 16:00:00,9.6,6.7,62.0,15.0,-11.0,0.0,Snow,storm
2025-10-06 17:00:00,12.2,57.6,45.4,24.0,-9.9,0.0,Cloudy,normal
2025-10-06 18:00:00,4.9,120.0,58.2,48.5,-14.3,0.0,Storm,normal
2025-10-06 19:00:00,1.2,120.0,55.0,72.9,-12.6,0.0,Storm,normal
2025-10-06 20:00:00,0.0,120.0,64.1,93.4,-16.2,0.0,Storm,normal
2025-10-06 21:00:00,0.0,0.0,59.6,69.6,-12.2,0.0,Storm,normal
2025-10-06 22:00:00,0.0,40.2,47.1,66.8,-14.8,0.0,Cloudy,normal
2025-10-06 23:00:00,0.0,0.0,55.9,44.5,-16.3,0.0,Cloudy,normal
2025-10-07 00:00:00,0.0,2.2,55.3,23.2,-14.7,0.0,Snow,normal
2025-10-07 01:00:00,0.0,120.0,55.7,46.9,-15.4,0.0,Storm,normal
2025-10-07 02:00:00,0.0,1.2,51.5,26.8,-15.5,0.0,Cloudy,normal
2025-10-07 03:00:00,0.0,0.0,51.0,15.0,-13.1,0.0,Cloudy,storm
2025-10-07 04:00:00,0.0,7.4,48.5,15.0,-17.3,0.0,Cloudy,storm
2025-10-07 05:00:00,1.5,120.0,54.1,39.8,-12.0,0.0,Cloudy,normal
2025-10-07 06:00:00,4.6,2.0,49.7,22.6,-19.0,0.0,Cloudy,normal
2025-10-07 07:00:00,10.0,120.0,45.0,53.9,-12.7,0.0,Storm,normal
2025-10-07 08:00:00,17.9,120.0,60.4,82.4,-18.5,0.0,Storm,normal
2025-10-07 09:00:00,20.2,37.0,57.0,82.5,-16.3,0.0,Cloudy,normal
2025-10-07 10:00:00,24.4,120.0,61.9,95.0,-17.2,0.0,Storm,peak_solar
2025-10-07 11:00:00,28.2,120.0,58.3,95.0,-16.6,0.0,Storm,peak_solar
2025-10-07 12:00:00,20.8,120.0,53.3,95.0,-13.8,0.0,Cloudy,normal
2025-10-07 13:00:00,22.3,52.5,50.4,95.0,-11.9,0.0,Cloudy,normal
2025-10-07 14:00:00,19.6,41.4,60.0,95.0,-12.2,0.0,Cloudy,normal
2025-10-07 15:00:00,20.5,14.7,60.4,84.9,-15.3,0.0,Cloudy,normal
2025-10-07 16:00:00,18.4,85.0,51.4,95.0,-13.6,0.0,Clear,normal
2025-10-07 17:00:00,17.4,0.0,61.0,77.6,-15.5,0.0,Clear,normal
2025-10-07 18:00:00,8.3,120.0,57.4,95.0,-15.7,0.0,Storm,normal
2025-10-07 19:00:00,1.7,120.0,52.6,95.0,-15.9,0.0,Storm,normal
2025-10-07 20:00:00,0.0,0.0,52.3,74.1,-14.3,0.0,Clear,normal
2025-10-07 21:00:00,0.0,120.0,51.9,95.0,-12.8,0.0,Cloudy,normal
2025-10-07 22:00:00,0.0,120.0,58.1,95.0,-17.7,0.0,Storm,normal
2025-10-07 23:00:00,0.0,28.2,51.6,85.6,-13.8,0.0,Clear,normal
2025-10-08 00:00:00,0.0,12.2,45.0,72.5,-10.5,0.0,Cloudy,normal
2025-10-08 01:00:00,0.0,5.4,48.8,55.2,-11.7,0.0,Clear,normal
2025-10-08 02:00:00,0.0,2.4,52.9,35.0,-15.9,0.0,Snow,normal
2025-10-08 03:00:00,0.0,45.8,45.0,35.3,-18.1,0.0,Clear,normal
2025-10-08 04:00:00,0.0,120.0,51.6,60.5,-14.3,0.0,Storm,normal
2025-10-08 05:00:00,0.8,0.0,56.6,38.2,-20.8,0.0,Snow,normal
2025-10-08 06:00:00,5.1,0.2,57.9,17.1,-13.5,0.0,Snow,normal
2025-10-08 07:00:00,14.0,1.8,59.5,15.0,-16.5,0.0,Clear,storm
2025-10-08 08:00:00,19.3,0.0,54.8,15.0,-12.1,0.0,Clear,storm
2025-10-08 09:00:00,25.4,105.8,64.6,39.5,-19.8,0.0,Clear,peak_solar
2025-10-08 10:00:00,28.2,75.8,57.4,56.7,-13.9,0.0,Clear,peak_solar
2025-10-08 11:00:00,30.8,120.0,57.0,91.2,-15.9,0.0,Clear,peak_solar
2025-10-08 12:00:00,19.1,0.0,53.6,77.4,-16.1,0.0,Cloudy,normal
2025-10-08 13:00:00,25.3,120.0,58.3,95.0,-18.0,0.0,Cloudy,peak_solar
2025-10-08 14:00:00,22.9,120.0,54.5,95.0,-13.3,0.0,Storm,normal
2025-10-08 15:00:00,20.0,111.1,60.5,95.0,-12.7,0.0,Cloudy,normal
2025-10-08 16:00:00,14.1,21.8,53.8,87.9,-9.9,0.0,Cloudy,normal
2025-10-08 17:00:00,12.2,13.9,52.0,77.5,-11.3,0.0,Cloudy,normal
2025-10-08 18:00:00,6.5,59.0,54.6,81.5,-14.6,0.0,Cloudy,normal
2025-10-08 19:00:00,2.2,43.0,60.2,75.5,-15.4,0.0,Clear,normal
2025-10-08 20:00:00,0.0,2.0,57.8,53.2,-16.1,0.0,Snow,normal
2025-10-08 21:00:00,0.0,0.0,45.0,35.2,-9.9,0.0,Clear,normal
2025-10-08 22:00:00,0.0,3.7,46.3,18.2,-15.0,0.0,Clear,normal
2025-10-08 23:00:00,0.0,120.0,52.4,43.1,-10.3,0.0,Storm,normal
2025-10-09 00:00:00,0.0,0.0,47.0,24.3,-12.5,0.0,Snow,normal
2025-10-09 01:00:00,0.0,40.6,52.7,19.4,-13.3,0.0,Cloudy,normal
2025-10-09 02:00:00,0.0,120.0,45.0,47.0,-15.1,0.0,Storm,normal
2025-10-09 03:00:00,0.0,120.0,53.0,71.7,-13.3,0.0,Cloudy,normal
2025-10-09 04:00:00,0.0,120.0,53.3,95.0,-15.2,0.0,Storm,normal
2025-10-09 05:00:00,2.6,120.0,54.9,95.0,-16.3,0.0,Clear,normal
2025-10-09 06:00:00,9.6,0.0,45.0,80.8,-14.2,0.0,Clear,normal
2025-10-09 07:00:00,13.7,120.0,51.3,95.0,-16.2,0.0,Storm,normal
2025-10-09 08:00:00,12.0,120.0,57.3,95.0,-17.6,0.0,Storm,normal
2025-10-09 09:00:00,14.0,0.0,52.8,79.5,-14.5,0.0,Snow,normal
2025-10-09 10:00:00,9.9,5.2,51.3,65.0,-15.8,0.0,Snow,normal
2025-10-09 11:00:00,25.6,28.4,53.1,65.4,-14.4,0.0,Cloudy,peak_solar
2025-10-09 12:00:00,25.5,5.4,54.5,55.9,-16.1,0.0,Cloudy,normal
2025-10-09 13:00:00,22.5,1.2,63.5,40.0,-17.4,0.0,Cloudy,normal
2025-10-09 14:00:00,24.2,1.4,51.2,29.8,-10.6,0.0,Cloudy,normal
2025-10-09 15:00:00,26.1,120.0,53.0,64.0,-10.6,0.0,Clear,peak_solar
2025-10-09 16:00:00,21.8,120.0,59.5,94.3,-11.7,0.0,Storm,normal
2025-10-09 17:00:00,10.0,1.4,57.5,75.9,-14.2,0.0,Cloudy,normal
2025-10-09 18:00:00,8.1,120.0,53.9,95.0,-13.8,0.0,Storm,normal
2025-10-09 19:00:00,2.1,5.4,53.7,76.5,-9.9,0.0,Cloudy,normal
2025-10-09 20:00:00,0.0,0.0,53.6,55.1,-13.7,0.0,Snow,normal
2025-10-09 21:00:00,0.0,54.7,45.0,58.6,-14.3,0.0,Cloudy,normal
2025-10-09 22:00:00,0.0,24.8,45.5,50.4,-9.0,0.0,Cloudy,normal
2025-10-09 23:00:00,0.0,60.2,51.0,53.8,-13.4,0.0,Cloudy,normal
2025-10-10 00:00:00,0.0,56.7,45.0,58.1,-9.5,0.0,Cloudy,normal
2025-10-10 01:00:00,0.0,42.8,51.4,54.7,-16.9,0.0,Cloudy,normal
2025-10-10 02:00:00,0.0,17.1,46.3,43.0,-13.0,0.0,Cloudy,normal
2025-10-10 03:00:00,0.0,120.0,51.2,68.3,-10.0,0.0,Storm,normal
2025-10-10 04:00:00,0.0,110.1,51.1,90.0,-14.9,0.0,Cloudy,normal
2025-10-10 05:00:00,2.2,6.0,50.3,73.1,-15.8,0.0,Cloudy,normal
2025-10-10 06:00:00,6.8,5.4,57.0,55.2,-18.1,0.0,Cloudy,normal
2025-10-10 07:00:00,13.9,0.0,52.5,39.8,-13.3,0.0,Clear,normal
2025-10-10 08:00:00,15.3,0.0,62.2,21.0,-17.4,0.0,Cloudy,normal
2025-10-10 09:00:00,25.7,13.5,62.7,15.0,-15.8,0.0,Clear,storm
2025-10-10 10:00:00,15.6,120.0,63.4,41.6,-18.2,0.0,Cloudy,normal
2025-10-10 11:00:00,23.8,0.5,55.0,29.3,-11.8,0.0,Cloudy,normal
2025-10-10 12:00:00,34.0,120.0,59.4,64.1,-12.4,0.0,Clear,peak_solar
2025-10-10 13:00:00,31.6,38.8,53.9,70.2,-14.6,0.0,Clear,peak_solar
2025-10-10 14:00:00,20.1,0.8,55.9,56.2,-16.7,0.0,Cloudy,normal
2025-10-10 15:00:00,29.9,27.2,55.4,56.8,-10.4,0.0,Clear,peak_solar
2025-10-10 16:00:00,19.5,24.3,54.5,52.5,-14.2,0.0,Clear,normal
2025-10-10 17:00:00,15.3,1.0,61.9,34.3,-15.6,0.0,Clear,normal
2025-10-10 18:00:00,5.5,104.4,60.8,52.4,-16.8,0.0,Snow,normal
2025-10-10 19:00:00,1.6,120.0,65.5,73.0,-14.2,0.0,Snow,normal
2025-10-10 20:00:00,0.0,8.2,55.0,54.4,-15.9,0.0,Cloudy,normal
2025-10-10 21:00:00,0.0,0.0,52.8,33.2,-14.1,0.0,Cloudy,normal
2025-10-10 22:00:00,0.0,120.0,45.0,60.8,-11.2,0.0,Storm,normal
2025-10-10 23:00:00,0.0,0.0,50.2,40.8,-14.0,0.0,Snow,normal
2025-10-11 00:00:00,0.0,48.0,50.3,39.8,-12.4,0.0,Clear,normal
2025-10-11 01:00:00,0.0,0.5,51.8,19.3,-15.2,0.0,Snow,normal
2025-10-11 02:00:00,0.0,0.0,50.8,15.0,-13.8,0.0,Cloudy,storm
2025-10-11 03:00:00,0.0,3.2,46.8,15.0,-10.1,0.0,Snow,storm
2025-10-11 04:00:00,0.0,23.8,49.5,15.0,-15.5,0.0,Clear,storm
2025-10-11 05:00:00,3.7,0.1,52.6,15.0,-14.2,0.0,Clear,storm
2025-10-11 06:00:00,3.7,0.0,57.3,15.0,-18.7,0.0,Snow,storm
2025-10-11 07:00:00,16.3,0.0,45.8,15.0,-12.1,0.0,Clear,storm
2025-10-11 08:00:00,11.2,120.0,56.4,42.5,-16.5,0.0,Storm,normal
2025-10-11 09:00:00,19.7,59.0,57.2,50.5,-13.1,0.0,Cloudy,normal
2025-10-11 10:00:00,24.5,0.8,59.4,36.8,-15.6,0.0,Cloudy,normal
2025-10-11 11:00:00,25.5,66.9,50.3,52.3,-13.7,0.0,Cloudy,peak_solar
2025-10-11 12:00:00,32.6,23.0,57.2,51.7,-13.3,0.0,Clear,normal
2025-10-11 13:00:00,17.3,120.0,55.2,81.9,-15.4,0.0,Snow,normal
2025-10-11 14:00:00,14.4,10.6,46.9,73.1,-11.6,0.0,Snow,normal
2025-10-11 15:00:00,20.2,120.0,59.9,95.0,-15.3,0.0,Cloudy,normal
2025-10-11 16:00:00,11.5,1.7,49.7,80.4,-11.5,0.0,Snow,normal
2025-10-11 17:00:00,17.2,37.4,62.0,77.5,-13.8,0.0,Clear,normal
2025-10-11 18:00:00,10.8,120.0,58.0,95.0,-11.9,0.0,Clear,normal
2025-10-11 19:00:00,1.5,42.7,57.5,89.7,-13.5,0.0,Snow,normal
2025-10-11 20:00:00,0.0,120.0,61.0,95.0,-12.4,0.0,Storm,normal
2025-10-11 21:00:00,0.0,120.0,53.8,95.0,-14.9,0.0,Snow,normal
2025-10-11 22:00:00,0.0,64.2,45.0,95.0,-12.1,0.0,Cloudy,normal
2025-10-11 23:00:00,0.0,6.3,51.8,76.8,-12.8,0.0,Clear,normal
2025-10-12 00:00:00,0.0,39.0,46.5,73.8,-14.2,0.0,Cloudy,normal
2025-10-12 01:00:00,0.0,120.0,52.2,95.0,-13.5,0.0,Storm,normal
2025-10-12 02:00:00,0.0,3.7,46.8,77.8,-13.5,0.0,Snow,normal
2025-10-12 03:00:00,0.0,0.4,45.5,59.7,-15.5,0.0,Snow,normal
2025-10-12 04:00:00,0.0,3.8,51.5,40.6,-14.8,0.0,Cloudy,normal
2025-10-12 05:00:00,3.3,3.0,50.1,23.1,-17.0,0.0,Cloudy,normal
2025-10-12 06:00:00,10.5,88.1,49.2,41.3,-9.9,0.0,Clear,normal
2025-10-12 07:00:00,17.3,120.0,53.1,72.3,-12.9,0.0,Storm,normal
2025-10-12 08:00:00,20.5,0.0,50.8,60.1,-14.7,0.0,Clear,normal
2025-10-12 09:00:00,22.1,0.0,55.6,46.8,-12.6,0.0,Cloudy,normal
2025-10-12 10:00:00,24.2,24.6,65.0,40.2,-19.4,0.0,Clear,normal
2025-10-12 11:00:00,18.3,0.1,64.0,22.0,-20.5,0.0,Cloudy,normal
2025-10-12 12:00:00,17.5,52.9,59.0,26.2,-15.4,0.0,Snow,normal
2025-10-12 13:00:00,33.3,70.9,61.3,42.0,-17.2,0.0,Clear,peak_solar
2025-10-12 14:00:00,22.9,3.1,50.9,32.0,-14.3,0.0,Cloudy,normal
2025-10-12 15:00:00,19.2,94.1,62.3,50.8,-12.9,0.0,Cloudy,normal
2025-10-12 16:00:00,13.8,1.4,56.6,34.2,-11.0,0.0,Cloudy,normal
2025-10-12 17:00:00,10.0,1.4,55.6,16.5,-15.2,0.0,Cloudy,normal
2025-10-12 18:00:00,11.7,0.6,51.6,15.0,-11.6,0.0,Clear,storm
2025-10-12 19:00:00,3.3,4.0,58.8,15.0,-12.3,0.0,Cloudy,storm
2025-10-12 20:00:00,0.0,18.2,55.6,15.0,-11.5,0.0,Snow,storm
2025-10-12 21:00:00,0.0,12.8,50.0,15.0,-13.5,0.0,Cloudy,storm
2025-10-12 22:00:00,0.0,31.8,46.6,15.0,-9.4,0.0,Clear,storm
2025-10-12 23:00:00,0.0,83.0,48.8,27.6,-12.9,0.0,Clear,normal
2025-10-13 00:00:00,0.0,32.4,45.0,22.5,-8.9,0.0,Snow,normal
2025-10-13 01:00:00,0.0,120.0,48.3,48.9,-14.9,0.0,Storm,normal
2025-10-13 02:00:00,0.0,22.3,49.1,38.2,-11.9,0.0,Clear,normal
2025-10-13 03:00:00,0.0,120.0,51.7,63.3,-14.1,0.0,Cloudy,normal
2025-10-13 04:00:00,0.0,0.0,48.1,44.1,-15.0,0.0,Clear,normal
2025-10-13 05:00:00,3.8,31.3,48.1,38.9,-13.2,0.0,Cloudy,normal
2025-10-13 06:00:00,7.7,12.2,55.2,24.8,-15.5,0.0,Cloudy,normal
2025-10-13 07:00:00,12.3,8.9,61.5,15.0,-20.9,0.0,Cloudy,storm
2025-10-13 08:00:00,12.6,120.0,66.1,39.5,-21.8,0.0,Storm,normal
2025-10-13 09:00:00,21.1,120.0,58.8,69.8,-12.2,0.0,Storm,normal
2025-10-13 10:00:00,28.1,83.8,56.6,90.1,-12.2,0.0,Clear,peak_solar
2025-10-13 11:00:00,26.5,0.0,56.3,78.2,-10.5,0.0,Cloudy,normal
2025-10-13 12:00:00,17.8,2.4,57.4,63.4,-14.4,0.0,Snow,normal
2025-10-13 13:00:00,35.4,0.0,57.4,54.6,-16.8,0.0,Clear,normal
2025-10-13 14:00:00,28.1,29.0,64.9,51.5,-14.5,0.0,Clear,normal
2025-10-13 15:00:00,22.9,60.5,63.4,58.8,-13.2,0.0,Clear,normal
2025-10-13 16:00:00,19.3,0.0,58.1,43.3,-15.0,0.0,Clear,normal
2025-10-13 17:00:00,9.0,120.0,53.5,71.1,-8.9,0.0,Storm,normal
2025-10-13 18:00:00,6.2,0.0,51.0,53.2,-7.3,0.0,Snow,normal
2025-10-13 19:00:00,3.3,53.6,54.3,54.1,-11.1,0.0,Cloudy,normal
2025-10-13 20:00:00,0.0,120.0,55.5,77.8,-12.1,0.0,Storm,normal
2025-10-13 21:00:00,0.0,30.7,54.7,68.2,-15.0,0.0,Clear,normal
2025-10-13 22:00:00,0.0,1.0,45.0,50.6,-8.9,0.0,Cloudy,normal
2025-10-13 23:00:00,0.0,0.7,45.0,32.9,-12.3,0.0,Cloudy,normal
2025-10-14 00:00:00,0.0,32.6,51.9,25.1,-13.2,0.0,Snow,normal
2025-10-14 01:00:00,0.0,120.0,47.6,51.8,-11.9,0.0,Cloudy,normal
2025-10-14 02:00:00,0.0,48.0,54.9,49.0,-14.7,0.0,Snow,normal
2025-10-14 03:00:00,0.0,0.6,48.8,29.7,-13.4,0.0,Snow,normal
2025-10-14 04:00:00,0.0,11.0,53.9,15.0,-17.3,0.0,Cloudy,storm
2025-10-14 05:00:00,4.8,0.2,46.3,15.0,-12.0,0.0,Clear,storm
2025-10-14 06:00:00,5.6,0.2,55.5,15.0,-14.9,0.0,Snow,storm
2025-10-14 07:00:00,12.2,0.1,51.0,15.0,-12.3,0.0,Cloudy,storm
2025-10-14 08:00:00,23.6,4.8,54.0,15.0,-15.3,0.0,Clear,storm
2025-10-14 09:00:00,16.3,15.4,60.8,15.0,-15.1,0.0,Cloudy,storm
2025-10-14 10:00:00,29.3,21.8,64.6,15.0,-17.3,0.0,Clear,storm
2025-10-14 11:00:00,28.2,41.5,55.8,20.1,-12.8,0.0,Clear,peak_solar
2025-10-14 12:00:00,30.8,0.8,62.0,15.0,-16.0,0.0,Clear,storm
2025-10-14 13:00:00,17.6,16.5,63.2,15.0,-14.8,0.0,Snow,storm
2025-10-14 14:00:00,16.2,23.7,56.2,15.0,-13.4,0.0,Snow,storm
2025-10-14 15:00:00,29.8,120.0,57.2,49.0,-12.7,0.0,Storm,peak_solar
2025-10-14 16:00:00,16.4,0.0,57.7,32.5,-16.4,0.0,Cloudy,normal
2025-10-14 17:00:00,12.4,0.0,58.1,15.0,-12.8,0.0,Cloudy,storm
2025-10-14 18:00:00,6.4,72.7,49.7,25.8,-10.3,0.0,Snow,normal
2025-10-14 19:00:00,4.4,93.8,58.6,40.4,-12.7,0.0,Cloudy,normal
2025-10-14 20:00:00,0.0,73.6,61.7,44.8,-12.4,0.0,Cloudy,normal
2025-10-14 21:00:00,0.0,71.7,45.0,54.6,-11.6,0.0,Clear,normal
2025-10-14 22:00:00,0.0,0.0,52.9,33.4,-12.3,0.0,Snow,normal
2025-10-14 23:00:00,0.0,120.0,49.8,59.3,-14.6,0.0,Storm,normal
2025-10-15 00:00:00,0.0,120.0,45.2,86.8,-12.5,0.0,Cloudy,normal
2025-10-15 01:00:00,0.0,0.0,45.0,68.8,-10.6,0.0,Clear,normal
2025-10-15 02:00:00,0.0,6.8,50.9,51.1,-15.5,0.0,Clear,normal
2025-10-15 03:00:00,0.0,5.4,48.1,34.0,-14.4,0.0,Clear,normal
2025-10-15 04:00:00,0.0,11.9,56.8,16.1,-16.9,0.0,Clear,normal
2025-10-15 05:00:00,6.4,3.3,46.3,15.0,-12.1,0.0,Clear,storm
2025-10-15 06:00:00,12.9,0.0,51.3,15.0,-14.7,0.0,Clear,storm
2025-10-15 07:00:00,16.0,24.4,60.3,15.0,-16.5,0.0,Clear,storm
2025-10-15 08:00:00,23.2,120.0,57.1,46.7,-14.5,0.0,Storm,normal
2025-10-15 09:00:00,22.0,2.9,58.7,33.2,-17.3,0.0,Cloudy,normal
2025-10-15 10:00:00,21.0,40.1,58.5,34.1,-16.7,0.0,Cloudy,normal
2025-10-15 11:00:00,21.2,13.1,65.2,21.8,-17.4,0.0,Cloudy,normal
2025-10-15 12:00:00,39.0,70.6,59.2,40.3,-16.3,0.0,Clear,peak_solar
2025-10-15 13:00:00,18.9,9.7,54.9,29.8,-10.6,0.0,Cloudy,normal
2025-10-15 14:00:00,24.3,1.4,55.3,18.0,-14.8,0.0,Cloudy,normal
2025-10-15 15:00:00,31.8,3.6,53.8,15.0,-11.7,0.0,Clear,storm
2025-10-15 16:00:00,19.1,120.0,61.3,43.6,-14.2,0.0,Storm,normal
2025-10-15 17:00:00,12.0,19.1,47.8,36.9,-10.4,0.0,Cloudy,normal
2025-10-15 18:00:00,6.0,17.3,50.2,26.1,-14.1,0.0,Snow,normal
2025-10-15 19:00:00,2.6,120.0,52.8,51.8,-11.6,0.0,Storm,normal
2025-10-15 20:00:00,0.0,120.0,53.1,76.4,-11.5,0.0,Storm,normal
2025-10-15 21:00:00,0.0,0.0,45.0,58.4,-6.6,0.0,Clear,normal
2025-10-15 22:00:00,0.0,0.0,45.0,40.4,-10.5,0.0,Clear,normal
2025-10-15 23:00:00,0.0,120.0,48.7,66.6,-13.4,0.0,Cloudy,normal
2025-10-16 00:00:00,0.0,21.6,45.0,57.3,-10.7,0.0,Clear,normal
2025-10-16 01:00:00,0.0,120.0,48.6,83.6,-7.9,0.0,Storm,normal
2025-10-16 02:00:00,0.0,0.0,55.0,61.6,-16.5,0.0,Clear,normal
2025-10-16 03:00:00,0.0,32.1,49.9,54.4,-15.2,0.0,Clear,normal
2025-10-16 04:00:00,0.0,78.6,53.1,63.8,-14.2,0.0,Cloudy,normal
2025-10-16 05:00:00,4.1,5.6,45.0,49.7,-14.9,0.0,Cloudy,normal
2025-10-16 06:00:00,8.3,110.1,51.6,74.3,-15.0,0.0,Cloudy,normal
2025-10-16 07:00:00,12.4,120.0,56.0,95.0,-17.3,0.0,Cloudy,normal
2025-10-16 08:00:00,16.7,13.4,52.4,86.1,-11.4,0.0,Cloudy,normal
2025-10-16 09:00:00,26.6,10.7,62.8,75.8,-17.5,0.0,Clear,normal
2025-10-16 10:00:00,27.8,120.0,55.4,95.0,-14.7,0.0,Clear,peak_solar
2025-10-16 11:00:00,16.7,30.4,56.3,91.3,-11.7,0.0,Snow,normal
2025-10-16 12:00:00,23.2,66.2,51.8,95.0,-13.8,0.0,Cloudy,normal
2025-10-16 13:00:00,22.3,30.1,62.3,91.0,-15.5,0.0,Cloudy,normal
2025-10-16 14:00:00,21.9,26.1,59.1,86.6,-15.9,0.0,Cloudy,normal
2025-10-16 15:00:00,28.2,10.6,57.2,79.2,-13.1,0.0,Clear,normal
2025-10-16 16:00:00,15.8,78.0,56.8,92.8,-13.9,0.0,Cloudy,normal
2025-10-16 17:00:00,18.5,0.4,59.0,76.8,-11.4,0.0,Clear,normal
2025-10-16 18:00:00,10.6,0.0,58.9,57.5,-14.7,0.0,Clear,normal
2025-10-16 19:00:00,4.8,16.9,56.7,43.5,-9.7,0.0,Cloudy,normal
2025-10-16 20:00:00,0.0,120.0,52.2,68.4,-11.2,0.0,Storm,normal
2025-10-16 21:00:00,0.0,30.5,48.6,61.2,-11.1,0.0,Cloudy,normal
2025-10-16 22:00:00,0.0,7.7,50.0,44.3,-8.5,0.0,Snow,normal
2025-10-16 23:00:00,0.0,4.8,54.6,24.4,-12.9,0.0,Snow,normal
2025-10-17 00:00:00,0.0,3.6,45.0,15.0,-13.6,0.0,Cloudy,storm
2025-10-17 01:00:00,0.0,0.0,49.5,15.0,-13.6,0.0,Cloudy,storm
2025-10-17 02:00:00,0.0,120.0,45.0,42.6,-13.2,0.0,Storm,normal
2025-10-17 03:00:00,0.0,2.3,47.0,24.7,-13.3,0.0,Cloudy,normal
2025-10-17 04:00:00,0.3,17.6,48.3,15.0,-15.3,0.0,Cloudy,storm
2025-10-17 05:00:00,5.3,6.0,55.9,15.0,-18.3,0.0,Clear,storm
2025-10-17 06:00:00,13.8,1.0,50.0,15.0,-15.3,0.0,Clear,storm
2025-10-17 07:00:00,13.3,120.0,45.6,47.3,-13.4,0.0,Storm,normal
2025-10-17 08:00:00,22.1,0.0,59.2,32.4,-13.9,0.0,Clear,normal
2025-10-17 09:00:00,8.2,83.2,50.6,47.4,-11.6,0.0,Snow,normal
2025-10-17 10:00:00,29.0,0.0,49.8,39.1,-9.7,0.0,Clear,normal
2025-10-17 11:00:00,10.7,10.7,53.8,26.2,-12.1,0.0,Snow,normal
2025-10-17 12:00:00,17.3,120.0,52.9,57.2,-10.5,0.0,Storm,normal
2025-10-17 13:00:00,31.0,3.0,55.3,48.7,-11.4,0.0,Clear,normal
2025-10-17 14:00:00,16.6,66.9,53.0,60.0,-9.0,0.0,Snow,normal
2025-10-17 15:00:00,23.8,2.5,49.0,50.8,-8.3,0.0,Clear,normal
2025-10-17 16:00:00,19.5,5.5,54.0,39.2,-9.9,0.0,Cloudy,normal
2025-10-17 17:00:00,15.0,113.7,53.6,66.8,-10.1,0.0,Cloudy,normal
2025-10-17 18:00:00,10.7,70.6,55.1,76.5,-11.9,0.0,Cloudy,normal
2025-10-17 19:00:00,6.8,120.0,48.4,95.0,-11.4,0.0,Storm,normal
2025-10-17 20:00:00,0.3,2.9,57.0,73.5,-12.0,0.0,Cloudy,normal
2025-10-17 21:00:00,0.0,43.2,47.4,71.9,-9.9,0.0,Cloudy,normal
2025-10-17 22:00:00,0.0,20.8,51.1,59.8,-13.0,0.0,Clear,normal
2025-10-17 23:00:00,0.0,46.4,47.8,59.2,-12.1,0.0,Clear,normal
2025-10-18 00:00:00,0.0,120.0,56.4,82.6,-17.0,0.0,Cloudy,normal
2025-10-18 01:00:00,0.0,1.2,45.4,64.9,-8.4,0.0,Clear,normal
2025-10-18 02:00:00,0.0,38.1,46.4,61.6,-13.0,0.0,Snow,normal
2025-10-18 03:00:00,0.0,120.0,46.7,88.6,-11.9,0.0,Storm,normal
2025-10-18 04:00:00,1.0,20.5,45.0,79.2,-10.1,0.0,Clear,normal
2025-10-18 05:00:00,5.1,110.1,45.0,95.0,-12.9,0.0,Cloudy,normal
2025-10-18 06:00:00,15.1,0.0,48.6,81.6,-10.7,0.0,Clear,normal
2025-10-18 07:00:00,17.7,23.3,50.7,77.7,-16.7,0.0,Clear,normal
2025-10-18 08:00:00,13.9,3.6,54.6,62.9,-8.8,0.0,Cloudy,normal
2025-10-18 09:00:00,32.8,0.0,62.1,51.2,-11.6,0.0,Clear,normal
2025-10-18 10:00:00,25.6,66.9,60.6,62.9,-13.4,0.0,Clear,peak_solar
2025-10-18 11:00:00,18.0,38.8,49.7,65.5,-10.5,0.0,Snow,normal
2025-10-18 12:00:00,19.7,0.4,56.7,50.9,-15.9,0.0,Cloudy,normal
2025-10-18 13:00:00,32.9,0.0,58.9,40.5,-13.6,0.0,Clear,normal
2025-10-18 14:00:00,19.0,120.0,54.1,71.8,-9.4,0.0,Storm,normal
2025-10-18 15:00:00,19.2,47.6,64.6,72.6,-16.3,0.0,Cloudy,normal
2025-10-18 16:00:00,23.2,44.8,52.2,78.4,-10.6,0.0,Clear,normal
2025-10-18 17:00:00,15.8,1.0,48.3,65.8,-10.3,0.0,Clear,normal
2025-10-18 18:00:00,10.3,6.0,46.2,53.8,-6.9,0.0,Cloudy,normal
2025-10-18 19:00:00,5.2,120.0,62.4,76.9,-14.6,0.0,Storm,normal
2025-10-18 20:00:00,0.8,21.8,51.2,65.5,-7.5,0.0,Cloudy,normal
2025-10-18 21:00:00,0.0,120.0,50.7,91.0,-12.3,0.0,Storm,normal
2025-10-18 22:00:00,0.0,48.2,45.9,91.8,-12.2,0.0,Snow,normal
2025-10-18 23:00:00,0.0,120.0,46.3,95.0,-14.2,0.0,Clear,normal
2025-10-19 00:00:00,0.0,0.0,51.7,74.3,-14.0,0.0,Cloudy,normal
2025-10-19 01:00:00,0.0,0.8,45.0,56.6,-11.1,0.0,Snow,normal
2025-10-19 02:00:00,0.0,20.2,51.8,44.0,-14.8,0.0,Cloudy,normal
2025-10-19 03:00:00,0.0,7.9,52.6,26.1,-11.1,0.0,Cloudy,normal
2025-10-19 04:00:00,0.5,66.9,45.0,34.3,-14.5,0.0,Snow,normal
2025-10-19 05:00:00,7.4,0.0,47.4,18.4,-16.1,0.0,Clear,normal
2025-10-19 06:00:00,7.9,0.0,49.8,15.0,-14.8,0.0,Cloudy,storm
2025-10-19 07:00:00,15.3,61.0,46.2,26.1,-13.0,0.0,Cloudy,normal
2025-10-19 08:00:00,21.3,120.0,56.9,57.1,-14.4,0.0,Clear,normal
2025-10-19 09:00:00,14.6,5.8,65.6,39.0,-13.7,0.0,Snow,normal
2025-10-19 10:00:00,29.1,120.0,52.5,74.6,-12.1,0.0,Storm,peak_solar
2025-10-19 11:00:00,23.7,120.0,53.2,95.0,-11.0,0.0,Storm,normal
2025-10-19 12:00:00,25.1,14.8,52.9,89.8,-13.8,0.0,Cloudy,normal
2025-10-19 13:00:00,24.7,5.0,52.4,80.7,-15.0,0.0,Cloudy,normal
2025-10-19 14:00:00,16.0,1.9,57.0,65.1,-12.2,0.0,Snow,normal
2025-10-19 15:00:00,16.8,0.7,47.4,53.1,-10.9,0.0,Cloudy,normal
2025-10-19 16:00:00,19.7,96.0,52.6,76.4,-14.8,0.0,Cloudy,normal
2025-10-19 17:00:00,12.2,0.3,56.4,58.8,-13.2,0.0,Cloudy,normal
2025-10-19 18:00:00,11.0,0.1,58.0,40.0,-12.6,0.0,Cloudy,normal
2025-10-19 19:00:00,6.1,0.6,50.8,22.4,-11.3,0.0,Cloudy,normal
2025-10-19 20:00:00,1.4,15.3,52.5,15.0,-12.5,0.0,Clear,storm
2025-10-19 21:00:00,0.0,18.9,45.0,15.0,-9.3,0.0,Clear,storm
2025-10-19 22:00:00,0.0,84.2,51.6,27.0,-14.6,0.0,Clear,normal
2025-10-19 23:00:00,0.0,11.4,49.8,15.0,-14.7,0.0,Cloudy,storm
2025-10-20 00:00:00,0.0,0.0,47.1,15.0,-12.1,0.0,Clear,storm
2025-10-20 01:00:00,0.0,4.1,45.0,15.0,-12.1,0.0,Snow,storm
2025-10-20 02:00:00,0.0,16.3,53.6,15.0,-15.3,0.0,Snow,storm
2025-10-20 03:00:00,0.0,1.4,46.8,15.0,-13.8,0.0,Clear,storm
2025-10-20 04:00:00,1.5,37.2,52.4,15.0,-13.8,0.0,Cloudy,storm
2025-10-20 05:00:00,7.4,0.0,46.4,15.0,-14.0,0.0,Clear,storm
2025-10-20 06:00:00,8.6,10.8,49.4,15.0,-13.1,0.0,Cloudy,storm
2025-10-20 07:00:00,10.1,120.0,47.0,45.6,-15.0,0.0,Storm,normal
2025-10-20 08:00:00,14.8,120.0,57.2,74.1,-10.4,0.0,Cloudy,normal
2025-10-20 09:00:00,11.4,23.0,50.7,67.6,-12.5,0.0,Snow,normal
2025-10-20 10:00:00,15.3,18.0,59.4,57.2,-15.2,0.0,Snow,normal
2025-10-20 11:00:00,23.0,53.1,51.1,66.4,-13.0,0.0,Cloudy,normal
2025-10-20 12:00:00,22.3,0.1,53.9,53.7,-12.6,0.0,Cloudy,normal
2025-10-20 13:00:00,29.2,120.0,55.4,88.2,-9.8,0.0,Clear,peak_solar
2025-10-20 14:00:00,26.9,120.0,51.8,95.0,-13.4,0.0,Storm,peak_solar
2025-10-20 15:00:00,15.7,10.7,54.9,83.6,-10.0,0.0,Snow,normal
2025-10-20 16:00:00,19.1,23.0,57.3,77.5,-11.3,0.0,Cloudy,normal
2025-10-20 17:00:00,11.2,85.6,45.0,95.0,-7.8,0.0,Cloudy,normal
2025-10-20 18:00:00,8.4,0.8,52.9,77.5,-8.0,0.0,Cloudy,normal
2025-10-20 19:00:00,6.8,120.0,57.7,95.0,-10.2,0.0,Storm,normal
2025-10-20 20:00:00,2.0,120.0,51.2,95.0,-11.2,0.0,Storm,normal
2025-10-20 21:00:00,0.0,65.2,45.0,95.0,-9.6,0.0,Clear,normal
2025-10-20 22:00:00,0.0,120.0,45.0,95.0,-11.2,0.0,Storm,normal
2025-10-20 23:00:00,0.0,0.0,45.0,77.0,-7.4,0.0,Clear,normal
2025-10-21 00:00:00,0.0,33.4,50.1,70.3,-11.0,0.0,Clear,normal
2025-10-21 01:00:00,0.0,0.0,45.7,52.0,-12.4,0.0,Cloudy,normal
2025-10-21 02:00:00,0.0,4.0,49.9,33.7,-12.9,0.0,Cloudy,normal
2025-10-21 03:00:00,0.0,4.4,47.5,16.4,-15.0,0.0,Cloudy,normal
2025-10-21 04:00:00,2.7,1.4,46.0,15.0,-11.4,0.0,Clear,storm
2025-10-21 05:00:00,7.8,0.0,54.8,15.0,-14.8,0.0,Clear,storm
2025-10-21 06:00:00,8.8,62.4,51.2,22.4,-10.8,0.0,Cloudy,normal
2025-10-21 07:00:00,9.8,0.5,51.8,15.0,-16.2,0.0,Snow,storm
2025-10-21 08:00:00,13.6,62.4,55.3,22.6,-13.1,0.0,Snow,normal
2025-10-21 09:00:00,28.2,13.0,50.6,18.8,-10.8,0.0,Clear,normal
2025-10-21 10:00:00,20.5,39.0,64.2,16.9,-18.0,0.0,Cloudy,normal
2025-10-21 11:00:00,18.7,2.2,51.0,15.0,-8.5,0.0,Cloudy,storm
2025-10-21 12:00:00,35.6,12.7,61.8,15.0,-13.6,0.0,Clear,storm
2025-10-21 13:00:00,17.3,120.0,48.3,47.8,-12.0,0.0,Storm,normal
2025-10-21 14:00:00,36.6,35.7,52.0,55.2,-10.7,0.0,Clear,peak_solar
2025-10-21 15:00:00,14.6,120.0,52.3,85.5,-9.9,0.0,Storm,normal
2025-10-21 16:00:00,25.8,120.0,55.6,95.0,-10.6,0.0,Storm,peak_solar
2025-10-21 17:00:00,17.9,0.0,46.5,83.5,-8.7,0.0,Storm,normal
2025-10-21 18:00:00,13.3,0.0,52.0,68.1,-9.5,0.0,Clear,normal
2025-10-21 19:00:00,6.8,120.0,53.5,95.0,-6.6,0.0,Storm,normal
2025-10-21 20:00:00,2.3,12.7,53.6,79.6,-9.3,0.0,Clear,normal
2025-10-21 21:00:00,0.0,4.4,45.0,63.3,-6.1,0.0,Snow,normal
2025-10-21 22:00:00,0.0,0.1,45.0,45.4,-8.6,0.0,Clear,normal
2025-10-21 23:00:00,0.0,0.0,48.9,25.8,-14.8,0.0,Clear,normal
2025-10-22 00:00:00,0.0,57.2,45.0,30.3,-5.2,0.0,Cloudy,normal
2025-10-22 01:00:00,0.0,0.0,51.6,15.0,-12.6,0.0,Cloudy,storm
2025-10-22 02:00:00,0.0,63.6,45.1,21.8,-8.4,0.0,Clear,normal
2025-10-22 03:00:00,0.0,0.0,47.5,15.0,-12.0,0.0,Cloudy,storm
2025-10-22 04:00:00,2.4,0.2,45.8,15.0,-10.1,0.0,Cloudy,storm
2025-10-22 05:00:00,10.0,7.6,54.2,15.0,-14.3,0.0,Clear,storm
2025-10-22 06:00:00,5.9,17.7,54.7,15.0,-11.6,0.0,Snow,storm
2025-10-22 07:00:00,9.0,0.3,49.0,15.0,-13.7,0.0,Snow,storm
2025-10-22 08:00:00,10.2,0.0,53.0,15.0,-9.7,0.0,Snow,storm
2025-10-22 09:00:00,26.5,5.0,56.8,15.0,-12.2,0.0,Clear,storm
2025-10-22 10:00:00,33.3,1.6,59.8,15.0,-11.0,0.0,Clear,storm
2025-10-22 11:00:00,16.5,2.8,63.6,15.0,-17.5,0.0,Snow,storm
2025-10-22 12:00:00,24.7,71.9,57.2,29.5,-12.6,0.0,Cloudy,peak_solar
2025-10-22 13:00:00,23.8,120.0,57.3,61.3,-11.2,0.0,Storm,normal
2025-10-22 14:00:00,14.7,4.0,55.9,46.5,-11.2,0.0,Snow,normal
2025-10-22 15:00:00,24.9,71.9,46.6,64.9,-9.2,0.0,Clear,peak_solar
2025-10-22 16:00:00,12.3,1.8,59.1,47.0,-11.8,0.0,Snow,normal
2025-10-22 17:00:00,13.2,1.2,50.3,32.6,-10.5,0.0,Cloudy,normal
2025-10-22 18:00:00,6.6,4.9,50.5,17.0,-7.8,0.0,Snow,normal
2025-10-22 19:00:00,6.2,120.0,55.2,43.1,-15.3,0.0,Cloudy,normal
2025-10-22 20:00:00,2.1,0.0,50.8,23.6,-8.9,0.0,Cloudy,normal
2025-10-22 21:00:00,0.0,0.0,47.0,15.0,-11.0,0.0,Snow,storm
2025-10-22 22:00:00,0.0,120.0,52.8,39.7,-12.4,0.0,Storm,normal
2025-10-22 23:00:00,0.0,0.2,45.0,21.8,-9.9,0.0,Clear,normal
2025-10-23 00:00:00,0.0,7.7,49.0,15.0,-8.1,0.0,Snow,storm
2025-10-23 01:00:00,0.0,2.6,45.0,15.0,-8.8,0.0,Clear,storm
2025-10-23 02:00:00,0.0,120.0,45.0,42.6,-11.8,0.0,Storm,normal
2025-10-23 03:00:00,0.0,120.0,45.0,70.2,-10.0,0.0,Clear,normal
2025-10-23 04:00:00,2.2,0.0,48.4,51.7,-10.3,0.0,Cloudy,normal
2025-10-23 05:00:00,5.8,17.8,45.0,43.2,-12.8,0.0,Cloudy,normal
2025-10-23 06:00:00,6.0,35.8,45.0,41.9,-14.3,0.0,Snow,normal
2025-10-23 07:00:00,14.6,66.2,56.6,50.8,-14.4,0.0,Cloudy,normal
2025-10-23 08:00:00,14.8,0.0,53.7,35.3,-11.2,0.0,Cloudy,normal
2025-10-23 09:00:00,28.7,0.0,62.0,22.0,-13.0,0.0,Clear,normal
2025-10-23 10:00:00,15.7,78.6,62.2,33.8,-15.1,0.0,Snow,normal
2025-10-23 11:00:00,31.2,0.0,62.5,21.2,-16.3,0.0,Clear,normal
2025-10-23 12:00:00,17.6,34.3,58.4,18.7,-10.4,0.0,Snow,normal
2025-10-23 13:00:00,37.9,0.0,55.0,15.0,-13.1,0.0,Clear,storm
2025-10-23 14:00:00,14.8,0.0,49.2,15.0,-10.8,0.0,Snow,storm
2025-10-23 15:00:00,28.4,0.2,53.5,15.0,-8.4,0.0,Clear,storm
2025-10-23 16:00:00,18.5,11.0,55.2,15.0,-13.6,0.0,Cloudy,storm
2025-10-23 17:00:00,11.1,30.2,55.9,15.0,-10.5,0.0,Snow,storm
2025-10-23 18:00:00,10.0,41.5,57.2,15.0,-10.6,0.0,Cloudy,storm
2025-10-23 19:00:00,9.4,103.4,49.0,38.5,-9.2,0.0,Clear,normal
2025-10-23 20:00:00,1.3,0.2,47.9,20.0,-7.3,0.0,Snow,normal
2025-10-23 21:00:00,0.0,90.3,47.6,35.6,-13.0,0.0,Cloudy,normal
2025-10-23 22:00:00,0.0,14.9,49.1,22.0,-9.0,0.0,Clear,normal
2025-10-23 23:00:00,0.0,23.3,45.0,15.0,-8.2,0.0,Snow,storm
2025-10-24 00:00:00,0.0,120.0,53.3,39.5,-11.0,0.0,Storm,normal
2025-10-24 01:00:00,0.0,58.3,45.0,44.4,-11.2,0.0,Clear,normal
2025-10-24 02:00:00,0.0,5.6,51.9,26.0,-10.4,0.0,Snow,normal
2025-10-24 03:00:00,0.0,2.9,46.9,15.0,-10.9,0.0,Clear,storm
2025-10-24 04:00:00,4.4,11.2,47.9,15.0,-10.8,0.0,Clear,storm
2025-10-24 05:00:00,9.6,0.0,48.4,15.0,-11.1,0.0,Clear,storm
2025-10-24 06:00:00,6.9,33.5,45.0,15.0,-14.8,0.0,Snow,storm
2025-10-24 07:00:00,14.4,10.7,45.0,15.0,-10.6,0.0,Cloudy,storm
2025-10-24 08:00:00,11.9,22.2,52.6,15.0,-10.2,0.0,Snow,storm
2025-10-24 09:00:00,13.4,14.4,60.2,15.0,-12.3,0.0,Snow,storm
2025-10-24 10:00:00,19.9,0.0,58.6,15.0,-15.9,0.0,Cloudy,storm
2025-10-24 11:00:00,21.4,63.6,61.3,23.7,-12.6,0.0,Cloudy,normal
2025-10-24 12:00:00,31.5,1.0,61.9,15.0,-11.6,0.0,Clear,storm
2025-10-24 13:00:00,20.7,120.0,59.6,44.8,-14.2,0.0,Cloudy,normal
2025-10-24 14:00:00,11.7,77.7,55.9,57.2,-12.1,0.0,Snow,normal
2025-10-24 15:00:00,8.8,120.0,52.9,85.1,-14.0,0.0,Storm,normal
2025-10-24 16:00:00,15.7,11.0,54.8,73.9,-9.2,0.0,Cloudy,normal
2025-10-24 17:00:00,12.9,102.0,51.7,95.0,-9.9,0.0,Cloudy,normal
2025-10-24 18:00:00,9.8,120.0,62.2,95.0,-13.6,0.0,Storm,normal
2025-10-24 19:00:00,7.5,0.6,46.3,79.7,-9.1,0.0,Cloudy,normal
2025-10-24 20:00:00,3.4,120.0,50.3,95.0,-9.9,0.0,Clear,normal
2025-10-24 21:00:00,0.0,55.8,47.5,95.0,-8.7,0.0,Snow,normal
2025-10-24 22:00:00,0.0,0.0,52.9,73.9,-10.9,0.0,Clear,normal
2025-10-24 23:00:00,0.0,7.3,50.0,56.8,-12.0,0.0,Clear,normal
2025-10-25 00:00:00,0.0,120.0,52.2,81.7,-12.0,0.0,Storm,normal
2025-10-25 01:00:00,0.0,120.0,47.8,95.0,-11.9,0.0,Clear,normal
2025-10-25 02:00:00,0.0,42.8,53.0,90.9,-11.1,0.0,Clear,normal
2025-10-25 03:00:00,0.0,0.7,47.3,72.3,-11.2,0.0,Cloudy,normal
2025-10-25 04:00:00,3.6,0.0,49.5,53.9,-12.3,0.0,Cloudy,normal
2025-10-25 05:00:00,8.5,0.0,49.1,37.6,-13.1,0.0,Cloudy,normal
2025-10-25 06:00:00,13.4,12.3,47.4,29.0,-13.2,0.0,Clear,normal
2025-10-25 07:00:00,14.9,12.3,45.0,21.9,-7.0,0.0,Cloudy,normal
2025-10-25 08:00:00,18.2,120.0,58.5,51.2,-14.3,0.0,Storm,normal
2025-10-25 09:00:00,19.0,0.1,58.8,35.3,-13.8,0.0,Cloudy,normal
2025-10-25 10:00:00,26.1,0.0,45.0,27.7,-5.1,0.0,Clear,normal
2025-10-25 11:00:00,24.0,57.2,51.0,38.8,-11.2,0.0,Cloudy,peak_solar
2025-10-25 12:00:00,23.2,3.1,56.0,27.0,-14.9,0.0,Cloudy,normal
2025-10-25 13:00:00,26.6,2.9,46.9,20.0,-9.6,0.0,Cloudy,normal
2025-10-25 14:00:00,22.3,120.0,52.6,53.0,-13.1,0.0,Cloudy,normal
2025-10-25 15:00:00,8.9,0.0,54.8,34.7,-8.7,0.0,Snow,normal
2025-10-25 16:00:00,11.6,120.0,55.3,62.8,-10.8,0.0,Snow,normal
2025-10-25 17:00:00,11.1,41.5,58.1,60.6,-11.0,0.0,Snow,normal
2025-10-25 18:00:00,12.2,1.9,53.2,45.0,-6.3,0.0,Cloudy,normal
2025-10-25 19:00:00,8.3,11.1,55.6,30.5,-8.4,0.0,Cloudy,normal
2025-10-25 20:00:00,3.4,0.3,50.9,15.0,-7.5,0.0,Cloudy,storm
2025-10-25 21:00:00,0.0,6.3,49.3,15.0,-8.7,0.0,Clear,storm
2025-10-25 22:00:00,0.0,120.0,45.0,42.6,-10.8,0.0,Storm,normal
2025-10-25 23:00:00,0.0,0.6,49.1,23.2,-8.7,0.0,Clear,normal
2025-10-26 00:00:00,0.0,0.0,46.2,15.0,-7.5,0.0,Cloudy,storm
2025-10-26 01:00:00,0.0,12.1,48.0,15.0,-10.2,0.0,Snow,storm
2025-10-26 02:00:00,0.0,120.0,45.0,42.6,-6.9,0.0,Storm,normal
2025-10-26 03:00:00,0.0,23.3,45.0,33.9,-9.4,0.0,Snow,normal
2025-10-26 04:00:00,2.1,4.8,46.4,18.1,-11.2,0.0,Snow,normal
2025-10-26 05:00:00,10.2,4.1,45.0,15.0,-11.4,0.0,Clear,storm
2025-10-26 06:00:00,11.6,120.0,51.2,44.6,-11.9,0.0,Cloudy,normal
2025-10-26 07:00:00,11.2,32.7,48.4,42.8,-15.1,0.0,Snow,normal
2025-10-26 08:00:00,20.5,0.0,54.1,29.4,-12.6,0.0,Cloudy,normal
2025-10-26 09:00:00,21.9,55.8,47.8,40.4,-11.9,0.0,Cloudy,normal
2025-10-26 10:00:00,19.3,18.1,52.1,34.5,-13.1,0.0,Cloudy,normal
2025-10-26 11:00:00,34.7,105.8,64.8,62.4,-11.2,0.0,Clear,peak_solar
2025-10-26 12:00:00,19.8,120.0,52.2,94.6,-11.6,0.0,Storm,normal
2025-10-26 13:00:00,29.6,120.0,56.8,95.0,-9.6,0.0,Storm,peak_solar
2025-10-26 14:00:00,24.7,11.4,47.4,90.5,-9.4,0.0,Cloudy,normal
2025-10-26 15:00:00,24.8,31.2,47.8,93.5,-10.1,0.0,Clear,peak_solar
2025-10-26 16:00:00,18.2,120.0,56.2,95.0,-13.2,0.0,Storm,normal
2025-10-26 17:00:00,13.9,18.0,49.2,88.1,-5.9,0.0,Cloudy,normal
2025-10-26 18:00:00,9.2,120.0,50.5,95.0,-9.9,0.0,Cloudy,normal
2025-10-26 19:00:00,10.9,0.2,52.6,78.4,-9.6,0.0,Clear,normal
2025-10-26 20:00:00,5.2,0.4,50.0,60.6,-10.1,0.0,Clear,normal
2025-10-26 21:00:00,0.0,120.0,50.4,86.2,-10.5,0.0,Storm,normal
2025-10-26 22:00:00,0.0,86.3,49.3,95.0,-6.2,0.0,Clear,normal
2025-10-26 23:00:00,0.0,7.3,46.0,79.5,-6.8,0.0,Cloudy,normal
2025-10-27 00:00:00,0.0,1.4,45.0,62.1,-9.0,0.0,Snow,normal
2025-10-27 01:00:00,0.0,4.0,47.3,44.8,-10.5,0.0,Clear,normal
2025-10-27 02:00:00,0.0,0.0,45.0,26.8,-9.3,0.0,Cloudy,normal
2025-10-27 03:00:00,0.0,69.0,45.0,35.6,-10.9,0.0,Clear,normal
2025-10-27 04:00:00,3.8,53.6,49.8,38.4,-11.9,0.0,Cloudy,normal
2025-10-27 05:00:00,10.0,50.3,46.5,43.5,-11.0,0.0,Clear,normal
2025-10-27 06:00:00,9.5,120.0,48.5,73.3,-13.0,0.0,Storm,normal
2025-10-27 07:00:00,13.2,14.9,46.8,65.8,-11.6,0.0,Cloudy,normal
2025-10-27 08:00:00,23.8,40.2,51.1,70.6,-11.7,0.0,Clear,normal
2025-10-27 09:00:00,17.9,0.0,49.8,57.9,-10.8,0.0,Cloudy,normal
2025-10-27 10:00:00,26.2,87.2,55.3,79.2,-13.4,0.0,Clear,peak_solar
2025-10-27 11:00:00,20.7,57.0,52.4,88.5,-10.2,0.0,Cloudy,normal
2025-10-27 12:00:00,29.1,0.0,58.1,76.9,-13.4,0.0,Clear,normal
2025-10-27 13:00:00,22.4,7.3,58.8,65.2,-12.3,0.0,Cloudy,normal
2025-10-27 14:00:00,22.8,120.0,54.2,95.0,-11.9,0.0,Storm,normal
2025-10-27 15:00:00,17.1,37.0,56.4,94.1,-12.7,0.0,Cloudy,normal
2025-10-27 16:00:00,12.7,0.9,54.4,77.8,-7.7,0.0,Snow,normal
2025-10-27 17:00:00,20.8,57.4,53.8,86.8,-11.8,0.0,Clear,normal
2025-10-27 18:00:00,18.9,120.0,55.6,95.0,-10.9,0.0,Storm,normal
2025-10-27 19:00:00,8.0,0.0,50.4,78.0,-6.5,0.0,Cloudy,normal
2025-10-27 20:00:00,2.3,79.7,52.1,89.1,-10.4,0.0,Snow,normal
2025-10-27 21:00:00,0.0,33.4,45.0,84.4,-9.7,0.0,Cloudy,normal
2025-10-27 22:00:00,0.0,0.0,45.0,66.4,-11.6,0.0,Clear,normal
2025-10-27 23:00:00,0.0,37.7,47.0,62.7,-7.8,0.0,Clear,normal
2025-10-28 00:00:00,0.0,1.5,45.0,45.3,-7.9,0.0,Snow,normal
2025-10-28 01:00:00,0.0,4.8,50.6,27.0,-8.5,0.0,Cloudy,normal
2025-10-28 02:00:00,0.0,57.2,45.0,31.5,-9.3,0.0,Snow,normal
2025-10-28 03:00:00,0.2,51.8,45.0,34.0,-10.7,0.0,Cloudy,normal
2025-10-28 04:00:00,5.5,49.0,45.2,37.5,-12.4,0.0,Clear,normal
2025-10-28 05:00:00,11.2,120.0,45.0,69.2,-13.3,0.0,Storm,normal
2025-10-28 06:00:00,12.6,8.2,45.0,59.5,-8.9,0.0,Cloudy,normal
2025-10-28 07:00:00,20.8,0.0,45.7,49.6,-10.3,0.0,Clear,normal
2025-10-28 08:00:00,13.6,80.9,50.2,65.8,-13.5,0.0,Snow,normal
2025-10-28 09:00:00,18.3,32.1,48.7,66.5,-11.8,0.0,Cloudy,normal
2025-10-28 10:00:00,21.0,1.9,55.6,53.4,-12.4,0.0,Cloudy,normal
2025-10-28 11:00:00,25.0,1.3,57.3,41.0,-14.0,0.0,Cloudy,normal
2025-10-28 12:00:00,21.6,120.0,55.8,72.6,-10.8,0.0,Storm,normal
2025-10-28 13:00:00,28.1,0.0,55.7,61.5,-11.8,0.0,Clear,normal
2025-10-28 14:00:00,26.7,30.2,55.4,62.1,-12.6,0.0,Clear,peak_solar
2025-10-28 15:00:00,16.2,1.1,58.7,45.6,-13.4,0.0,Cloudy,normal
2025-10-28 16:00:00,16.6,43.6,59.8,45.7,-13.2,0.0,Cloudy,normal
2025-10-28 17:00:00,8.3,0.4,53.4,27.8,-10.2,0.0,Snow,normal
2025-10-28 18:00:00,15.0,46.4,54.4,30.4,-9.4,0.0,Clear,normal
2025-10-28 19:00:00,6.8,120.0,45.0,60.5,-11.0,0.0,Cloudy,normal
2025-10-28 20:00:00,3.8,2.1,48.8,43.3,-7.6,0.0,Cloudy,normal
2025-10-28 21:00:00,0.1,3.9,50.0,25.0,-9.2,0.0,Snow,normal
2025-10-28 22:00:00,0.0,41.9,45.0,23.7,-7.9,0.0,Cloudy,normal
2025-10-28 23:00:00,0.0,99.0,46.8,42.9,-9.8,0.0,Cloudy,normal
2025-10-29 00:00:00,0.0,120.0,47.2,69.7,-11.3,0.0,Storm,normal
2025-10-29 01:00:00,0.0,4.2,45.0,53.4,-9.6,0.0,Cloudy,normal
2025-10-29 02:00:00,0.0,3.8,49.9,35.0,-13.1,0.0,Snow,normal
2025-10-29 03:00:00,0.5,0.0,45.0,17.2,-9.5,0.0,Cloudy,normal
2025-10-29 04:00:00,6.3,0.0,46.1,15.0,-13.1,0.0,Clear,storm
2025-10-29 05:00:00,12.7,120.0,45.0,47.3,-9.3,0.0,Clear,normal
2025-10-29 06:00:00,8.3,9.5,45.0,36.4,-12.3,0.0,Snow,normal
2025-10-29 07:00:00,14.7,0.0,45.0,24.3,-9.4,0.0,Cloudy,normal
2025-10-29 08:00:00,16.5,120.0,55.3,54.2,-14.3,0.0,Cloudy,normal
2025-10-29 09:00:00,23.4,120.0,56.5,86.1,-13.2,0.0,Cloudy,normal
2025-10-29 10:00:00,33.2,79.2,52.2,95.0,-10.7,0.0,Clear,peak_solar
2025-10-29 11:00:00,16.8,3.6,50.0,83.2,-8.8,0.0,Snow,normal
2025-10-29 12:00:00,30.9,33.2,60.7,84.4,-7.4,0.0,Clear,peak_solar
2025-10-29 13:00:00,24.4,0.1,56.5,71.6,-10.6,0.0,Cloudy,normal
2025-10-29 14:00:00,22.7,89.3,45.0,95.0,-6.2,0.0,Cloudy,normal
2025-10-29 15:00:00,18.1,1.6,54.5,81.1,-10.5,0.0,Cloudy,normal
2025-10-29 16:00:00,18.1,120.0,51.3,95.0,-7.1,0.0,Storm,normal
2025-10-29 17:00:00,17.6,58.3,68.3,95.0,-11.3,0.0,Cloudy,normal
2025-10-29 18:00:00,8.7,0.0,52.4,77.5,-8.1,0.0,Snow,normal
2025-10-29 19:00:00,12.4,120.0,65.4,95.0,-14.0,0.0,Clear,normal
2025-10-29 20:00:00,3.3,120.0,52.7,95.0,-11.3,0.0,Snow,normal
2025-10-29 21:00:00,0.6,114.4,45.0,95.0,-7.8,0.0,Cloudy,normal
2025-10-29 22:00:00,0.0,120.0,45.0,95.0,-11.9,0.0,Clear,normal
2025-10-29 23:00:00,0.0,14.6,46.8,82.1,-8.3,0.0,Clear,normal
2025-10-30 00:00:00,0.0,31.2,45.0,76.6,-7.3,0.0,Clear,normal
2025-10-30 01:00:00,0.0,7.5,45.0,61.6,-10.8,0.0,Clear,normal
2025-10-30 02:00:00,0.0,0.0,49.3,41.9,-12.2,0.0,Cloudy,normal
2025-10-30 03:00:00,1.1,55.1,45.2,45.9,-11.5,0.0,Clear,normal
2025-10-30 04:00:00,4.1,0.0,48.6,28.2,-13.0,0.0,Cloudy,normal
2025-10-30 05:00:00,11.9,0.0,45.0,15.0,-11.4,0.0,Clear,storm
2025-10-30 06:00:00,12.2,1.2,45.0,15.0,-11.2,0.0,Cloudy,storm
2025-10-30 07:00:00,16.3,17.3,52.3,15.0,-12.2,0.0,Cloudy,storm
2025-10-30 08:00:00,13.3,120.0,55.5,43.6,-7.9,0.0,Storm,normal
2025-10-30 09:00:00,9.9,1.1,55.1,26.0,-13.1,0.0,Snow,normal
2025-10-30 10:00:00,19.7,120.0,51.7,58.4,-8.3,0.0,Storm,normal
2025-10-30 11:00:00,18.5,120.0,52.6,90.0,-13.4,0.0,Cloudy,normal
2025-10-30 12:00:00,29.7,39.5,52.6,95.0,-10.7,0.0,Clear,peak_solar
2025-10-30 13:00:00,27.8,0.6,60.6,82.1,-7.9,0.0,Clear,normal
2025-10-30 14:00:00,19.7,18.1,57.8,74.2,-7.6,0.0,Cloudy,normal
2025-10-30 15:00:00,12.6,22.9,54.7,66.5,-10.6,0.0,Snow,normal
2025-10-30 16:00:00,23.8,85.4,45.0,90.1,-8.1,0.0,Clear,normal
2025-10-30 17:00:00,8.1,0.8,53.2,72.4,-8.1,0.0,Snow,normal
2025-10-30 18:00:00,18.2,120.0,51.9,95.0,-10.0,0.0,Clear,normal
2025-10-30 19:00:00,7.0,12.6,48.6,83.4,-7.3,0.0,Cloudy,normal
2025-10-30 20:00:00,5.8,54.7,47.5,88.1,-4.5,0.0,Clear,normal
2025-10-30 21:00:00,0.9,9.6,50.3,72.2,-7.6,0.0,Cloudy,normal
2025-10-30 22:00:00,0.0,120.0,45.0,95.0,-7.5,0.0,Storm,normal
2025-10-30 23:00:00,0.0,0.1,46.5,76.4,-7.5,0.0,Snow,normal
2025-10-31 00:00:00,0.0,33.0,49.1,70.0,-12.4,0.0,Snow,normal
2025-10-31 01:00:00,0.0,0.0,45.1,52.0,-8.5,0.0,Clear,normal
2025-10-31 02:00:00,0.0,65.9,49.8,57.9,-12.1,0.0,Snow,normal
2025-10-31 03:00:00,1.4,0.0,45.0,40.5,-11.6,0.0,Cloudy,normal
2025-10-31 04:00:00,4.6,6.0,45.0,26.7,-5.9,0.0,Cloudy,normal
2025-10-31 05:00:00,10.7,3.7,52.9,15.0,-11.5,0.0,Clear,storm
2025-10-31 06:00:00,18.9,120.0,45.0,49.6,-12.8,0.0,Storm,normal
2025-10-31 07:00:00,8.7,0.7,45.0,35.3,-8.8,0.0,Snow,normal
2025-10-31 08:00:00,18.3,120.0,63.8,62.8,-13.5,0.0,Cloudy,normal
2025-10-31 09:00:00,17.9,0.0,56.7,47.2,-12.3,0.0,Cloudy,normal
2025-10-31 10:00:00,24.2,17.2,53.8,42.3,-8.4,0.0,Cloudy,normal
2025-10-31 11:00:00,25.9,120.0,56.3,75.2,-10.9,0.0,Storm,peak_solar
2025-10-31 12:00:00,25.9,0.0,61.8,60.9,-14.1,0.0,Cloudy,normal
2025-10-31 13:00:00,14.0,120.0,57.6,89.0,-9.1,0.0,Snow,normal
2025-10-31 14:00:00,24.7,9.7,48.1,83.6,-10.8,0.0,Cloudy,normal
2025-10-31 15:00:00,20.4,0.0,54.4,70.0,-6.1,0.0,Cloudy,normal
2025-10-31 16:00:00,20.9,120.0,53.3,95.0,-10.5,0.0,Cloudy,normal
2025-10-31 17:00:00,20.2,74.1,46.5,95.0,-6.5,0.0,Clear,normal
2025-10-31 18:00:00,11.0,0.3,45.0,81.5,-4.7,0.0,Cloudy,normal
2025-10-31 19:00:00,5.0,85.6,54.3,94.9,-10.3,0.0,Snow,normal
2025-10-31 20:00:00,5.4,0.0,49.6,77.2,-8.8,0.0,Cloudy,normal
2025-10-31 21:00:00,1.5,1.6,45.0,60.4,-7.6,0.0,Cloudy,normal
2025-10-31 22:00:00,0.0,15.9,45.5,48.6,-10.5,0.0,Clear,normal
2025-10-31 23:00:00,0.0,13.4,45.0,36.0,-8.2,0.0,Snow,normal
2025-11-01 00:00:00,0.0,48.8,47.6,36.4,-9.4,0.0,Cloudy,normal
2025-11-01 01:00:00,0.0,120.0,49.5,62.4,-9.8,0.0,Storm,normal
2025-11-01 02:00:00,0.0,0.0,49.2,42.7,-9.6,0.0,Cloudy,normal
2025-11-01 03:00:00,1.5,26.9,51.0,33.6,-9.9,0.0,Cloudy,normal
2025-11-01 04:00:00,6.5,29.0,45.0,29.8,-10.1,0.0,Clear,normal
2025-11-01 05:00:00,5.6,120.0,45.0,59.5,-12.1,0.0,Storm,normal
2025-11-01 06:00:00,20.5,12.9,46.9,54.1,-12.2,0.0,Clear,normal
2025-11-01 07:00:00,13.0,0.0,45.0,41.3,-11.4,0.0,Cloudy,normal
2025-11-01 08:00:00,11.1,20.0,49.0,34.2,-11.3,0.0,Snow,normal
2025-11-01 09:00:00,24.8,0.0,54.1,22.5,-12.1,0.0,Clear,normal
2025-11-01 10:00:00,22.1,120.0,56.0,54.2,-10.3,0.0,Cloudy,normal
2025-11-01 11:00:00,27.5,15.0,62.5,46.1,-14.7,0.0,Clear,normal
2025-11-01 12:00:00,32.1,43.8,54.6,53.9,-12.0,0.0,Clear,peak_solar
2025-11-01 13:00:00,30.6,0.1,58.0,43.0,-10.7,0.0,Clear,normal
2025-11-01 14:00:00,22.4,0.1,54.6,30.1,-11.6,0.0,Cloudy,normal
2025-11-01 15:00:00,22.8,70.6,45.0,47.9,-5.7,0.0,Cloudy,normal
2025-11-01 16:00:00,19.3,5.8,46.5,39.4,-8.9,0.0,Cloudy,normal
2025-11-01 17:00:00,12.6,0.7,52.8,23.5,-8.2,0.0,Cloudy,normal
2025-11-01 18:00:00,15.5,120.0,45.3,56.7,-9.5,0.0,Storm,normal
2025-11-01 19:00:00,12.2,21.7,46.0,51.9,-8.3,0.0,Clear,normal
2025-11-01 20:00:00,5.5,1.4,47.8,35.6,-10.9,0.0,Cloudy,normal
2025-11-01 21:00:00,2.1,25.8,45.0,28.7,-8.6,0.0,Clear,normal
2025-11-01 22:00:00,0.0,3.1,46.4,15.0,-10.4,0.0,Cloudy,storm
2025-11-01 23:00:00,0.0,57.0,45.0,19.4,-9.2,0.0,Clear,normal
2025-11-02 00:00:00,0.0,0.0,52.4,15.0,-14.4,0.0,Cloudy,storm
2025-11-02 01:00:00,0.0,120.0,46.6,42.0,-11.6,0.0,Cloudy,normal
2025-11-02 02:00:00,0.0,3.0,45.0,25.2,-6.3,0.0,Cloudy,normal
2025-11-02 03:00:00,1.2,0.0,45.0,15.0,-8.1,0.0,Snow,storm
2025-11-02 04:00:00,5.8,0.0,45.0,15.0,-7.3,0.0,Cloudy,storm
2025-11-02 05:00:00,7.2,7.3,45.0,15.0,-7.5,0.0,Snow,storm
2025-11-02 06:00:00,11.0,0.7,45.0,15.0,-9.3,0.0,Cloudy,storm
2025-11-02 07:00:00,15.6,0.0,46.8,15.0,-11.9,0.0,Cloudy,storm
2025-11-02 08:00:00,20.0,0.0,55.3,15.0,-13.3,0.0,Cloudy,storm
2025-11-02 09:00:00,32.3,15.2,50.4,15.0,-8.4,0.0,Clear,storm
2025-11-02 10:00:00,23.3,29.6,53.1,15.0,-10.6,0.0,Cloudy,storm
2025-11-02 11:00:00,14.6,18.7,49.0,15.0,-5.1,0.0,Snow,storm
2025-11-02 12:00:00,20.9,120.0,53.2,47.3,-11.0,0.0,Storm,normal
2025-11-02 13:00:00,32.5,43.0,45.0,58.5,-5.5,0.0,Clear,peak_solar
2025-11-02 14:00:00,15.1,1.3,52.6,44.0,-9.8,0.0,Snow,normal
2025-11-02 15:00:00,23.8,0.0,45.3,35.4,-6.2,0.0,Storm,normal
2025-11-02 16:00:00,17.0,0.2,52.5,21.3,-5.0,0.0,Cloudy,normal
2025-11-02 17:00:00,18.9,0.0,55.4,15.0,-10.7,0.0,Clear,storm
2025-11-02 18:00:00,6.8,79.2,56.2,25.9,-9.3,0.0,Snow,normal
2025-11-02 19:00:00,10.9,120.0,51.1,55.3,-10.3,0.0,Storm,normal
2025-11-02 20:00:00,4.9,120.0,57.3,80.2,-10.7,0.0,Cloudy,normal
2025-11-02 21:00:00,1.8,5.9,45.0,65.2,-6.6,0.0,Cloudy,normal
2025-11-02 22:00:00,0.0,0.4,45.0,47.4,-8.6,0.0,Clear,normal
2025-11-02 23:00:00,0.0,66.4,45.0,55.3,-8.3,0.0,Clear,normal
2025-11-03 00:00:00,0.0,7.0,45.0,40.1,-7.3,0.0,Clear,normal
2025-11-03 01:00:00,0.0,4.6,54.9,20.0,-13.0,0.0,Snow,normal
2025-11-03 02:00:00,0.0,120.0,45.0,47.6,-6.5,0.0,Storm,normal
2025-11-03 03:00:00,3.4,0.0,45.0,30.9,-10.4,0.0,Clear,normal
2025-11-03 04:00:00,5.2,37.0,45.0,29.8,-8.9,0.0,Cloudy,normal
2025-11-03 05:00:00,8.1,0.6,56.2,15.0,-9.0,0.0,Cloudy,storm
2025-11-03 06:00:00,15.5,13.0,45.9,15.0,-7.6,0.0,Clear,storm
2025-11-03 07:00:00,22.3,0.1,45.0,15.0,-11.0,0.0,Clear,storm
2025-11-03 08:00:00,13.3,7.0,62.2,15.0,-15.5,0.0,Snow,storm
2025-11-03 09:00:00,20.7,120.0,54.1,46.9,-10.6,0.0,Storm,normal
2025-11-03 10:00:00,28.6,99.3,63.6,70.6,-10.1,0.0,Clear,peak_solar
2025-11-03 11:00:00,35.9,65.2,55.9,87.2,-12.6,0.0,Clear,peak_solar
2025-11-03 12:00:00,23.2,14.2,51.7,81.4,-9.7,0.0,Cloudy,normal
2025-11-03 13:00:00,22.0,10.6,53.2,73.2,-10.5,0.0,Cloudy,normal
2025-11-03 14:00:00,22.1,17.4,53.6,67.5,-12.2,0.0,Cloudy,normal
2025-11-03 15:00:00,20.2,49.9,47.5,75.8,-7.4,0.0,Cloudy,normal
2025-11-03 16:00:00,18.3,103.7,48.3,95.0,-9.8,0.0,Cloudy,normal
2025-11-03 17:00:00,12.7,120.0,50.2,95.0,-9.1,0.0,Storm,normal
2025-11-03 18:00:00,12.0,5.6,55.1,80.0,-9.0,0.0,Cloudy,normal
2025-11-03 19:00:00,9.3,120.0,47.1,95.0,-5.1,0.0,Storm,normal
2025-11-03 20:00:00,9.9,120.0,48.6,95.0,-7.9,0.0,Storm,normal
2025-11-03 21:00:00,2.0,120.0,45.0,95.0,-7.7,0.0,Cloudy,normal
2025-11-03 22:00:00,0.0,10.0,46.8,80.3,-9.0,0.0,Clear,normal
2025-11-03 23:00:00,0.0,120.0,48.6,95.0,-7.2,0.0,Cloudy,normal
2025-11-04 00:00:00,0.0,0.0,45.0,77.0,-5.4,0.0,Clear,normal
2025-11-04 01:00:00,0.0,120.0,45.0,95.0,-7.3,0.0,Storm,normal
2025-11-04 02:00:00,0.0,120.0,45.0,95.0,-7.6,0.0,Snow,normal
2025-11-04 03:00:00,4.1,8.5,46.5,81.4,-8.2,0.0,Clear,normal
2025-11-04 04:00:00,8.1,6.5,52.1,66.5,-12.9,0.0,Clear,normal
2025-11-04 05:00:00,5.8,0.0,47.7,49.7,-12.1,0.0,Snow,normal
2025-11-04 06:00:00,13.1,120.0,45.0,82.2,-10.8,0.0,Cloudy,normal
2025-11-04 07:00:00,14.4,7.1,48.7,71.3,-12.1,0.0,Cloudy,normal
2025-11-04 08:00:00,28.6,120.0,56.8,95.0,-12.9,0.0,Storm,peak_solar
2025-11-04 09:00:00,27.7,0.0,59.0,82.5,-14.7,0.0,Clear,normal
2025-11-04 10:00:00,28.5,0.1,52.2,73.0,-13.4,0.0,Clear,normal
2025-11-04 11:00:00,21.2,0.0,49.2,61.8,-10.7,0.0,Cloudy,normal
2025-11-04 12:00:00,17.0,0.0,46.5,50.0,-10.0,0.0,Snow,normal
2025-11-04 13:00:00,15.4,77.4,58.8,62.6,-11.2,0.0,Snow,normal
2025-11-04 14:00:00,27.3,0.0,56.6,50.8,-8.9,0.0,Clear,normal
2025-11-04 15:00:00,26.3,0.1,46.2,42.9,-9.7,0.0,Clear,normal
2025-11-04 16:00:00,13.8,0.0,45.7,30.2,-5.9,0.0,Snow,normal
2025-11-04 17:00:00,15.7,3.1,48.2,18.4,-8.4,0.0,Cloudy,normal
2025-11-04 18:00:00,12.1,120.0,52.9,47.5,-6.3,0.0,Storm,normal
2025-11-04 19:00:00,7.7,49.0,50.6,49.8,-7.2,0.0,Snow,normal
2025-11-04 20:00:00,5.7,23.2,59.9,37.4,-10.7,0.0,Cloudy,normal
2025-11-04 21:00:00,2.5,12.8,45.0,25.5,-7.8,0.0,Cloudy,normal
2025-11-04 22:00:00,0.0,1.5,45.0,15.0,-10.5,0.0,Clear,storm
2025-11-04 23:00:00,0.0,1.6,45.0,15.0,-8.3,0.0,Cloudy,storm
2025-11-05 00:00:00,0.0,19.7,45.0,15.0,-9.8,0.0,Cloudy,storm
2025-11-05 01:00:00,0.0,120.0,46.9,41.9,-7.7,0.0,Storm,normal
2025-11-05 02:00:00,0.0,1.0,54.6,20.5,-11.9,0.0,Snow,normal
2025-11-05 03:00:00,3.0,120.0,46.3,48.7,-9.3,0.0,Cloudy,normal
2025-11-05 04:00:00,6.6,0.0,45.0,33.4,-8.4,0.0,Cloudy,normal
2025-11-05 05:00:00,8.8,74.7,45.0,47.5,-8.0,0.0,Cloudy,normal
2025-11-05 06:00:00,7.0,120.0,45.0,77.7,-11.9,0.0,Storm,normal
2025-11-05 07:00:00,23.0,9.7,45.0,72.8,-10.3,0.0,Clear,normal
2025-11-05 08:00:00,17.0,1.5,46.3,61.6,-10.0,0.0,Cloudy,normal
2025-11-05 09:00:00,16.2,74.1,51.8,75.8,-6.9,0.0,Snow,normal
2025-11-05 10:00:00,28.8,120.0,55.8,95.0,-13.5,0.0,Storm,peak_solar
2025-11-05 11:00:00,26.8,120.0,58.3,95.0,-12.0,0.0,Cloudy,peak_solar
2025-11-05 12:00:00,19.5,120.0,49.5,95.0,-3.5,0.0,Storm,normal
2025-11-05 13:00:00,16.9,13.3,50.7,86.8,-9.9,0.0,Snow,normal
2025-11-05 14:00:00,27.5,10.8,60.2,78.1,-13.1,0.0,Clear,normal
2025-11-05 15:00:00,28.7,0.0,48.1,70.3,-9.8,0.0,Clear,normal
2025-11-05 16:00:00,11.6,1.2,67.7,48.3,-14.2,0.0,Snow,normal
2025-11-05 17:00:00,20.5,8.4,45.0,41.9,-7.3,0.0,Clear,normal
2025-11-05 18:00:00,12.3,11.7,51.8,30.8,-5.8,0.0,Cloudy,normal
2025-11-05 19:00:00,11.9,70.9,57.5,40.1,-9.5,0.0,Cloudy,normal
2025-11-05 20:00:00,6.0,2.0,52.1,22.4,-8.4,0.0,Cloudy,normal
2025-11-05 21:00:00,3.9,2.6,45.0,15.0,-5.4,0.0,Clear,storm
2025-11-05 22:00:00,0.0,120.0,45.0,42.6,-11.5,0.0,Storm,normal
2025-11-05 23:00:00,0.0,0.0,45.0,24.6,-10.7,0.0,Clear,normal
2025-11-06 00:00:00,0.0,0.0,45.0,15.0,-8.5,0.0,Clear,storm
2025-11-06 01:00:00,0.0,0.1,48.2,15.0,-10.0,0.0,Cloudy,storm
2025-11-06 02:00:00,0.0,0.0,46.3,15.0,-9.4,0.0,Clear,storm
2025-11-06 03:00:00,3.6,0.0,47.1,15.0,-11.9,0.0,Cloudy,storm
2025-11-06 04:00:00,10.0,3.3,45.0,15.0,-9.0,0.0,Clear,storm
2025-11-06 05:00:00,9.6,31.9,51.9,15.0,-10.1,0.0,Cloudy,storm
2025-11-06 06:00:00,12.4,2.8,45.0,15.0,-8.8,0.0,Cloudy,storm
2025-11-06 07:00:00,24.5,37.6,45.0,21.3,-9.7,0.0,Clear,peak_solar
2025-11-06 08:00:00,16.7,100.7,53.7,44.7,-9.8,0.0,Cloudy,normal
2025-11-06 09:00:00,22.7,22.9,49.7,43.0,-13.3,0.0,Cloudy,normal
2025-11-06 10:00:00,27.4,37.4,51.7,47.9,-8.9,0.0,Clear,peak_solar
2025-11-06 11:00:00,27.9,4.6,52.7,39.8,-10.5,0.0,Clear,normal
2025-11-06 12:00:00,18.7,1.9,52.1,27.2,-9.8,0.0,Cloudy,normal
2025-11-06 13:00:00,22.8,0.0,54.7,15.0,-6.8,0.0,Cloudy,storm
2025-11-06 14:00:00,27.5,113.3,48.3,49.0,-10.3,0.0,Clear,peak_solar
2025-11-06 15:00:00,30.3,20.1,48.2,49.9,-5.3,0.0,Clear,peak_solar
2025-11-06 16:00:00,17.6,30.2,45.3,50.8,-4.8,0.0,Cloudy,normal
2025-11-06 17:00:00,21.8,0.0,48.1,40.3,-6.0,0.0,Clear,normal
2025-11-06 18:00:00,11.8,0.2,55.9,22.7,-9.6,0.0,Cloudy,normal
2025-11-06 19:00:00,12.7,3.7,54.6,15.0,-12.1,0.0,Clear,storm
2025-11-06 20:00:00,8.9,0.0,46.7,15.0,-4.8,0.0,Clear,storm
2025-11-06 21:00:00,3.7,21.9,45.0,15.0,-7.0,0.0,Cloudy,storm
2025-11-06 22:00:00,0.0,17.8,47.1,15.0,-9.0,0.0,Cloudy,storm
2025-11-06 23:00:00,0.0,14.6,45.0,15.0,-5.1,0.0,Clear,storm
2025-11-07 00:00:00,0.0,107.9,45.0,38.2,-9.7,0.0,Clear,normal
2025-11-07 01:00:00,0.0,23.0,45.0,29.4,-9.1,0.0,Clear,normal
2025-11-07 02:00:00,0.3,120.0,45.0,57.1,-7.4,0.0,Storm,normal
2025-11-07 03:00:00,4.7,25.5,47.0,50.4,-11.4,0.0,Clear,normal
2025-11-07 04:00:00,9.0,0.6,45.0,36.3,-9.5,0.0,Clear,normal
2025-11-07 05:00:00,14.3,10.6,45.0,28.2,-7.2,0.0,Clear,normal
2025-11-07 06:00:00,21.2,0.0,46.5,18.1,-9.3,0.0,Clear,normal
2025-11-07 07:00:00,14.4,30.7,45.0,18.2,-7.2,0.0,Cloudy,normal
2025-11-07 08:00:00,17.9,0.2,52.5,15.0,-7.5,0.0,Cloudy,storm
2025-11-07 09:00:00,22.9,16.3,54.9,15.0,-9.9,0.0,Cloudy,storm
2025-11-07 10:00:00,29.5,0.6,61.8,15.0,-15.0,0.0,Clear,storm
2025-11-07 11:00:00,24.6,0.0,56.4,15.0,-12.0,0.0,Cloudy,storm
2025-11-07 12:00:00,24.5,120.0,51.5,49.2,-7.6,0.0,Storm,peak_solar
2025-11-07 13:00:00,27.8,0.5,54.6,38.7,-12.3,0.0,Clear,normal
2025-11-07 14:00:00,27.8,0.1,53.2,28.6,-9.2,0.0,Clear,normal
2025-11-07 15:00:00,27.5,76.0,52.5,47.4,-7.4,0.0,Clear,peak_solar
2025-11-07 16:00:00,20.2,3.2,49.5,37.0,-4.5,0.0,Cloudy,normal
2025-11-07 17:00:00,14.7,0.3,51.0,22.6,-8.7,0.0,Cloudy,normal
2025-11-07 18:00:00,11.0,81.2,60.1,34.4,-8.6,0.0,Snow,normal
2025-11-07 19:00:00,5.2,9.6,56.3,17.8,-7.2,0.0,Snow,normal
2025-11-07 20:00:00,7.7,110.8,45.9,44.4,-6.2,0.0,Cloudy,normal
2025-11-07 21:00:00,4.3,120.0,45.0,73.6,-7.4,0.0,Storm,normal
2025-11-07 22:00:00,0.3,2.8,46.3,56.3,-4.9,0.0,Cloudy,normal
2025-11-07 23:00:00,0.0,66.2,45.0,64.1,-9.2,0.0,Snow,normal
2025-11-08 00:00:00,0.0,120.0,45.0,91.7,-7.3,0.0,Storm,normal
2025-11-08 01:00:00,0.0,120.0,52.7,95.0,-7.0,0.0,Storm,normal
2025-11-08 02:00:00,0.5,1.0,45.0,77.6,-9.2,0.0,Snow,normal
2025-11-08 03:00:00,4.2,120.0,45.0,95.0,-6.9,0.0,Cloudy,normal
2025-11-08 04:00:00,12.4,0.0,45.0,82.0,-8.7,0.0,Clear,normal
2025-11-08 05:00:00,15.6,24.1,45.0,79.8,-7.6,0.0,Clear,normal
2025-11-08 06:00:00,11.0,0.0,47.4,65.2,-9.2,0.0,Snow,normal
2025-11-08 07:00:00,16.2,2.8,45.0,54.8,-8.9,0.0,Cloudy,normal
2025-11-08 08:00:00,20.3,120.0,48.6,88.6,-11.2,0.0,Storm,normal
2025-11-08 09:00:00,26.5,114.0,45.0,95.0,-11.2,0.0,Clear,peak_solar
2025-11-08 10:00:00,35.5,0.0,51.8,88.5,-6.9,0.0,Clear,normal
2025-11-08 11:00:00,30.0,0.0,51.2,80.0,-8.0,0.0,Clear,normal
2025-11-08 12:00:00,28.3,120.0,59.1,95.0,-11.3,0.0,Clear,peak_solar
2025-11-08 13:00:00,10.8,120.0,48.8,95.0,-8.3,0.0,Snow,normal
2025-11-08 14:00:00,18.4,120.0,55.4,95.0,-13.5,0.0,Cloudy,normal
2025-11-08 15:00:00,27.8,23.7,50.0,95.0,-9.2,0.0,Clear,peak_solar
2025-11-08 16:00:00,22.0,112.9,46.0,95.0,-5.5,0.0,Cloudy,normal
2025-11-08 17:00:00,25.3,3.4,52.0,85.7,-7.5,0.0,Clear,normal
2025-11-08 18:00:00,10.4,2.8,48.0,71.8,-6.8,0.0,Snow,normal
2025-11-08 19:00:00,13.9,20.1,49.7,65.6,-13.5,0.0,Clear,normal
2025-11-08 20:00:00,9.7,0.3,55.9,47.1,-7.7,0.0,Clear,normal
2025-11-08 21:00:00,3.8,0.1,45.0,30.7,-6.1,0.0,Cloudy,normal
2025-11-08 22:00:00,0.5,55.4,45.0,34.7,-6.0,0.0,Snow,normal
2025-11-08 23:00:00,0.0,69.0,45.3,43.4,-5.1,0.0,Cloudy,normal
2025-11-09 00:00:00,0.0,0.1,45.0,25.4,-7.8,0.0,Cloudy,normal
2025-11-09 01:00:00,0.0,1.0,45.0,15.0,-8.1,0.0,Clear,storm
2025-11-09 02:00:00,1.4,37.4,45.0,15.0,-11.1,0.0,Cloudy,storm
2025-11-09 03:00:00,4.1,29.6,47.4,15.0,-9.0,0.0,Cloudy,storm
2025-11-09 04:00:00,10.0,23.4,45.0,15.0,-11.7,0.0,Clear,storm
2025-11-09 05:00:00,17.9,0.1,49.1,15.0,-13.3,0.0,Clear,storm
2025-11-09 06:00:00,15.8,120.0,48.9,47.0,-11.8,0.0,Storm,normal
2025-11-09 07:00:00,24.6,1.8,45.0,39.6,-6.3,0.0,Clear,normal
2025-11-09 08:00:00,14.3,41.5,58.1,38.7,-10.2,0.0,Snow,normal
2025-11-09 09:00:00,20.1,0.0,45.0,28.7,-9.1,0.0,Cloudy,normal
2025-11-09 10:00:00,29.9,9.2,48.3,25.1,-10.6,0.0,Clear,normal
2025-11-09 11:00:00,31.0,0.0,56.0,15.1,-13.1,0.0,Clear,normal
2025-11-09 12:00:00,33.3,1.5,52.6,15.0,-6.8,0.0,Clear,storm
2025-11-09 13:00:00,18.9,24.7,50.8,15.0,-13.3,0.0,Cloudy,storm
2025-11-09 14:00:00,20.4,120.0,55.3,46.3,-9.4,0.0,Storm,normal
2025-11-09 15:00:00,18.2,0.9,54.2,32.3,-7.9,0.0,Cloudy,normal
2025-11-09 16:00:00,10.0,21.4,48.3,25.5,-6.9,0.0,Snow,normal
2025-11-09 17:00:00,13.5,40.2,52.2,26.1,-8.7,0.0,Snow,normal
2025-11-09 18:00:00,10.0,75.8,58.6,36.1,-10.9,0.0,Snow,normal
2025-11-09 19:00:00,12.7,0.0,57.5,18.2,-8.4,0.0,Cloudy,normal
2025-11-09 20:00:00,7.2,106.5,49.2,41.9,-8.3,0.0,Cloudy,normal
2025-11-09 21:00:00,4.0,41.4,45.0,42.0,-8.4,0.0,Cloudy,normal
2025-11-09 22:00:00,1.7,23.3,45.0,34.0,-4.7,0.0,Clear,normal
2025-11-09 23:00:00,0.0,120.0,45.0,61.6,-9.7,0.0,Storm,normal
2025-11-10 00:00:00,0.0,0.4,46.5,43.2,-6.5,0.0,Clear,normal
2025-11-10 01:00:00,0.0,29.3,45.0,36.9,-7.2,0.0,Snow,normal
2025-11-10 02:00:00,1.9,120.0,45.0,65.2,-5.8,0.0,Storm,normal
2025-11-10 03:00:00,6.6,120.0,48.1,94.1,-8.6,0.0,Clear,normal
2025-11-10 04:00:00,8.3,2.6,45.1,80.4,-7.0,0.0,Cloudy,normal
2025-11-10 05:00:00,6.0,21.9,48.3,72.3,-9.4,0.0,Snow,normal
2025-11-10 06:00:00,17.3,23.9,45.5,70.6,-8.3,0.0,Clear,normal
2025-11-10 07:00:00,12.4,4.7,53.4,56.0,-12.7,0.0,Snow,normal
2025-11-10 08:00:00,15.7,0.0,52.8,41.2,-15.3,0.0,Cloudy,normal
2025-11-10 09:00:00,28.7,2.8,53.7,32.3,-8.6,0.0,Clear,normal
2025-11-10 10:00:00,18.9,49.2,57.6,36.2,-8.3,0.0,Cloudy,normal
2025-11-10 11:00:00,25.8,2.6,49.7,27.7,-8.0,0.0,Cloudy,normal
2025-11-10 12:00:00,19.4,9.0,50.6,18.8,-9.9,0.0,Cloudy,normal
2025-11-10 13:00:00,34.3,120.0,46.6,58.4,-5.1,0.0,Storm,peak_solar
2025-11-10 14:00:00,22.2,9.2,52.0,50.1,-9.0,0.0,Cloudy,normal
2025-11-10 15:00:00,19.0,11.4,53.9,40.7,-6.6,0.0,Cloudy,normal
2025-11-10 16:00:00,19.3,16.8,48.9,35.6,-5.9,0.0,Cloudy,normal
2025-11-10 17:00:00,23.7,1.7,50.6,25.4,-3.1,0.0,Clear,normal
2025-11-10 18:00:00,17.4,112.9,52.2,54.2,-7.3,0.0,Clear,normal
2025-11-10 19:00:00,7.2,0.0,54.6,35.2,-7.9,0.0,Snow,normal
2025-11-10 20:00:00,6.5,1.6,52.9,17.3,-9.7,0.0,Snow,normal
2025-11-10 21:00:00,4.2,22.3,45.0,15.0,-3.1,0.0,Cloudy,storm
2025-11-10 22:00:00,2.6,3.3,45.0,15.0,-5.7,0.0,Clear,storm
2025-11-10 23:00:00,0.0,120.0,45.0,42.6,-5.9,0.0,Storm,normal
2025-11-11 00:00:00,0.0,11.4,45.0,29.2,-0.2,0.0,Cloudy,normal
2025-11-11 01:00:00,0.0,10.5,45.0,15.4,-6.7,0.0,Clear,normal
2025-11-11 02:00:00,1.4,0.1,45.2,15.0,-10.6,0.0,Snow,storm
2025-11-11 03:00:00,5.3,3.5,46.2,15.0,-8.6,0.0,Cloudy,storm
2025-11-11 04:00:00,11.4,100.3,45.8,39.3,-10.7,0.0,Clear,normal
2025-11-11 05:00:00,15.4,0.5,45.0,27.6,-9.7,0.0,Clear,normal
2025-11-11 06:00:00,10.0,0.0,45.0,15.0,-9.9,0.0,Snow,storm
2025-11-11 07:00:00,24.5,6.5,47.6,15.0,-10.5,0.0,Clear,storm
2025-11-11 08:00:00,20.2,13.3,60.3,15.0,-12.3,0.0,Cloudy,storm
2025-11-11 09:00:00,25.3,2.2,50.7,15.0,-5.7,0.0,Clear,storm
2025-11-11 10:00:00,21.6,120.0,51.3,48.2,-8.4,0.0,Storm,normal
2025-11-11 11:00:00,22.0,120.0,54.1,80.6,-9.3,0.0,Storm,normal
2025-11-11 12:00:00,15.4,21.4,57.1,72.5,-6.8,0.0,Snow,normal
2025-11-11 13:00:00,13.2,3.3,50.1,59.1,-7.1,0.0,Snow,normal
2025-11-11 14:00:00,26.5,48.4,45.0,70.1,-7.2,0.0,Clear,peak_solar
2025-11-11 15:00:00,19.0,120.0,46.9,95.0,-5.9,0.0,Storm,normal
2025-11-11 16:00:00,17.7,0.8,46.6,83.8,-6.7,0.0,Cloudy,normal
2025-11-11 17:00:00,11.8,88.4,45.0,95.0,-5.2,0.0,Snow,normal
2025-11-11 18:00:00,16.9,6.5,45.0,86.4,-4.8,0.0,Cloudy,normal
2025-11-11 19:00:00,7.3,120.0,60.0,95.0,-6.0,0.0,Snow,normal
2025-11-11 20:00:00,7.7,0.1,45.5,79.9,-6.7,0.0,Cloudy,normal
2025-11-11 21:00:00,6.5,120.0,45.0,95.0,-2.9,0.0,Storm,normal
2025-11-11 22:00:00,2.4,23.5,53.6,84.0,-7.5,0.0,Cloudy,normal
2025-11-11 23:00:00,0.0,48.2,45.0,85.1,-5.8,0.0,Clear,normal
2025-11-12 00:00:00,0.0,0.0,45.0,67.1,-5.9,0.0,Clear,normal
2025-11-12 01:00:00,0.0,0.0,45.5,48.9,-8.5,0.0,Snow,normal
2025-11-12 02:00:00,3.6,30.5,45.0,44.6,-9.4,0.0,Clear,normal
2025-11-12 03:00:00,6.4,51.2,45.0,49.2,-8.7,0.0,Cloudy,normal
2025-11-12 04:00:00,4.1,4.6,45.5,34.4,-9.4,0.0,Snow,normal
2025-11-12 05:00:00,9.1,66.2,48.8,44.2,-11.8,0.0,Snow,normal
2025-11-12 06:00:00,14.8,0.0,45.0,32.1,-10.3,0.0,Cloudy,normal
2025-11-12 07:00:00,25.5,0.0,45.0,24.3,-8.4,0.0,Clear,normal
2025-11-12 08:00:00,9.2,16.5,45.0,16.5,-6.3,0.0,Snow,normal
2025-11-12 09:00:00,22.0,0.0,47.0,15.0,-7.8,0.0,Cloudy,storm
2025-11-12 10:00:00,27.9,0.0,59.5,15.0,-14.6,0.0,Clear,storm
2025-11-12 11:00:00,28.9,0.1,48.3,15.0,-7.2,0.0,Clear,storm
2025-11-12 12:00:00,13.7,46.8,51.5,18.3,-9.6,0.0,Snow,normal
2025-11-12 13:00:00,25.6,21.8,45.0,19.2,-7.0,0.0,Cloudy,peak_solar
2025-11-12 14:00:00,23.2,120.0,45.0,55.3,-7.6,0.0,Storm,normal
2025-11-12 15:00:00,20.3,26.3,45.8,55.6,-7.6,0.0,Cloudy,normal
2025-11-12 16:00:00,26.6,0.0,45.0,48.2,-7.1,0.0,Clear,normal
2025-11-12 17:00:00,13.8,55.4,50.2,55.2,-6.6,0.0,Snow,normal
2025-11-12 18:00:00,21.8,0.7,46.5,45.6,-3.3,0.0,Clear,normal
2025-11-12 19:00:00,7.9,4.2,52.4,29.5,-6.2,0.0,Snow,normal
2025-11-12 20:00:00,8.5,0.8,51.8,15.0,-3.7,0.0,Cloudy,storm
2025-11-12 21:00:00,3.1,0.0,45.0,15.0,-4.1,0.0,Snow,storm
2025-11-12 22:00:00,3.6,0.0,45.0,15.0,-4.8,0.0,Storm,storm
2025-11-12 23:00:00,0.0,0.2,46.2,15.0,-10.4,0.0,Clear,storm
2025-11-13 00:00:00,0.0,0.0,45.0,15.0,-4.2,0.0,Snow,storm
2025-11-13 01:00:00,0.0,72.7,45.0,25.2,-8.0,0.0,Clear,normal
2025-11-13 02:00:00,4.3,0.0,45.0,15.0,-5.8,0.0,Clear,storm
2025-11-13 03:00:00,9.1,6.4,45.0,15.0,-9.9,0.0,Clear,storm
2025-11-13 04:00:00,9.9,103.4,45.0,40.1,-10.7,0.0,Cloudy,normal
2025-11-13 05:00:00,8.9,0.0,45.0,25.7,-4.1,0.0,Snow,normal
2025-11-13 06:00:00,16.0,11.1,45.0,18.6,-10.8,0.0,Cloudy,normal
2025-11-13 07:00:00,15.8,3.5,45.0,15.0,-6.3,0.0,Cloudy,storm
2025-11-13 08:00:00,28.7,0.2,48.9,15.0,-8.6,0.0,Clear,storm
2025-11-13 09:00:00,23.5,120.0,49.8,49.5,-9.8,0.0,Storm,normal
2025-11-13 10:00:00,15.6,3.4,47.2,38.2,-8.8,0.0,Snow,normal
2025-11-13 11:00:00,37.2,69.0,52.0,58.2,-11.3,0.0,Clear,peak_solar
2025-11-13 12:00:00,20.4,120.0,46.8,92.6,-8.2,0.0,Cloudy,normal
2025-11-13 13:00:00,30.4,5.4,53.6,85.5,-10.2,0.0,Clear,normal
2025-11-13 14:00:00,13.2,0.0,54.2,69.0,-8.3,0.0,Snow,normal
2025-11-13 15:00:00,24.2,120.0,46.0,95.0,-5.0,0.0,Cloudy,peak_solar
2025-11-13 16:00:00,8.5,6.4,53.4,79.6,-6.1,0.0,Snow,normal
2025-11-13 17:00:00,15.3,9.3,49.5,69.6,-9.6,0.0,Cloudy,normal
2025-11-13 18:00:00,11.8,2.6,45.0,57.4,-4.2,0.0,Snow,normal
2025-11-13 19:00:00,12.8,120.0,54.4,86.2,-6.0,0.0,Cloudy,normal
2025-11-13 20:00:00,10.6,0.0,45.0,72.4,-7.1,0.0,Cloudy,normal
2025-11-13 21:00:00,4.1,9.7,45.0,60.0,-4.3,0.0,Snow,normal
2025-11-13 22:00:00,4.6,0.0,45.0,43.8,-6.5,0.0,Clear,normal
2025-11-13 23:00:00,0.0,2.6,48.9,25.3,-8.9,0.0,Cloudy,normal
2025-11-14 00:00:00,0.0,120.0,45.0,52.9,-2.4,0.0,Clear,normal
2025-11-14 01:00:00,0.8,120.0,45.0,80.8,-6.9,0.0,Clear,normal
2025-11-14 02:00:00,5.0,4.6,50.8,64.3,-7.4,0.0,Clear,normal
2025-11-14 03:00:00,6.4,25.4,47.2,58.1,-8.5,0.0,Cloudy,normal
2025-11-14 04:00:00,14.3,24.1,45.0,55.5,-5.4,0.0,Clear,normal
2025-11-14 05:00:00,15.0,0.0,46.3,43.0,-9.4,0.0,Cloudy,normal
2025-11-14 06:00:00,13.7,48.4,49.3,47.7,-11.9,0.0,Cloudy,normal
2025-11-14 07:00:00,14.6,0.1,46.2,35.1,-10.2,0.0,Cloudy,normal
2025-11-14 08:00:00,26.8,1.9,48.3,27.3,-5.8,0.0,Clear,normal
2025-11-14 09:00:00,19.4,0.0,45.0,17.0,-6.8,0.0,Cloudy,normal
2025-11-14 10:00:00,20.8,73.3,46.7,34.4,-9.1,0.0,Cloudy,normal
2025-11-14 11:00:00,15.4,120.0,50.9,65.5,-5.2,0.0,Snow,normal
2025-11-14 12:00:00,29.1,28.2,54.1,66.7,-6.3,0.0,Clear,peak_solar
2025-11-14 13:00:00,17.1,11.1,51.9,57.2,-8.2,0.0,Snow,normal
2025-11-14 14:00:00,28.7,1.5,46.2,50.8,-7.6,0.0,Clear,normal
2025-11-14 15:00:00,16.0,78.0,49.9,67.0,-6.1,0.0,Snow,normal
2025-11-14 16:00:00,28.3,120.0,52.8,95.0,-8.3,0.0,Storm,peak_solar
2025-11-14 17:00:00,25.9,0.2,45.0,87.4,-6.1,0.0,Clear,normal
2025-11-14 18:00:00,23.4,5.0,54.2,77.1,-5.2,0.0,Clear,normal
2025-11-14 19:00:00,13.1,0.0,55.9,60.0,-9.5,0.0,Cloudy,normal
2025-11-14 20:00:00,16.7,11.3,45.0,53.2,-6.1,0.0,Clear,normal
2025-11-14 21:00:00,10.2,2.4,45.0,40.2,-6.4,0.0,Clear,normal
2025-11-14 22:00:00,4.2,6.5,45.0,26.5,-3.6,0.0,Cloudy,normal
2025-11-14 23:00:00,0.5,80.6,50.4,37.8,-10.2,0.0,Cloudy,normal
2025-11-15 00:00:00,0.0,120.0,45.0,65.4,-7.1,0.0,Snow,normal
2025-11-15 01:00:00,1.9,0.0,45.0,48.2,-7.7,0.0,Clear,normal
2025-11-15 02:00:00,4.2,22.9,45.0,41.0,-4.9,0.0,Cloudy,normal
2025-11-15 03:00:00,6.6,120.0,45.0,71.1,-7.5,0.0,Storm,normal
2025-11-15 04:00:00,12.6,40.6,45.0,74.1,-3.8,0.0,Cloudy,normal
2025-11-15 05:00:00,15.8,0.0,45.0,62.4,-6.6,0.0,Cloudy,normal
2025-11-15 06:00:00,22.3,120.0,45.0,95.0,-9.2,0.0,Clear,normal
2025-11-15 07:00:00,21.5,48.6,45.0,95.0,-8.0,0.0,Clear,normal
2025-11-15 08:00:00,23.1,37.4,50.4,95.0,-9.3,0.0,Cloudy,normal
2025-11-15 09:00:00,23.1,4.4,48.3,86.7,-6.6,0.0,Cloudy,normal
2025-11-15 10:00:00,13.9,31.8,47.7,85.9,-11.3,0.0,Snow,normal
2025-11-15 11:00:00,34.1,0.0,48.2,80.2,-9.9,0.0,Storm,normal
2025-11-15 12:00:00,29.1,0.0,50.8,71.5,-6.8,0.0,Clear,normal
2025-11-15 13:00:00,25.4,1.8,52.8,61.3,-4.7,0.0,Cloudy,normal
2025-11-15 14:00:00,18.3,2.7,52.8,48.6,-11.9,0.0,Cloudy,normal
2025-11-15 15:00:00,22.2,0.0,46.9,38.7,-3.6,0.0,Cloudy,normal
2025-11-15 16:00:00,9.7,120.0,58.9,64.8,-6.6,0.0,Storm,normal
2025-11-15 17:00:00,13.2,0.0,54.0,48.5,-10.1,0.0,Snow,normal
2025-11-15 18:00:00,15.4,0.0,47.4,35.7,-12.3,0.0,Cloudy,normal
2025-11-15 19:00:00,10.9,0.0,54.1,18.4,-8.9,0.0,Cloudy,normal
2025-11-15 20:00:00,13.8,1.7,49.4,15.0,-5.6,0.0,Clear,storm
2025-11-15 21:00:00,10.8,37.0,45.0,16.0,-5.7,0.0,Clear,normal
2025-11-15 22:00:00,7.2,8.6,45.0,15.0,-4.3,0.0,Clear,storm
2025-11-15 23:00:00,1.4,0.0,45.4,15.0,-7.2,0.0,Cloudy,storm
2025-11-16 00:00:00,0.0,31.3,45.0,15.0,-8.5,0.0,Cloudy,storm
2025-11-16 01:00:00,2.3,8.8,45.0,15.0,-7.4,0.0,Snow,storm
2025-11-16 02:00:00,5.6,120.0,45.0,44.6,-6.8,0.0,Cloudy,normal
2025-11-16 03:00:00,7.5,0.5,45.0,29.8,-6.7,0.0,Cloudy,normal
2025-11-16 04:00:00,10.3,0.2,45.0,16.1,-9.3,0.0,Cloudy,normal
2025-11-16 05:00:00,22.1,87.8,45.0,40.0,-5.9,0.0,Clear,normal
2025-11-16 06:00:00,21.5,0.0,46.6,29.9,-9.5,0.0,Clear,normal
2025-11-16 07:00:00,25.1,0.0,56.8,17.2,-10.2,0.0,Clear,normal
2025-11-16 08:00:00,18.5,7.9,48.8,15.0,-9.5,0.0,Cloudy,storm
2025-11-16 09:00:00,21.8,39.7,50.5,19.0,-5.9,0.0,Cloudy,normal
2025-11-16 10:00:00,28.2,0.0,52.0,15.0,-8.4,0.0,Clear,storm
2025-11-16 11:00:00,18.0,112.9,53.2,43.6,-9.4,0.0,Snow,normal
2025-11-16 12:00:00,13.2,0.0,46.7,30.2,-5.6,0.0,Snow,normal
2025-11-16 13:00:00,31.1,0.6,45.5,24.7,-2.5,0.0,Clear,normal
2025-11-16 14:00:00,18.0,8.6,50.2,15.3,-6.4,0.0,Cloudy,normal
2025-11-16 15:00:00,19.3,120.0,49.9,48.2,-3.7,0.0,Storm,normal
2025-11-16 16:00:00,16.7,120.0,49.7,80.2,-3.8,0.0,Storm,normal
2025-11-16 17:00:00,17.2,15.6,55.2,71.2,-7.1,0.0,Cloudy,normal
2025-11-16 18:00:00,22.4,1.6,45.5,62.6,-5.5,0.0,Clear,normal
2025-11-16 19:00:00,14.0,2.1,51.9,48.2,-8.2,0.0,Cloudy,normal
2025-11-16 20:00:00,8.1,120.0,48.2,77.7,-5.8,0.0,Storm,normal
2025-11-16 21:00:00,11.4,120.0,45.2,95.0,-6.8,0.0,Clear,normal
2025-11-16 22:00:00,6.9,27.7,45.0,90.9,-6.4,0.0,Cloudy,normal
2025-11-16 23:00:00,1.6,17.1,46.8,79.6,-7.4,0.0,Snow,normal
2025-11-17 00:00:00,0.0,12.6,45.0,66.7,-6.6,0.0,Cloudy,normal
2025-11-17 01:00:00,2.1,0.0,45.0,49.5,-5.1,0.0,Snow,normal
2025-11-17 02:00:00,5.1,0.0,45.0,33.6,-6.9,0.0,Cloudy,normal
2025-11-17 03:00:00,7.9,3.7,45.5,20.0,-11.2,0.0,Cloudy,normal
2025-11-17 04:00:00,8.5,0.0,45.0,15.0,-9.1,0.0,Snow,storm
2025-11-17 05:00:00,17.0,17.4,45.0,15.0,-11.1,0.0,Clear,storm
2025-11-17 06:00:00,10.4,13.8,45.0,15.0,-7.4,0.0,Snow,storm
2025-11-17 07:00:00,10.6,0.0,45.0,15.0,-7.0,0.0,Snow,storm
2025-11-17 08:00:00,13.5,18.6,48.5,15.0,-7.6,0.0,Snow,storm
2025-11-17 09:00:00,23.4,21.9,53.3,15.0,-9.9,0.0,Cloudy,storm
2025-11-17 10:00:00,19.4,20.1,47.6,15.0,-7.4,0.0,Cloudy,storm
2025-11-17 11:00:00,15.2,0.5,53.2,15.0,-8.8,0.0,Snow,storm
2025-11-17 12:00:00,37.7,34.3,52.4,22.3,-9.9,0.0,Clear,peak_solar
2025-11-17 13:00:00,20.9,40.8,45.0,28.4,-5.4,0.0,Cloudy,normal
2025-11-17 14:00:00,21.2,33.5,48.1,30.9,-4.9,0.0,Cloudy,normal
2025-11-17 15:00:00,21.6,3.0,50.5,20.5,-4.2,0.0,Cloudy,normal
2025-11-17 16:00:00,24.3,120.0,53.9,53.8,-7.3,0.0,Storm,peak_solar
2025-11-17 17:00:00,18.5,120.0,45.0,88.2,-3.0,0.0,Cloudy,normal
2025-11-17 18:00:00,18.0,10.5,45.0,81.6,-6.5,0.0,Cloudy,normal
2025-11-17 19:00:00,13.6,0.3,51.2,66.7,-3.8,0.0,Cloudy,normal
2025-11-17 20:00:00,8.5,0.1,50.9,49.8,-6.3,0.0,Snow,normal
2025-11-17 21:00:00,8.1,43.2,45.0,52.1,-5.7,0.0,Cloudy,normal
2025-11-17 22:00:00,7.6,0.0,45.0,37.1,-10.7,0.0,Clear,normal
2025-11-17 23:00:00,3.5,51.8,45.0,40.9,-6.3,0.0,Cloudy,normal
2025-11-18 00:00:00,0.0,0.0,45.0,22.9,-5.6,0.0,Snow,normal
2025-11-18 01:00:00,3.7,5.8,45.0,15.0,-7.0,0.0,Clear,storm
2025-11-18 02:00:00,5.0,41.7,45.0,15.6,-2.6,0.0,Cloudy,normal
2025-11-18 03:00:00,10.4,0.1,45.0,15.0,-9.4,0.0,Cloudy,storm
2025-11-18 04:00:00,9.4,105.1,45.0,40.6,-8.5,0.0,Cloudy,normal
2025-11-18 05:00:00,13.2,1.7,45.0,28.5,-9.6,0.0,Cloudy,normal
2025-11-18 06:00:00,24.1,8.0,45.0,23.4,-9.0,0.0,Clear,normal
2025-11-18 07:00:00,20.2,0.0,46.3,15.0,-5.7,0.0,Cloudy,storm
2025-11-18 08:00:00,27.0,0.0,45.0,15.0,-4.7,0.0,Clear,storm
2025-11-18 09:00:00,27.4,0.0,49.5,15.0,-9.5,0.0,Clear,storm
2025-11-18 10:00:00,33.7,65.9,61.0,29.2,-9.4,0.0,Clear,peak_solar
2025-11-18 11:00:00,21.7,1.4,49.9,18.5,-10.1,0.0,Cloudy,normal
2025-11-18 12:00:00,17.7,120.0,47.3,51.7,-4.4,0.0,Snow,normal
2025-11-18 13:00:00,19.3,0.0,53.0,38.2,-4.4,0.0,Cloudy,normal
2025-11-18 14:00:00,23.1,29.8,49.2,39.6,-6.7,0.0,Cloudy,normal
2025-11-18 15:00:00,21.2,0.0,53.7,26.6,-9.2,0.0,Cloudy,normal
2025-11-18 16:00:00,15.7,0.0,48.9,15.0,-8.6,0.0,Snow,storm
2025-11-18 17:00:00,17.8,5.4,45.0,15.0,-5.1,0.0,Cloudy,storm
2025-11-18 18:00:00,14.6,1.2,45.0,15.0,-4.0,0.0,Cloudy,storm
2025-11-18 19:00:00,15.9,19.8,51.7,15.0,-9.6,0.0,Cloudy,storm
2025-11-18 20:00:00,4.9,0.4,50.2,15.0,-5.7,0.0,Snow,storm
2025-11-18 21:00:00,9.7,3.4,45.0,15.0,-1.5,0.0,Cloudy,storm
2025-11-18 22:00:00,4.8,0.0,45.0,15.0,-5.7,0.0,Snow,storm
2025-11-18 23:00:00,2.8,47.8,45.0,17.1,-2.2,0.0,Cloudy,normal
2025-11-19 00:00:00,0.0,11.5,45.0,15.0,-4.1,0.0,Cloudy,storm
2025-11-19 01:00:00,3.9,28.4,45.0,15.0,-8.3,0.0,Clear,storm
2025-11-19 02:00:00,9.1,7.0,45.0,15.0,-7.0,0.0,Clear,storm
2025-11-19 03:00:00,4.2,73.0,45.0,26.8,-7.0,0.0,Snow,normal
2025-11-19 04:00:00,12.6,0.5,45.0,15.0,-9.2,0.0,Cloudy,storm
2025-11-19 05:00:00,18.7,9.7,45.0,15.0,-9.5,0.0,Clear,storm
2025-11-19 06:00:00,19.1,0.0,45.0,15.0,-4.3,0.0,Storm,storm
2025-11-19 07:00:00,18.6,0.0,45.0,15.0,-9.9,0.0,Cloudy,storm
2025-11-19 08:00:00,33.0,120.0,47.8,53.7,-5.5,0.0,Clear,peak_solar
2025-11-19 09:00:00,30.1,120.0,51.5,90.0,-8.7,0.0,Storm,peak_solar
2025-11-19 10:00:00,37.0,36.9,48.3,95.0,-7.7,0.0,Clear,peak_solar
2025-11-19 11:00:00,25.5,0.0,45.0,87.2,-6.2,0.0,Cloudy,normal
2025-11-19 12:00:00,16.2,0.0,45.0,75.7,-8.4,0.0,Snow,normal
2025-11-19 13:00:00,33.6,20.2,52.2,76.3,-5.5,0.0,Clear,peak_solar
2025-11-19 14:00:00,33.5,7.3,53.9,71.1,-10.8,0.0,Clear,normal
2025-11-19 15:00:00,30.1,120.0,52.1,95.0,-5.0,0.0,Storm,peak_solar
2025-11-19 16:00:00,19.3,120.0,53.4,95.0,-11.0,0.0,Storm,normal
2025-11-19 17:00:00,24.8,5.5,48.7,87.6,-5.8,0.0,Clear,normal
2025-11-19 18:00:00,20.4,7.3,45.0,80.7,-3.1,0.0,Clear,normal
2025-11-19 19:00:00,9.0,0.7,45.0,66.6,-3.5,0.0,Snow,normal
2025-11-19 20:00:00,12.6,32.4,51.6,63.9,-7.7,0.0,Cloudy,normal
2025-11-19 21:00:00,6.2,0.0,45.0,48.4,-7.5,0.0,Snow,normal
2025-11-19 22:00:00,8.6,4.7,45.3,35.6,-6.5,0.0,Clear,normal
2025-11-19 23:00:00,2.9,0.0,45.4,18.6,-4.9,0.0,Cloudy,normal
2025-11-20 00:00:00,0.0,16.1,50.1,15.0,-9.9,0.0,Clear,storm
2025-11-20 01:00:00,2.6,120.0,47.0,42.8,-5.8,0.0,Cloudy,normal
2025-11-20 02:00:00,5.4,0.0,45.0,27.0,-5.5,0.0,Cloudy,normal
2025-11-20 03:00:00,5.0,3.5,47.0,15.0,-7.2,0.0,Snow,storm
2025-11-20 04:00:00,7.0,120.0,45.0,45.2,-5.8,0.0,Storm,normal
2025-11-20 05:00:00,18.6,120.0,45.0,79.6,-6.7,0.0,Storm,normal
2025-11-20 06:00:00,27.7,0.7,45.0,73.0,-8.6,0.0,Clear,normal
2025-11-20 07:00:00,22.3,0.1,45.4,63.8,-11.9,0.0,Clear,normal
2025-11-20 08:00:00,19.5,0.0,45.0,53.5,-7.4,0.0,Cloudy,normal
2025-11-20 09:00:00,31.4,120.0,54.9,89.0,-9.7,0.0,Clear,peak_solar
2025-11-20 10:00:00,14.1,120.0,50.9,95.0,-8.7,0.0,Snow,normal
2025-11-20 11:00:00,23.3,11.1,47.1,89.9,-6.2,0.0,Cloudy,normal
2025-11-20 12:00:00,28.1,120.0,52.1,95.0,-3.8,0.0,Storm,peak_solar
2025-11-20 13:00:00,29.8,7.2,49.6,89.9,-6.6,0.0,Clear,normal
2025-11-20 14:00:00,35.4,120.0,45.0,95.0,-4.9,0.0,Clear,peak_solar
2025-11-20 15:00:00,32.8,1.0,51.8,87.8,-8.9,0.0,Clear,normal
2025-11-20 16:00:00,18.4,3.0,54.8,74.4,-4.9,0.0,Cloudy,normal
2025-11-20 17:00:00,20.2,19.6,47.7,71.3,-5.2,0.0,Cloudy,normal
2025-11-20 18:00:00,17.8,0.0,48.4,59.0,-2.2,0.0,Cloudy,normal
2025-11-20 19:00:00,7.0,87.2,46.0,76.8,-5.9,0.0,Snow,normal
2025-11-20 20:00:00,13.6,12.5,50.2,67.1,-5.2,0.0,Cloudy,normal
2025-11-20 21:00:00,11.7,0.0,45.0,53.8,-2.4,0.0,Clear,normal
2025-11-20 22:00:00,4.2,120.0,45.0,82.9,-5.1,0.0,Snow,normal
2025-11-20 23:00:00,3.4,0.0,45.0,66.3,-7.5,0.0,Cloudy,normal
2025-11-21 00:00:00,0.0,0.0,45.0,48.3,0.4,0.0,Snow,normal
2025-11-21 01:00:00,4.9,2.8,45.0,33.4,-8.0,0.0,Clear,normal
2025-11-21 02:00:00,7.6,33.8,45.0,31.9,-6.1,0.0,Clear,normal
2025-11-21 03:00:00,8.6,23.2,45.0,26.7,-5.6,0.0,Cloudy,normal
2025-11-21 04:00:00,12.9,120.0,45.0,59.0,-6.1,0.0,Storm,normal
2025-11-21 05:00:00,15.7,19.9,45.0,55.2,-7.5,0.0,Cloudy,normal
2025-11-21 06:00:00,22.4,0.0,45.0,46.2,-7.7,0.0,Clear,normal
2025-11-21 07:00:00,13.2,0.0,45.0,33.5,-8.0,0.0,Snow,normal
2025-11-21 08:00:00,28.3,0.0,57.7,21.7,-9.9,0.0,Clear,normal
2025-11-21 09:00:00,24.6,0.0,45.0,15.0,-2.7,0.0,Cloudy,storm
2025-11-21 10:00:00,31.3,1.6,54.4,15.0,-7.8,0.0,Clear,storm
2025-11-21 11:00:00,15.3,120.0,45.0,48.2,-5.7,0.0,Snow,normal
2025-11-21 12:00:00,19.6,12.1,52.2,40.0,-7.5,0.0,Cloudy,normal
2025-11-21 13:00:00,10.0,37.6,54.1,37.4,-7.2,0.0,Snow,normal
2025-11-21 14:00:00,29.9,82.4,51.6,59.7,-7.0,0.0,Clear,peak_solar
2025-11-21 15:00:00,28.7,120.0,50.2,95.0,-9.0,0.0,Clear,peak_solar
2025-11-21 16:00:00,14.6,0.2,47.4,81.9,-5.6,0.0,Snow,normal
2025-11-21 17:00:00,15.5,120.0,50.1,95.0,-5.8,0.0,Cloudy,normal
2025-11-21 18:00:00,20.7,93.1,45.3,95.0,-2.1,0.0,Clear,normal
2025-11-21 19:00:00,14.5,1.3,54.6,79.5,-7.2,0.0,Cloudy,normal
2025-11-21 20:00:00,19.0,0.1,45.0,69.1,-5.8,0.0,Clear,normal
2025-11-21 21:00:00,7.9,4.3,45.3,55.9,-6.5,0.0,Cloudy,normal
2025-11-21 22:00:00,7.0,120.0,45.0,86.1,-1.5,0.0,Storm,normal
2025-11-21 23:00:00,2.6,120.0,45.0,95.0,-6.8,0.0,Cloudy,normal
2025-11-22 00:00:00,0.0,1.2,45.0,77.5,-3.8,0.0,Snow,normal
2025-11-22 01:00:00,4.6,120.0,45.0,95.0,-3.3,0.0,Clear,normal
2025-11-22 02:00:00,6.6,56.3,45.0,95.0,-6.1,0.0,Cloudy,normal
2025-11-22 03:00:00,5.6,34.0,45.0,92.8,-9.2,0.0,Snow,normal
2025-11-22 04:00:00,16.8,120.0,45.0,95.0,-9.6,0.0,Storm,normal
2025-11-22 05:00:00,17.6,21.9,45.0,92.8,-5.0,0.0,Clear,normal
2025-11-22 06:00:00,20.2,9.6,46.0,86.3,-9.9,0.0,Clear,normal
2025-11-22 07:00:00,13.5,0.0,49.0,72.2,-6.4,0.0,Snow,normal
2025-11-22 08:00:00,17.4,79.4,50.4,89.2,-7.1,0.0,Cloudy,normal
2025-11-22 09:00:00,23.7,0.0,50.2,78.6,-6.4,0.0,Cloudy,normal
2025-11-22 10:00:00,17.1,0.0,55.4,63.4,-6.1,0.0,Snow,normal
2025-11-22 11:00:00,15.4,10.8,53.4,52.5,-8.9,0.0,Snow,normal
2025-11-22 12:00:00,30.9,0.0,55.9,42.5,-8.7,0.0,Clear,normal
2025-11-22 13:00:00,20.6,27.7,46.5,43.1,-4.6,0.0,Cloudy,normal
2025-11-22 14:00:00,24.1,16.5,50.0,39.4,-7.2,0.0,Cloudy,normal
2025-11-22 15:00:00,16.0,12.4,51.8,30.0,-11.5,0.0,Snow,normal
2025-11-22 16:00:00,23.7,4.2,48.4,21.8,-3.6,0.0,Cloudy,normal
2025-11-22 17:00:00,23.6,73.3,51.9,38.4,-7.0,0.0,Clear,normal
2025-11-22 18:00:00,14.4,28.2,49.3,35.6,-3.5,0.0,Cloudy,normal
2025-11-22 19:00:00,16.5,26.8,46.0,34.6,-1.3,0.0,Cloudy,normal
2025-11-22 20:00:00,13.6,0.1,46.7,21.4,-4.3,0.0,Cloudy,normal
2025-11-22 21:00:00,8.5,6.0,45.0,15.0,-2.2,0.0,Cloudy,storm
2025-11-22 22:00:00,7.0,0.1,45.1,15.0,-4.2,0.0,Cloudy,storm
2025-11-22 23:00:00,2.5,5.6,45.0,15.0,-1.3,0.0,Cloudy,storm
2025-11-23 00:00:00,0.0,0.3,45.0,15.0,-7.2,0.0,Snow,storm
2025-11-23 01:00:00,4.1,5.0,45.0,15.0,-5.3,0.0,Clear,storm
2025-11-23 02:00:00,5.6,5.8,45.0,15.0,-4.2,0.0,Cloudy,storm
2025-11-23 03:00:00,6.0,5.0,45.0,15.0,-6.5,0.0,Snow,storm
2025-11-23 04:00:00,15.8,76.3,45.0,32.4,-3.9,0.0,Clear,normal
2025-11-23 05:00:00,18.1,39.5,45.0,37.0,-7.7,0.0,Clear,normal
2025-11-23 06:00:00,17.9,0.0,45.0,26.2,-2.4,0.0,Cloudy,normal
2025-11-23 07:00:00,16.2,3.3,45.0,16.0,-2.4,0.0,Cloudy,normal
2025-11-23 08:00:00,26.3,12.1,45.0,15.0,-6.5,0.0,Clear,storm
2025-11-23 09:00:00,23.6,0.2,53.0,15.0,-5.9,0.0,Cloudy,storm
2025-11-23 10:00:00,19.8,16.3,51.2,15.0,-4.3,0.0,Cloudy,storm
2025-11-23 11:00:00,25.9,0.4,53.4,15.0,-9.3,0.0,Cloudy,storm
2025-11-23 12:00:00,27.3,7.4,51.5,15.0,-9.3,0.0,Cloudy,storm
2025-11-23 13:00:00,20.8,0.0,49.4,15.0,-3.3,0.0,Cloudy,storm
2025-11-23 14:00:00,23.4,4.9,48.3,15.0,-5.1,0.0,Cloudy,storm
2025-11-23 15:00:00,20.4,42.3,48.2,20.3,-5.8,0.0,Cloudy,normal
2025-11-23 16:00:00,26.8,59.5,45.0,35.6,-4.9,0.0,Clear,peak_solar
2025-11-23 17:00:00,16.0,7.9,54.6,23.3,-9.8,0.0,Cloudy,normal
2025-11-23 18:00:00,20.1,120.0,53.4,55.2,-4.8,0.0,Storm,normal
2025-11-23 19:00:00,14.6,21.6,45.0,51.7,-5.9,0.0,Cloudy,normal
2025-11-23 20:00:00,13.5,64.2,45.0,63.7,-2.1,0.0,Cloudy,normal
2025-11-23 21:00:00,9.3,120.0,45.0,94.7,-2.0,0.0,Cloudy,normal
2025-11-23 22:00:00,9.9,0.2,45.0,80.7,-3.1,0.0,Clear,normal
2025-11-23 23:00:00,3.9,41.2,45.0,80.7,-3.7,0.0,Clear,normal
2025-11-24 00:00:00,0.0,15.4,48.1,67.7,-8.0,0.0,Cloudy,normal
2025-11-24 01:00:00,2.6,44.6,46.8,67.8,-3.8,0.0,Cloudy,normal
2025-11-24 02:00:00,5.3,104.8,45.0,91.8,-4.1,0.0,Cloudy,normal
2025-11-24 03:00:00,14.9,0.0,45.0,79.8,-3.1,0.0,Clear,normal
2025-11-24 04:00:00,12.8,120.0,45.0,95.0,-1.6,0.0,Storm,normal
2025-11-24 05:00:00,11.4,9.0,45.0,85.2,-10.3,0.0,Cloudy,normal
2025-11-24 06:00:00,18.0,2.1,45.0,75.2,-7.6,0.0,Cloudy,normal
2025-11-24 07:00:00,26.6,0.0,45.8,67.6,-8.6,0.0,Clear,normal
2025-11-24 08:00:00,28.1,120.0,52.2,95.0,-6.6,0.0,Clear,peak_solar
2025-11-24 09:00:00,22.5,89.0,52.1,95.0,-6.9,0.0,Cloudy,normal
2025-11-24 10:00:00,31.4,3.7,48.4,89.7,-7.3,0.0,Clear,normal
2025-11-24 11:00:00,20.1,0.0,47.8,78.6,-4.3,0.0,Cloudy,normal
2025-11-24 12:00:00,36.6,10.4,50.3,77.3,-8.7,0.0,Clear,normal
2025-11-24 13:00:00,9.8,0.0,54.7,59.3,-8.2,0.0,Snow,normal
2025-11-24 14:00:00,24.5,120.0,52.4,93.2,-7.7,0.0,Cloudy,peak_solar
2025-11-24 15:00:00,14.0,3.2,55.5,77.9,-5.9,0.0,Snow,normal
2025-11-24 16:00:00,13.7,0.0,51.7,62.7,-7.4,0.0,Snow,normal
2025-11-24 17:00:00,21.5,17.3,45.0,60.2,-4.5,0.0,Cloudy,normal
2025-11-24 18:00:00,15.9,26.1,45.0,59.0,-4.6,0.0,Cloudy,normal
2025-11-24 19:00:00,19.2,35.8,49.4,61.1,-5.8,0.0,Clear,normal
2025-11-24 20:00:00,11.8,0.0,45.0,47.8,-2.1,0.0,Cloudy,normal
2025-11-24 21:00:00,7.0,103.1,45.0,71.7,-4.2,0.0,Snow,normal
2025-11-24 22:00:00,4.8,3.6,45.0,57.1,-1.9,0.0,Cloudy,normal
2025-11-24 23:00:00,2.6,0.0,45.0,40.1,-4.9,0.0,Cloudy,normal
2025-11-25 00:00:00,0.0,5.4,45.0,24.3,-4.6,0.0,Snow,normal
2025-11-25 01:00:00,3.0,5.2,45.0,15.0,-6.2,0.0,Cloudy,storm
2025-11-25 02:00:00,8.0,4.8,45.0,15.0,-5.4,0.0,Clear,storm
2025-11-25 03:00:00,6.4,18.0,45.0,15.0,-4.2,0.0,Snow,storm
2025-11-25 04:00:00,10.7,120.0,45.0,46.5,-7.0,0.0,Storm,normal
2025-11-25 05:00:00,18.9,6.0,45.0,38.5,-5.3,0.0,Clear,normal
2025-11-25 06:00:00,23.5,9.2,45.0,33.6,-8.4,0.0,Clear,normal
2025-11-25 07:00:00,23.2,0.6,45.0,25.1,-5.1,0.0,Clear,normal
2025-11-25 08:00:00,12.0,6.0,51.9,15.0,-8.1,0.0,Snow,storm
2025-11-25 09:00:00,24.5,37.4,50.2,19.3,-4.9,0.0,Cloudy,peak_solar
2025-11-25 10:00:00,27.3,39.7,56.2,23.3,-6.5,0.0,Clear,peak_solar
2025-11-25 11:00:00,30.9,120.0,47.3,61.4,-3.0,0.0,Storm,peak_solar
2025-11-25 12:00:00,28.0,0.0,53.8,51.1,-8.6,0.0,Clear,normal
2025-11-25 13:00:00,26.9,77.7,52.4,70.3,-9.0,0.0,Cloudy,peak_solar
2025-11-25 14:00:00,23.6,53.3,45.0,82.1,-6.7,0.0,Cloudy,normal
2025-11-25 15:00:00,28.7,0.0,50.4,73.4,-8.0,0.0,Clear,normal
2025-11-25 16:00:00,16.9,120.0,56.0,95.0,-7.6,0.0,Cloudy,normal
2025-11-25 17:00:00,16.5,0.0,47.8,82.5,-2.9,0.0,Cloudy,normal
2025-11-25 18:00:00,21.2,40.1,45.0,88.4,-4.0,0.0,Clear,normal
2025-11-25 19:00:00,12.0,0.0,49.4,73.5,-4.9,0.0,Cloudy,normal
2025-11-25 20:00:00,17.2,0.0,45.0,62.4,-4.7,0.0,Clear,normal
2025-11-25 21:00:00,7.6,43.4,45.0,64.6,-5.2,0.0,Cloudy,normal
2025-11-25 22:00:00,3.7,48.4,45.0,67.2,-0.4,0.0,Snow,normal
2025-11-25 23:00:00,3.9,4.2,45.0,52.5,-5.9,0.0,Clear,normal
2025-11-26 00:00:00,0.0,120.0,45.0,80.1,-7.3,0.0,Storm,normal
2025-11-26 01:00:00,3.8,40.2,45.0,79.7,-3.0,0.0,Clear,normal
2025-11-26 02:00:00,7.3,106.5,45.0,95.0,-5.7,0.0,Clear,normal
2025-11-26 03:00:00,13.1,4.8,45.0,84.2,-1.1,0.0,Clear,normal
2025-11-26 04:00:00,10.1,0.0,45.0,70.2,-7.1,0.0,Cloudy,normal
2025-11-26 05:00:00,22.6,0.0,45.0,61.2,-4.4,0.0,Clear,normal
2025-11-26 06:00:00,8.0,1.9,45.0,47.2,-4.1,0.0,Snow,normal
2025-11-26 07:00:00,25.9,0.0,45.0,39.6,-7.8,0.0,Clear,normal
2025-11-26 08:00:00,26.5,0.0,52.3,29.2,-8.3,0.0,Clear,normal
2025-11-26 09:00:00,23.4,0.0,45.0,20.6,-5.0,0.0,Cloudy,normal
2025-11-26 10:00:00,16.3,2.5,50.0,15.0,-5.2,0.0,Snow,storm
2025-11-26 11:00:00,22.7,0.0,55.9,15.0,-9.3,0.0,Cloudy,storm
2025-11-26 12:00:00,25.2,2.3,52.6,15.0,-8.4,0.0,Cloudy,storm
2025-11-26 13:00:00,23.9,0.0,55.6,15.0,-11.1,0.0,Cloudy,storm
2025-11-26 14:00:00,26.4,1.4,47.9,15.0,-3.9,0.0,Cloudy,storm
2025-11-26 15:00:00,16.0,36.7,50.6,15.8,-5.4,0.0,Snow,normal
2025-11-26 16:00:00,13.6,0.0,45.1,15.0,-4.8,0.0,Snow,storm
2025-11-26 17:00:00,25.2,18.5,47.3,15.0,-7.8,0.0,Clear,storm
2025-11-26 18:00:00,14.3,15.1,45.9,15.0,-6.3,0.0,Cloudy,storm
2025-11-26 19:00:00,19.3,0.2,50.4,15.0,-4.8,0.0,Clear,storm
2025-11-26 20:00:00,7.8,0.0,45.0,15.0,-5.2,0.0,Snow,storm
2025-11-26 21:00:00,10.6,120.0,45.0,46.5,-3.5,0.0,Storm,normal
2025-11-26 22:00:00,8.4,78.0,45.0,61.8,-2.6,0.0,Clear,normal
2025-11-26 23:00:00,2.5,0.2,45.0,44.8,0.9,0.0,Cloudy,normal
2025-11-27 00:00:00,0.0,120.0,45.0,72.4,-4.3,0.0,Storm,normal
2025-11-27 01:00:00,2.2,67.7,45.0,81.6,-2.2,0.0,Snow,normal
2025-11-27 02:00:00,7.9,43.2,45.0,83.8,-6.8,0.0,Clear,normal
2025-11-27 03:00:00,8.6,0.0,45.4,69.1,-9.1,0.0,Cloudy,normal
2025-11-27 04:00:00,10.4,43.8,45.0,72.5,-6.5,0.0,Cloudy,normal
2025-11-27 05:00:00,6.6,120.0,45.2,95.0,-9.6,0.0,Snow,normal
2025-11-27 06:00:00,10.1,9.1,45.0,84.7,-6.3,0.0,Snow,normal
2025-11-27 07:00:00,17.9,19.0,45.0,81.5,-8.2,0.0,Cloudy,normal
2025-11-27 08:00:00,25.7,36.7,57.6,83.2,-10.8,0.0,Clear,peak_solar
2025-11-27 09:00:00,19.6,120.0,45.0,95.0,-2.7,0.0,Cloudy,normal
2025-11-27 10:00:00,18.8,24.7,55.3,90.3,-7.5,0.0,Cloudy,normal
2025-11-27 11:00:00,21.2,33.7,52.5,91.2,-9.7,0.0,Cloudy,normal
2025-11-27 12:00:00,20.5,16.4,46.7,87.2,-3.8,0.0,Cloudy,normal
2025-11-27 13:00:00,35.7,120.0,47.2,95.0,-7.0,0.0,Storm,peak_solar
2025-11-27 14:00:00,15.6,9.9,45.5,87.0,-2.6,0.0,Snow,normal
2025-11-27 15:00:00,28.8,33.0,52.8,90.3,-6.2,0.0,Clear,peak_solar
2025-11-27 16:00:00,24.4,120.0,47.9,95.0,-5.5,0.0,Clear,peak_solar
2025-11-27 17:00:00,26.4,1.0,47.0,87.2,-3.2,0.0,Clear,normal
2025-11-27 18:00:00,21.3,120.0,51.9,95.0,-2.4,0.0,Storm,normal
2025-11-27 19:00:00,21.8,0.6,45.0,86.0,-1.9,0.0,Clear,normal
2025-11-27 20:00:00,7.9,0.0,45.0,71.1,-3.7,0.0,Snow,normal
2025-11-27 21:00:00,4.1,35.8,45.0,69.1,-2.4,0.0,Snow,normal
2025-11-27 22:00:00,6.4,0.4,45.0,53.8,-2.1,0.0,Cloudy,normal
2025-11-27 23:00:00,4.2,120.0,45.0,83.0,-3.5,0.0,Storm,normal
2025-11-28 00:00:00,0.0,120.0,45.0,95.0,-4.4,0.0,Storm,normal
2025-11-28 01:00:00,3.9,0.0,45.0,78.6,-7.7,0.0,Clear,normal
2025-11-28 02:00:00,3.1,0.0,45.0,61.8,-3.6,0.0,Snow,normal
2025-11-28 03:00:00,4.4,0.0,45.0,45.5,-5.2,0.0,Snow,normal
2025-11-28 04:00:00,11.1,0.0,45.0,32.0,-6.5,0.0,Cloudy,normal
2025-11-28 05:00:00,14.4,0.3,45.0,19.9,-3.1,0.0,Cloudy,normal
2025-11-28 06:00:00,25.0,120.0,45.4,56.5,-9.3,0.0,Clear,peak_solar
2025-11-28 07:00:00,21.3,40.4,45.0,62.7,-2.7,0.0,Cloudy,normal
2025-11-28 08:00:00,11.0,3.3,45.1,50.4,-6.4,0.0,Snow,normal
2025-11-28 09:00:00,21.2,29.3,52.8,49.4,-5.6,0.0,Cloudy,normal
2025-11-28 10:00:00,19.6,0.0,49.7,37.4,-7.0,0.0,Cloudy,normal
2025-11-28 11:00:00,27.3,9.6,52.7,31.0,-9.6,0.0,Cloudy,normal
2025-11-28 12:00:00,25.0,17.0,52.6,26.8,-5.9,0.0,Cloudy,normal
2025-11-28 13:00:00,9.9,14.0,45.0,18.4,-4.5,0.0,Snow,normal
2025-11-28 14:00:00,18.7,0.2,48.9,15.0,-3.4,0.0,Cloudy,storm
2025-11-28 15:00:00,13.2,0.2,45.0,15.0,-4.9,0.0,Snow,storm
2025-11-28 16:00:00,21.9,51.4,45.3,25.3,-8.9,0.0,Cloudy,normal
2025-11-28 17:00:00,16.7,43.4,45.0,30.8,-7.2,0.0,Cloudy,normal
2025-11-28 18:00:00,20.8,0.0,45.2,21.0,0.9,0.0,Clear,normal
2025-11-28 19:00:00,12.0,0.0,51.3,15.0,-5.8,0.0,Cloudy,storm
2025-11-28 20:00:00,14.3,120.0,46.5,47.3,-0.2,0.0,Storm,normal
2025-11-28 21:00:00,3.8,18.7,45.0,38.3,-5.5,0.0,Snow,normal
2025-11-28 22:00:00,3.6,14.1,45.0,27.4,-4.0,0.0,Snow,normal
2025-11-28 23:00:00,3.9,0.0,45.0,15.0,-2.4,0.0,Clear,storm
2025-11-29 00:00:00,0.0,1.8,45.0,15.0,-5.8,0.0,Clear,storm
2025-11-29 01:00:00,3.2,0.4,45.0,15.0,-0.8,0.0,Cloudy,storm
2025-11-29 02:00:00,6.1,120.0,45.0,44.8,-4.6,0.0,Cloudy,normal
2025-11-29 03:00:00,14.2,109.7,45.0,73.9,-4.1,0.0,Clear,normal
2025-11-29 04:00:00,16.2,19.3,49.0,68.5,-6.1,0.0,Clear,normal
2025-11-29 05:00:00,12.7,11.8,45.0,60.3,-4.3,0.0,Cloudy,normal
2025-11-29 06:00:00,16.2,31.3,45.0,61.2,-2.5,0.0,Cloudy,normal
2025-11-29 07:00:00,10.4,11.3,45.0,51.9,-6.5,0.0,Snow,normal
2025-11-29 08:00:00,8.5,50.7,45.4,57.0,-2.4,0.0,Snow,normal
2025-11-29 09:00:00,25.0,120.0,54.2,90.4,-7.5,0.0,Storm,peak_solar
2025-11-29 10:00:00,25.5,5.6,47.8,83.8,-4.3,0.0,Cloudy,normal
2025-11-29 11:00:00,27.0,0.0,45.8,76.2,-4.7,0.0,Cloudy,normal
2025-11-29 12:00:00,37.8,12.2,45.0,78.1,-7.8,0.0,Clear,peak_solar
2025-11-29 13:00:00,31.4,0.6,45.9,72.6,-4.6,0.0,Clear,normal
2025-11-29 14:00:00,33.0,0.0,50.2,65.7,-4.7,0.0,Clear,normal
2025-11-29 15:00:00,17.5,0.0,45.0,54.7,-6.2,0.0,Cloudy,normal
2025-11-29 16:00:00,23.5,120.0,51.8,88.5,-3.2,0.0,Cloudy,normal
2025-11-29 17:00:00,27.2,10.2,47.0,84.6,-3.3,0.0,Clear,normal
2025-11-29 18:00:00,22.3,1.8,51.9,73.4,-3.6,0.0,Clear,normal
2025-11-29 19:00:00,21.3,16.3,45.8,70.2,-3.4,0.0,Clear,normal
2025-11-29 20:00:00,13.5,0.9,45.0,57.9,-3.4,0.0,Cloudy,normal
2025-11-29 21:00:00,7.1,120.0,45.0,88.2,-4.1,0.0,Snow,normal
2025-11-29 22:00:00,8.4,120.0,45.0,95.0,-3.1,0.0,Storm,normal
2025-11-29 23:00:00,3.8,1.2,45.0,79.0,-5.1,0.0,Clear,normal
2025-11-30 00:00:00,0.0,4.6,45.0,62.9,2.0,0.0,Clear,normal
2025-11-30 01:00:00,2.5,23.5,45.0,55.3,-7.3,0.0,Cloudy,normal
2025-11-30 02:00:00,5.0,0.0,45.0,39.3,-5.9,0.0,Cloudy,normal
2025-11-30 03:00:00,6.4,0.0,45.0,23.8,-6.1,0.0,Snow,normal
2025-11-30 04:00:00,8.6,120.0,45.0,54.6,-0.8,0.0,Snow,normal
2025-11-30 05:00:00,9.5,1.6,45.0,41.0,-8.5,0.0,Snow,normal
2025-11-30 06:00:00,17.4,1.0,45.0,30.4,-4.9,0.0,Cloudy,normal
2025-11-30 07:00:00,15.2,28.4,45.0,29.8,-5.5,0.0,Cloudy,normal
2025-11-30 08:00:00,21.3,0.0,52.3,17.4,-5.3,0.0,Cloudy,normal
2025-11-30 09:00:00,15.7,0.9,47.8,15.0,-3.3,0.0,Snow,storm
2025-11-30 10:00:00,17.6,0.0,47.9,15.0,-3.2,0.0,Snow,storm
2025-11-30 11:00:00,32.0,0.0,51.1,15.0,-6.6,0.0,Clear,storm
2025-11-30 12:00:00,27.8,0.8,45.0,15.0,-4.9,0.0,Clear,storm
2025-11-30 13:00:00,34.5,0.0,51.2,15.0,-9.1,0.0,Clear,storm
2025-11-30 14:00:00,18.9,0.0,51.0,15.0,-4.4,0.0,Cloudy,storm
2025-11-30 15:00:00,15.7,8.2,45.0,15.0,-5.9,0.0,Snow,storm
2025-11-30 16:00:00,19.4,65.7,45.0,29.7,-4.2,0.0,Cloudy,normal
2025-11-30 17:00:00,24.2,68.8,45.5,47.2,-7.2,0.0,Clear,peak_solar
2025-11-30 18:00:00,25.7,62.2,45.0,63.0,-2.4,0.0,Clear,peak_solar
2025-11-30 19:00:00,19.7,0.1,49.6,51.0,-6.9,0.0,Clear,normal
2025-11-30 20:00:00,5.5,5.8,45.0,37.5,-2.7,0.0,Snow,normal
2025-11-30 21:00:00,8.6,0.6,45.0,23.2,-5.8,0.0,Cloudy,normal
2025-11-30 22:00:00,5.0,0.2,48.6,15.0,-5.1,0.0,Cloudy,storm
2025-11-30 23:00:00,4.0,0.2,45.0,15.0,-1.0,0.0,Clear,storm
2025-12-01 00:00:00,0.0,0.0,45.0,15.0,-2.4,0.0,Clear,storm
2025-12-01 01:00:00,1.6,16.4,45.0,15.0,-1.5,0.0,Snow,storm
2025-12-01 02:00:00,8.8,120.0,45.0,45.8,-1.0,0.0,Clear,normal
2025-12-01 03:00:00,12.3,0.5,45.0,33.0,-6.5,0.0,Clear,normal
2025-12-01 04:00:00,10.8,0.2,45.0,19.4,-1.9,0.0,Cloudy,normal
2025-12-01 05:00:00,14.0,0.0,45.0,15.0,-8.7,0.0,Cloudy,storm
2025-12-01 06:00:00,18.1,40.6,45.0,20.0,-4.1,0.0,Cloudy,normal
2025-12-01 07:00:00,20.6,0.0,51.8,15.0,-7.0,0.0,Cloudy,storm
2025-12-01 08:00:00,29.2,9.4,49.0,15.0,-8.0,0.0,Clear,storm
2025-12-01 09:00:00,35.0,0.1,47.0,15.0,-4.5,0.0,Clear,storm
2025-12-01 10:00:00,27.2,2.6,48.0,15.0,-3.6,0.0,Clear,storm
2025-12-01 11:00:00,34.4,11.4,56.1,15.0,-3.5,0.0,Clear,storm
2025-12-01 12:00:00,26.6,9.3,50.7,15.0,-4.7,0.0,Cloudy,storm
2025-12-01 13:00:00,33.8,92.5,47.5,44.0,-4.5,0.0,Clear,peak_solar
2025-12-01 14:00:00,26.8,0.0,45.0,36.8,-3.3,0.0,Clear,normal
2025-12-01 15:00:00,35.6,68.8,51.4,56.2,-3.4,0.0,Clear,peak_solar
2025-12-01 16:00:00,20.8,12.9,45.0,51.7,-2.5,0.0,Cloudy,normal
2025-12-01 17:00:00,23.7,117.4,51.6,84.6,-2.9,0.0,Clear,normal
2025-12-01 18:00:00,19.4,7.4,45.0,77.4,-1.3,0.0,Cloudy,normal
2025-12-01 19:00:00,11.2,0.0,46.8,63.2,-6.6,0.0,Snow,normal
2025-12-01 20:00:00,16.6,4.4,45.0,53.5,-3.2,0.0,Clear,normal
2025-12-01 21:00:00,12.4,37.6,45.0,55.4,-6.0,0.0,Clear,normal
2025-12-01 22:00:00,7.2,58.3,45.0,62.9,-2.5,0.0,Clear,normal
2025-12-01 23:00:00,3.7,5.0,45.0,48.4,0.2,0.0,Clear,normal
2025-12-02 00:00:00,0.0,3.0,45.0,31.6,-4.6,0.0,Cloudy,normal
2025-12-02 01:00:00,1.3,12.1,45.0,19.0,-3.6,0.0,Snow,normal
2025-12-02 02:00:00,6.4,84.8,45.0,35.9,-2.6,0.0,Cloudy,normal
2025-12-02 03:00:00,10.4,0.9,47.6,21.4,-9.2,0.0,Cloudy,normal
2025-12-02 04:00:00,6.9,23.3,45.0,15.5,-6.2,0.0,Snow,normal
2025-12-02 05:00:00,13.8,120.0,45.0,48.2,-4.5,0.0,Storm,normal
2025-12-02 06:00:00,11.9,120.0,47.8,79.1,-12.0,0.0,Storm,normal
2025-12-02 07:00:00,10.9,83.6,45.2,95.0,-7.9,0.0,Snow,normal
2025-12-02 08:00:00,23.5,2.6,52.3,84.5,-3.4,0.0,Cloudy,normal
2025-12-02 09:00:00,29.3,0.0,45.0,78.3,-3.5,0.0,Clear,normal
2025-12-02 10:00:00,26.0,20.0,48.0,77.5,-4.8,0.0,Cloudy,normal
2025-12-02 11:00:00,24.6,120.0,45.0,95.0,-3.4,0.0,Storm,peak_solar
2025-12-02 12:00:00,32.2,4.9,52.6,88.8,-4.6,0.0,Clear,normal
2025-12-02 13:00:00,13.8,109.0,45.0,95.0,-3.4,0.0,Snow,normal
2025-12-02 14:00:00,20.0,90.3,47.8,95.0,-5.0,0.0,Cloudy,normal
2025-12-02 15:00:00,26.7,7.3,45.0,90.6,-3.6,0.0,Clear,normal
2025-12-02 16:00:00,22.2,72.5,45.0,95.0,-4.9,0.0,Cloudy,normal
2025-12-02 17:00:00,18.8,0.0,46.0,84.1,-0.4,0.0,Cloudy,normal
2025-12-02 18:00:00,21.2,3.3,45.0,75.9,0.4,0.0,Clear,normal
2025-12-02 19:00:00,14.6,27.4,45.0,74.7,0.2,0.0,Cloudy,normal
2025-12-02 20:00:00,5.1,6.6,53.2,58.1,-3.7,0.0,Snow,normal
2025-12-02 21:00:00,11.5,0.0,45.0,44.8,-4.9,0.0,Clear,normal
2025-12-02 22:00:00,7.3,72.7,45.0,57.7,-0.2,0.0,Clear,normal
2025-12-02 23:00:00,2.4,26.5,45.0,51.2,-2.0,0.0,Snow,normal
2025-12-03 00:00:00,0.0,12.3,45.0,38.2,-2.7,0.0,Cloudy,normal
2025-12-03 01:00:00,5.0,120.0,45.0,67.6,-5.1,0.0,Clear,normal
2025-12-03 02:00:00,9.8,75.5,45.0,82.4,-3.2,0.0,Clear,normal
2025-12-03 03:00:00,10.3,0.0,45.0,68.6,-6.9,0.0,Cloudy,normal
2025-12-03 04:00:00,9.2,13.0,45.0,59.4,-3.5,0.0,Snow,normal
2025-12-03 05:00:00,16.1,11.8,45.0,52.6,-2.2,0.0,Cloudy,normal
2025-12-03 06:00:00,21.5,1.7,45.0,43.8,-1.9,0.0,Clear,normal
2025-12-03 07:00:00,27.9,0.0,45.0,37.0,-4.0,0.0,Clear,normal
2025-12-03 08:00:00,24.4,0.1,58.2,23.5,-8.7,0.0,Clear,normal
2025-12-03 09:00:00,29.1,0.0,50.4,15.0,-5.2,0.0,Clear,normal
2025-12-03 10:00:00,31.2,120.0,45.8,53.8,-0.7,0.0,Storm,peak_solar
2025-12-03 11:00:00,19.3,6.6,50.5,43.9,-7.1,0.0,Cloudy,normal
2025-12-03 12:00:00,37.0,31.3,51.0,50.3,-5.0,0.0,Clear,peak_solar
2025-12-03 13:00:00,25.1,0.0,46.2,41.8,-1.4,0.0,Cloudy,normal
2025-12-03 14:00:00,27.5,0.0,45.0,34.8,-2.8,0.0,Clear,normal
2025-12-03 15:00:00,30.5,1.2,50.5,27.3,1.7,0.0,Clear,normal
2025-12-03 16:00:00,19.3,0.5,54.8,15.0,-5.0,0.0,Cloudy,storm
2025-12-03 17:00:00,23.6,15.3,46.3,15.0,-5.3,0.0,Clear,storm
2025-12-03 18:00:00,18.7,1.5,45.0,15.0,-0.1,0.0,Cloudy,storm
2025-12-03 19:00:00,14.0,120.0,45.0,47.7,-5.3,0.0,Storm,normal
2025-12-03 20:00:00,16.8,119.2,45.0,81.2,-3.1,0.0,Clear,normal
2025-12-03 21:00:00,7.1,120.0,45.0,95.0,-2.8,0.0,Storm,normal
2025-12-03 22:00:00,9.0,6.8,45.0,83.3,-0.6,0.0,Clear,normal
2025-12-03 23:00:00,1.8,14.4,45.0,71.8,-1.7,0.0,Snow,normal
2025-12-04 00:00:00,0.0,120.0,45.0,95.0,-2.2,0.0,Storm,normal
2025-12-04 01:00:00,4.3,1.0,45.0,79.1,-4.5,0.0,Clear,normal
2025-12-04 02:00:00,8.9,26.8,45.0,75.4,-1.3,0.0,Clear,normal
2025-12-04 03:00:00,6.0,1.5,45.0,60.4,4.5,0.0,Snow,normal
2025-12-04 04:00:00,13.1,31.2,45.0,60.1,-3.2,0.0,Cloudy,normal
2025-12-04 05:00:00,21.1,0.0,48.7,49.0,-4.8,0.0,Clear,normal
2025-12-04 06:00:00,21.9,0.4,45.0,40.0,-8.2,0.0,Clear,normal
2025-12-04 07:00:00,18.0,15.1,45.0,35.2,-6.9,0.0,Cloudy,normal
2025-12-04 08:00:00,12.9,21.4,48.6,29.4,-6.0,0.0,Snow,normal
2025-12-04 09:00:00,19.0,55.6,53.8,37.1,-6.6,0.0,Cloudy,normal
2025-12-04 10:00:00,16.6,0.0,51.7,23.1,-5.3,0.0,Snow,normal
2025-12-04 11:00:00,34.4,13.4,45.0,24.1,-1.2,0.0,Clear,peak_solar
2025-12-04 12:00:00,23.8,0.0,47.1,15.0,-2.0,0.0,Cloudy,storm
2025-12-04 13:00:00,14.9,1.9,46.1,15.0,-4.7,0.0,Snow,storm
2025-12-04 14:00:00,15.0,7.5,50.7,15.0,-6.7,0.0,Snow,storm
2025-12-04 15:00:00,20.4,4.2,45.0,15.0,-0.7,0.0,Cloudy,storm
2025-12-04 16:00:00,17.9,120.0,45.0,49.2,-3.4,0.0,Storm,normal
2025-12-04 17:00:00,24.2,7.7,45.0,43.9,-6.7,0.0,Clear,normal
2025-12-04 18:00:00,15.1,38.1,45.0,47.0,-1.1,0.0,Cloudy,normal
2025-12-04 19:00:00,8.1,15.3,45.0,38.3,-0.3,0.0,Snow,normal
2025-12-04 20:00:00,10.6,6.2,50.2,24.9,-7.8,0.0,Cloudy,normal
2025-12-04 21:00:00,6.6,31.2,45.0,22.1,-4.4,0.0,Snow,normal
2025-12-04 22:00:00,7.0,11.5,45.0,15.0,-2.9,0.0,Cloudy,storm
2025-12-04 23:00:00,4.6,8.6,45.0,15.0,-1.3,0.0,Clear,storm
2025-12-05 00:00:00,0.0,2.8,45.0,15.0,-4.3,0.0,Cloudy,storm
2025-12-05 01:00:00,4.1,1.0,45.0,15.0,-5.3,0.0,Clear,storm
2025-12-05 02:00:00,5.0,0.4,45.0,15.0,-2.3,0.0,Cloudy,storm
2025-12-05 03:00:00,8.1,8.5,45.0,15.0,-5.3,0.0,Cloudy,storm
2025-12-05 04:00:00,17.6,6.6,45.0,15.0,-3.4,0.0,Clear,storm
2025-12-05 05:00:00,14.3,120.0,45.0,47.8,-7.4,0.0,Storm,normal
2025-12-05 06:00:00,18.4,0.0,45.0,37.2,-8.1,0.0,Cloudy,normal
2025-12-05 07:00:00,12.1,120.0,45.0,69.2,-3.7,0.0,Storm,normal
2025-12-05 08:00:00,19.1,0.0,45.2,58.8,-4.8,0.0,Cloudy,normal
2025-12-05 09:00:00,14.8,5.8,48.2,47.8,-3.3,0.0,Snow,normal
2025-12-05 10:00:00,30.4,21.8,45.0,50.4,-6.3,0.0,Clear,peak_solar
2025-12-05 11:00:00,20.2,0.0,49.5,38.6,-6.7,0.0,Cloudy,normal
2025-12-05 12:00:00,22.0,0.0,45.0,29.5,-1.6,0.0,Cloudy,normal
2025-12-05 13:00:00,20.7,3.7,46.1,20.8,-7.6,0.0,Cloudy,normal
2025-12-05 14:00:00,28.7,40.2,46.6,29.0,-1.1,0.0,Clear,peak_solar
2025-12-05 15:00:00,34.9,76.0,48.0,52.2,-0.6,0.0,Clear,peak_solar
2025-12-05 16:00:00,17.5,0.0,45.0,41.2,-1.2,0.0,Cloudy,normal
2025-12-05 17:00:00,20.0,3.2,47.6,31.4,-4.3,0.0,Cloudy,normal
2025-12-05 18:00:00,15.9,0.0,46.2,19.3,-4.4,0.0,Cloudy,normal
2025-12-05 19:00:00,7.1,0.0,45.5,15.0,-2.9,0.0,Snow,storm
2025-12-05 20:00:00,9.4,120.0,46.1,45.6,-5.2,0.0,Cloudy,normal
2025-12-05 21:00:00,9.6,18.5,45.0,38.9,-4.5,0.0,Cloudy,normal
2025-12-05 22:00:00,6.7,0.0,45.0,23.6,-1.1,0.0,Cloudy,normal
2025-12-05 23:00:00,2.8,112.2,45.0,49.4,-1.4,0.0,Cloudy,normal
2025-12-06 00:00:00,0.0,0.1,45.0,31.4,-5.3,0.0,Cloudy,normal
2025-12-06 01:00:00,2.4,5.3,45.0,16.5,-1.9,0.0,Cloudy,normal
2025-12-06 02:00:00,9.2,0.0,45.0,15.0,-2.7,0.0,Clear,storm
2025-12-06 03:00:00,11.2,0.0,45.0,15.0,-0.8,0.0,Clear,storm
2025-12-06 04:00:00,8.7,13.6,45.0,15.0,-3.2,0.0,Snow,storm
2025-12-06 05:00:00,11.7,11.8,45.0,15.0,-2.5,0.0,Cloudy,storm
2025-12-06 06:00:00,10.8,0.9,45.0,15.0,-4.0,0.0,Snow,storm
2025-12-06 07:00:00,24.6,3.6,45.0,15.0,-3.0,0.0,Clear,storm
2025-12-06 08:00:00,19.4,48.0,51.0,21.0,-8.1,0.0,Cloudy,normal
2025-12-06 09:00:00,23.3,2.6,45.0,15.0,-5.5,0.0,Cloudy,storm
2025-12-06 10:00:00,25.3,21.6,50.0,15.0,-5.1,0.0,Cloudy,storm
2025-12-06 11:00:00,15.3,0.3,53.4,15.0,-5.3,0.0,Snow,storm
2025-12-06 12:00:00,32.2,5.0,52.0,15.0,-3.5,0.0,Clear,storm
2025-12-06 13:00:00,17.9,0.0,47.6,15.0,-2.7,0.0,Snow,storm
2025-12-06 14:00:00,14.7,0.5,49.3,15.0,-2.9,0.0,Snow,storm
2025-12-06 15:00:00,27.9,7.4,45.0,15.0,-3.7,0.0,Clear,storm
2025-12-06 16:00:00,26.5,4.0,49.9,15.0,-4.6,0.0,Clear,storm
2025-12-06 17:00:00,27.7,0.3,45.7,15.0,-0.3,0.0,Clear,storm
2025-12-06 18:00:00,21.5,0.0,45.0,15.0,-1.7,0.0,Clear,storm
2025-12-06 19:00:00,17.3,8.4,47.8,15.0,-4.5,0.0,Clear,storm
2025-12-06 20:00:00,15.2,3.5,45.0,15.0,-2.7,0.0,Clear,storm
2025-12-06 21:00:00,7.4,16.1,45.0,15.0,-6.1,0.0,Cloudy,storm
2025-12-06 22:00:00,4.5,0.1,45.0,15.0,-2.4,0.0,Snow,storm
2025-12-06 23:00:00,4.5,31.6,45.6,15.0,-3.1,0.0,Clear,storm
2025-12-07 00:00:00,0.0,0.0,45.0,15.0,-4.1,0.0,Clear,storm
2025-12-07 01:00:00,1.9,0.0,45.0,15.0,0.3,0.0,Snow,storm
2025-12-07 02:00:00,6.5,120.0,45.0,45.0,-6.1,0.0,Cloudy,normal
2025-12-07 03:00:00,10.8,0.0,45.0,31.3,-2.4,0.0,Clear,normal
2025-12-07 04:00:00,13.8,8.4,45.0,22.2,0.5,0.0,Clear,normal
2025-12-07 05:00:00,15.1,1.5,45.0,15.0,-2.3,0.0,Cloudy,storm
2025-12-07 06:00:00,10.1,120.0,45.0,46.3,-5.0,0.0,Snow,normal
2025-12-07 07:00:00,28.5,34.5,45.0,53.0,-7.5,0.0,Clear,peak_solar
2025-12-07 08:00:00,13.5,0.0,50.6,38.1,-8.1,0.0,Snow,normal
2025-12-07 09:00:00,13.6,120.0,45.2,70.6,-6.0,0.0,Storm,normal
2025-12-07 10:00:00,26.6,78.0,52.1,90.0,-6.4,0.0,Clear,peak_solar
2025-12-07 11:00:00,17.6,0.8,45.0,79.4,-6.2,0.0,Snow,normal
2025-12-07 12:00:00,18.4,0.0,53.4,65.4,-5.1,0.0,Snow,normal
2025-12-07 13:00:00,26.3,10.6,47.6,61.1,-4.2,0.0,Cloudy,normal
2025-12-07 14:00:00,11.2,12.6,45.0,52.6,-2.5,0.0,Snow,normal
2025-12-07 15:00:00,20.2,0.0,45.0,42.7,-5.9,0.0,Cloudy,normal
2025-12-07 16:00:00,25.8,8.4,46.1,37.9,-4.4,0.0,Clear,normal
2025-12-07 17:00:00,27.2,63.9,45.0,54.9,-2.9,0.0,Clear,peak_solar
2025-12-07 18:00:00,9.0,7.0,47.5,42.3,-2.7,0.0,Snow,normal
2025-12-07 19:00:00,11.9,3.8,45.0,30.5,1.9,0.0,Cloudy,normal
2025-12-07 20:00:00,8.2,2.3,47.7,15.6,-1.6,0.0,Snow,normal
2025-12-07 21:00:00,9.1,0.0,45.0,15.0,-5.7,0.0,Cloudy,storm
2025-12-07 22:00:00,5.6,101.4,45.0,37.8,-1.4,0.0,Cloudy,normal
2025-12-07 23:00:00,3.2,1.1,45.0,21.5,-1.3,0.0,Cloudy,normal
2025-12-08 00:00:00,0.0,10.4,45.0,15.0,-3.0,0.0,Cloudy,storm
2025-12-08 01:00:00,3.1,0.0,45.6,15.0,-5.8,0.0,Cloudy,storm
2025-12-08 02:00:00,7.7,3.2,45.0,15.0,0.4,0.0,Clear,storm
2025-12-08 03:00:00,12.6,24.1,45.0,15.0,-6.2,0.0,Clear,storm
2025-12-08 04:00:00,8.7,0.9,45.0,15.0,-2.8,0.0,Snow,storm
2025-12-08 05:00:00,8.4,1.1,45.0,15.0,-4.1,0.0,Snow,storm
2025-12-08 06:00:00,12.1,4.8,45.0,15.0,-3.5,0.0,Snow,storm
2025-12-08 07:00:00,12.6,21.6,45.0,15.0,-1.2,0.0,Snow,storm
2025-12-08 08:00:00,20.4,8.0,49.7,15.0,-3.7,0.0,Cloudy,storm
2025-12-08 09:00:00,19.9,120.0,52.3,47.3,-6.2,0.0,Storm,normal
2025-12-08 10:00:00,31.5,120.0,45.3,86.4,-2.3,0.0,Clear,peak_solar
2025-12-08 11:00:00,23.2,0.3,53.0,74.5,-5.9,0.0,Cloudy,normal
2025-12-08 12:00:00,12.8,87.8,47.0,94.2,-3.9,0.0,Snow,normal
2025-12-08 13:00:00,20.3,0.0,45.0,84.3,-6.7,0.0,Cloudy,normal
2025-12-08 14:00:00,26.5,1.4,53.9,74.0,-5.8,0.0,Cloudy,normal
2025-12-08 15:00:00,27.5,0.0,45.0,67.0,-3.0,0.0,Clear,normal
2025-12-08 16:00:00,21.8,29.0,45.0,69.1,-1.9,0.0,Cloudy,normal
2025-12-08 17:00:00,16.4,0.9,62.0,51.3,-6.2,0.0,Cloudy,normal
2025-12-08 18:00:00,12.1,0.0,45.0,38.1,-1.1,0.0,Snow,normal
2025-12-08 19:00:00,12.8,49.0,49.4,42.7,-3.8,0.0,Cloudy,normal
2025-12-08 20:00:00,8.0,0.0,45.0,27.9,0.8,0.0,Snow,normal
2025-12-08 21:00:00,10.8,38.1,45.0,29.3,-2.8,0.0,Clear,normal
2025-12-08 22:00:00,6.1,11.5,45.0,18.4,-4.7,0.0,Cloudy,normal
2025-12-08 23:00:00,2.7,2.2,45.0,15.0,-2.2,0.0,Cloudy,storm
2025-12-09 00:00:00,0.0,66.7,45.0,23.0,-4.6,0.0,Clear,normal
2025-12-09 01:00:00,3.2,0.0,45.0,15.0,-0.2,0.0,Cloudy,storm
2025-12-09 02:00:00,5.1,0.0,45.0,15.0,-3.4,0.0,Cloudy,storm
2025-12-09 03:00:00,5.1,0.0,45.0,15.0,-4.1,0.0,Snow,storm
2025-12-09 04:00:00,10.0,120.0,45.0,46.3,-2.8,0.0,Storm,normal
2025-12-09 05:00:00,18.5,0.0,45.0,35.7,-6.6,0.0,Clear,normal
2025-12-09 06:00:00,21.4,0.7,45.0,26.5,-7.5,0.0,Clear,normal
2025-12-09 07:00:00,21.0,120.0,45.0,61.8,-3.9,0.0,Storm,normal
2025-12-09 08:00:00,20.7,0.7,58.8,46.9,-7.3,0.0,Cloudy,normal
2025-12-09 09:00:00,29.6,31.0,49.8,50.8,-7.2,0.0,Clear,peak_solar
2025-12-09 10:00:00,24.9,120.0,49.0,86.1,-2.8,0.0,Storm,peak_solar
2025-12-09 11:00:00,24.5,19.4,45.6,85.4,-3.3,0.0,Cloudy,normal
2025-12-09 12:00:00,20.4,4.3,49.7,75.4,-6.9,0.0,Cloudy,normal
2025-12-09 13:00:00,34.1,52.5,46.7,90.1,-5.1,0.0,Clear,peak_solar
2025-12-09 14:00:00,34.6,0.0,48.3,84.6,-5.3,0.0,Clear,normal
2025-12-09 15:00:00,26.4,0.6,45.0,77.4,0.9,0.0,Clear,normal
2025-12-09 16:00:00,20.6,120.0,45.0,95.0,-0.6,0.0,Cloudy,normal
2025-12-09 17:00:00,29.0,0.0,45.0,88.6,-3.2,0.0,Clear,normal
2025-12-09 18:00:00,18.1,0.0,52.9,74.7,-0.8,0.0,Cloudy,normal
2025-12-09 19:00:00,14.4,7.8,49.5,63.8,-4.9,0.0,Cloudy,normal
2025-12-09 20:00:00,15.3,32.1,48.6,63.3,-3.3,0.0,Clear,normal
2025-12-09 21:00:00,4.4,1.2,45.0,47.6,-1.7,0.0,Snow,normal
2025-12-09 22:00:00,5.3,33.2,45.0,45.0,-1.1,0.0,Cloudy,normal
2025-12-09 23:00:00,3.3,11.6,45.0,33.0,-2.5,0.0,Cloudy,normal
2025-12-10 00:00:00,0.0,120.0,45.0,60.6,-1.9,0.0,Storm,normal
2025-12-10 01:00:00,4.8,54.4,45.0,65.8,-2.7,0.0,Clear,normal
2025-12-10 02:00:00,9.0,11.4,45.0,56.0,-3.6,0.0,Clear,normal
2025-12-10 03:00:00,10.3,0.0,45.0,42.2,-4.3,0.0,Cloudy,normal
2025-12-10 04:00:00,8.6,0.1,45.0,27.6,-4.9,0.0,Snow,normal
2025-12-10 05:00:00,11.1,0.0,49.4,15.0,-3.8,0.0,Snow,storm
2025-12-10 06:00:00,13.8,120.0,45.0,47.7,-3.6,0.0,Cloudy,normal
2025-12-10 07:00:00,11.4,0.0,45.0,34.2,-4.2,0.0,Snow,normal
2025-12-10 08:00:00,29.1,1.1,48.8,26.8,-7.3,0.0,Clear,normal
2025-12-10 09:00:00,30.8,16.3,52.8,24.5,-6.9,0.0,Clear,normal
2025-12-10 10:00:00,38.0,0.3,45.8,21.5,-3.7,0.0,Clear,normal
2025-12-10 11:00:00,21.8,0.8,47.9,15.0,-1.1,0.0,Cloudy,storm
2025-12-10 12:00:00,25.9,11.4,46.3,15.0,-3.6,0.0,Cloudy,storm
2025-12-10 13:00:00,21.3,0.0,46.0,15.0,-4.5,0.0,Cloudy,storm
2025-12-10 14:00:00,22.4,7.6,45.0,15.0,-2.7,0.0,Cloudy,storm
2025-12-10 15:00:00,30.2,47.8,52.5,24.4,-5.3,0.0,Clear,peak_solar
2025-12-10 16:00:00,14.5,0.1,45.0,15.0,0.4,0.0,Snow,storm
2025-12-10 17:00:00,20.5,0.0,47.8,15.0,-1.8,0.0,Cloudy,storm
2025-12-10 18:00:00,17.0,120.0,45.0,48.8,-3.4,0.0,Storm,normal
2025-12-10 19:00:00,18.6,120.0,48.5,82.0,-2.1,0.0,Storm,normal
2025-12-10 20:00:00,13.7,3.6,51.0,68.5,-2.9,0.0,Cloudy,normal
2025-12-10 21:00:00,6.8,6.8,45.0,55.9,1.1,0.0,Snow,normal
2025-12-10 22:00:00,7.2,6.6,45.0,43.4,-2.4,0.0,Clear,normal
2025-12-10 23:00:00,3.6,0.6,45.7,26.8,-1.8,0.0,Cloudy,normal
2025-12-11 00:00:00,0.0,3.1,45.0,15.0,-1.1,0.0,Clear,storm
2025-12-11 01:00:00,2.8,0.0,45.0,15.0,-4.4,0.0,Cloudy,storm
2025-12-11 02:00:00,7.6,0.0,45.0,15.0,-2.7,0.0,Clear,storm
2025-12-11 03:00:00,13.3,0.8,45.0,15.0,-2.9,0.0,Clear,storm
2025-12-11 04:00:00,10.0,0.1,45.0,15.0,-7.3,0.0,Cloudy,storm
2025-12-11 05:00:00,12.4,0.0,45.0,15.0,-3.6,0.0,Cloudy,storm
2025-12-11 06:00:00,22.8,3.1,45.0,15.0,-4.5,0.0,Clear,storm
2025-12-11 07:00:00,13.7,35.0,45.0,16.4,-4.3,0.0,Snow,normal
2025-12-11 08:00:00,20.1,0.0,45.0,15.0,-4.5,0.0,Cloudy,storm
2025-12-11 09:00:00,19.9,0.0,48.2,15.0,-4.0,0.0,Cloudy,storm
2025-12-11 10:00:00,22.4,11.3,45.0,15.0,-1.5,0.0,Cloudy,storm
2025-12-11 11:00:00,24.4,1.0,52.6,15.0,-6.8,0.0,Cloudy,storm
2025-12-11 12:00:00,22.8,53.3,48.0,25.3,-4.6,0.0,Cloudy,normal
2025-12-11 13:00:00,18.3,0.0,47.1,15.0,-2.0,0.0,Snow,storm
2025-12-11 14:00:00,17.5,0.0,50.5,15.0,-2.1,0.0,Snow,storm
2025-12-11 15:00:00,20.2,0.7,45.0,15.0,-1.7,0.0,Cloudy,storm
2025-12-11 16:00:00,26.8,0.0,45.0,15.0,3.7,0.0,Clear,storm
2025-12-11 17:00:00,21.8,107.2,48.5,44.6,-0.7,0.0,Cloudy,normal
2025-12-11 18:00:00,21.4,0.0,49.8,33.3,0.7,0.0,Clear,normal
2025-12-11 19:00:00,18.6,0.6,50.4,20.8,-2.3,0.0,Clear,normal
2025-12-11 20:00:00,6.8,120.0,45.0,50.8,-3.8,0.0,Storm,normal
2025-12-11 21:00:00,10.6,0.0,45.0,37.1,-2.4,0.0,Clear,normal
2025-12-11 22:00:00,7.0,4.5,45.0,23.7,-0.2,0.0,Cloudy,normal
2025-12-11 23:00:00,3.7,1.1,45.0,15.0,-1.2,0.0,Clear,storm
2025-12-12 00:00:00,0.0,17.4,45.0,15.0,-1.4,0.0,Snow,storm
2025-12-12 01:00:00,3.6,12.7,45.0,15.0,-3.1,0.0,Cloudy,storm
2025-12-12 02:00:00,8.4,10.3,45.0,15.0,-3.8,0.0,Clear,storm
2025-12-12 03:00:00,8.7,62.7,45.0,24.7,-3.8,0.0,Cloudy,normal
2025-12-12 04:00:00,14.7,58.8,45.0,35.2,-2.2,0.0,Clear,normal
2025-12-12 05:00:00,21.0,0.1,45.0,25.7,-2.2,0.0,Clear,normal
2025-12-12 06:00:00,17.3,0.1,45.0,15.0,-6.5,0.0,Cloudy,storm
2025-12-12 07:00:00,22.4,30.7,45.0,18.0,-2.8,0.0,Clear,normal
2025-12-12 08:00:00,21.1,7.5,51.0,15.0,-5.9,0.0,Cloudy,storm
2025-12-12 09:00:00,22.1,13.6,45.2,15.0,-3.4,0.0,Cloudy,storm
2025-12-12 10:00:00,11.2,4.8,46.2,15.0,-4.7,0.0,Snow,storm
2025-12-12 11:00:00,23.5,0.4,45.0,15.0,-0.6,0.0,Cloudy,storm
2025-12-12 12:00:00,18.3,26.6,46.1,15.0,-4.7,0.0,Snow,storm
2025-12-12 13:00:00,20.9,0.0,46.5,15.0,-3.0,0.0,Cloudy,storm
2025-12-12 14:00:00,18.0,120.0,45.0,49.2,-1.7,0.0,Storm,normal
2025-12-12 15:00:00,33.6,120.0,45.4,89.1,-4.5,0.0,Storm,peak_solar
2025-12-12 16:00:00,30.1,120.0,45.0,95.0,-2.4,0.0,Storm,peak_solar
2025-12-12 17:00:00,16.8,9.4,45.0,87.5,-2.5,0.0,Cloudy,normal
2025-12-12 18:00:00,17.3,0.8,45.0,76.7,-2.8,0.0,Cloudy,normal
2025-12-12 19:00:00,14.5,120.0,45.0,95.0,-2.5,0.0,Cloudy,normal
2025-12-12 20:00:00,9.7,5.2,45.0,83.0,0.9,0.0,Cloudy,normal
2025-12-12 21:00:00,10.4,52.7,45.0,89.6,-2.9,0.0,Cloudy,normal
2025-12-12 22:00:00,4.3,51.8,45.0,93.7,-0.5,0.0,Snow,normal
2025-12-12 23:00:00,4.1,0.0,45.0,77.3,-1.2,0.0,Clear,normal
2025-12-13 00:00:00,0.0,24.6,45.0,69.2,-5.2,0.0,Clear,normal
2025-12-13 01:00:00,4.2,45.6,45.0,70.9,-1.4,0.0,Clear,normal
2025-12-13 02:00:00,3.9,3.1,48.1,54.5,-6.0,0.0,Snow,normal
2025-12-13 03:00:00,6.2,0.0,45.0,38.9,-1.9,0.0,Snow,normal
2025-12-13 04:00:00,9.1,120.0,45.0,69.9,-4.8,0.0,Snow,normal
2025-12-13 05:00:00,10.7,120.0,45.0,95.0,-3.9,0.0,Storm,normal
2025-12-13 06:00:00,18.0,6.4,45.0,86.8,-7.0,0.0,Cloudy,normal
2025-12-13 07:00:00,23.3,1.2,45.0,78.6,-4.1,0.0,Clear,normal
2025-12-13 08:00:00,28.1,0.0,52.0,69.0,-2.3,0.0,Clear,normal
2025-12-13 09:00:00,31.1,7.7,45.3,66.4,-6.1,0.0,Clear,normal
2025-12-13 10:00:00,24.6,0.5,47.5,57.5,-5.5,0.0,Cloudy,normal
2025-12-13 11:00:00,24.0,0.0,48.6,47.6,-2.9,0.0,Cloudy,normal
2025-12-13 12:00:00,16.0,64.2,51.3,58.2,-2.6,0.0,Snow,normal
2025-12-13 13:00:00,35.8,28.4,47.6,64.3,-8.6,0.0,Clear,peak_solar
2025-12-13 14:00:00,25.3,0.2,46.0,56.2,1.5,0.0,Cloudy,normal
2025-12-13 15:00:00,31.9,120.0,45.0,95.0,-1.3,0.0,Storm,peak_solar
2025-12-13 16:00:00,22.7,3.8,45.0,87.6,-0.6,0.0,Cloudy,normal
2025-12-13 17:00:00,18.5,6.9,45.0,79.7,-2.1,0.0,Cloudy,normal
2025-12-13 18:00:00,15.2,2.1,45.0,68.6,-5.7,0.0,Cloudy,normal
2025-12-13 19:00:00,18.0,89.0,45.7,91.2,0.0,0.0,Clear,normal
2025-12-13 20:00:00,10.4,25.8,45.0,87.6,-2.6,0.0,Cloudy,normal
2025-12-13 21:00:00,9.2,0.0,45.0,73.3,-0.2,0.0,Cloudy,normal
2025-12-13 22:00:00,5.9,5.0,45.0,59.7,-2.1,0.0,Cloudy,normal
2025-12-13 23:00:00,4.2,49.9,45.0,63.0,-1.3,0.0,Clear,normal
2025-12-14 00:00:00,0.0,0.0,45.0,45.0,-3.7,0.0,Clear,normal
2025-12-14 01:00:00,2.9,48.0,45.0,47.2,-0.5,0.0,Cloudy,normal
2025-12-14 02:00:00,6.2,27.2,45.0,42.6,-5.4,0.0,Cloudy,normal
2025-12-14 03:00:00,10.3,0.0,45.0,28.7,1.8,0.0,Cloudy,normal
2025-12-14 04:00:00,12.4,1.7,45.0,16.3,1.4,0.0,Cloudy,normal
2025-12-14 05:00:00,17.9,0.0,45.4,15.0,-0.2,0.0,Clear,storm
2025-12-14 06:00:00,14.9,0.2,45.0,15.0,-1.3,0.0,Cloudy,storm
2025-12-14 07:00:00,17.9,1.6,45.0,15.0,-4.4,0.0,Cloudy,storm
2025-12-14 08:00:00,20.5,34.7,47.0,18.0,-1.7,0.0,Cloudy,normal
2025-12-14 09:00:00,26.9,57.2,46.2,31.9,-4.4,0.0,Clear,peak_solar
2025-12-14 10:00:00,30.2,10.4,51.5,27.6,-7.5,0.0,Clear,normal
2025-12-14 11:00:00,15.8,1.3,45.3,16.3,-0.5,0.0,Snow,normal
2025-12-14 12:00:00,16.3,44.4,45.0,22.1,-1.0,0.0,Snow,normal
2025-12-14 13:00:00,29.9,6.9,45.0,18.8,-3.2,0.0,Clear,normal
2025-12-14 14:00:00,23.7,14.8,48.2,15.0,-5.5,0.0,Cloudy,storm
2025-12-14 15:00:00,17.5,64.6,45.0,28.7,-3.7,0.0,Cloudy,normal
2025-12-14 16:00:00,16.7,37.7,54.5,28.6,-6.0,0.0,Cloudy,normal
2025-12-14 17:00:00,12.4,14.4,46.5,20.8,0.4,0.0,Snow,normal
2025-12-14 18:00:00,18.6,25.4,48.3,19.0,-5.0,0.0,Cloudy,normal
2025-12-14 19:00:00,9.4,0.2,45.0,15.0,-0.7,0.0,Snow,storm
2025-12-14 20:00:00,15.6,0.0,45.0,15.0,-3.1,0.0,Clear,storm
2025-12-14 21:00:00,7.6,120.0,45.0,45.4,-4.5,0.0,Storm,normal
2025-12-14 22:00:00,6.0,0.0,45.0,29.8,-1.0,0.0,Cloudy,normal
2025-12-14 23:00:00,2.6,66.2,45.0,38.5,-2.4,0.0,Cloudy,normal
2025-12-15 00:00:00,0.0,1.2,45.0,21.0,-0.1,0.0,Snow,normal
2025-12-15 01:00:00,3.0,33.5,45.0,17.6,-5.1,0.0,Cloudy,normal
2025-12-15 02:00:00,9.1,0.0,45.0,15.0,-4.3,0.0,Clear,storm
2025-12-15 03:00:00,5.1,0.0,50.6,15.0,-8.3,0.0,Snow,storm
2025-12-15 04:00:00,17.6,75.8,45.0,32.8,-8.2,0.0,Clear,normal
2025-12-15 05:00:00,14.2,0.0,45.0,20.5,0.2,0.0,Cloudy,normal
2025-12-15 06:00:00,16.7,0.2,45.0,15.0,0.6,0.0,Cloudy,storm
2025-12-15 07:00:00,18.3,120.0,45.0,49.3,-3.9,0.0,Cloudy,normal
2025-12-15 08:00:00,27.0,56.7,47.4,62.7,-6.0,0.0,Clear,peak_solar
2025-12-15 09:00:00,19.9,0.9,45.6,52.8,-4.8,0.0,Cloudy,normal
2025-12-15 10:00:00,20.8,0.0,45.0,43.1,-2.0,0.0,Cloudy,normal
2025-12-15 11:00:00,21.3,120.0,45.0,78.5,-4.9,0.0,Storm,normal
2025-12-15 12:00:00,18.6,0.1,51.9,65.2,-2.9,0.0,Snow,normal
2025-12-15 13:00:00,29.7,12.8,47.6,63.2,-3.1,0.0,Clear,normal
2025-12-15 14:00:00,13.1,120.0,45.0,95.0,-3.9,0.0,Snow,normal
2025-12-15 15:00:00,17.2,21.2,49.8,90.4,-3.4,0.0,Snow,normal
2025-12-15 16:00:00,24.5,120.0,48.9,95.0,-1.3,0.0,Clear,peak_solar
2025-12-15 17:00:00,14.7,0.7,45.0,83.2,-3.8,0.0,Snow,normal
2025-12-15 18:00:00,25.8,0.0,45.0,75.5,-0.4,0.0,Clear,normal
2025-12-15 19:00:00,15.9,37.6,45.3,78.5,-2.3,0.0,Cloudy,normal
2025-12-15 20:00:00,7.4,120.0,45.0,95.0,-0.9,0.0,Snow,normal
2025-12-15 21:00:00,12.4,25.2,45.0,92.1,1.8,0.0,Clear,normal
2025-12-15 22:00:00,5.4,0.0,45.0,76.2,-1.7,0.0,Cloudy,normal
2025-12-15 23:00:00,2.6,120.0,45.0,95.0,0.4,0.0,Storm,normal
2025-12-16 00:00:00,0.0,0.0,53.0,73.8,-5.8,0.0,Clear,normal
2025-12-16 01:00:00,4.0,8.9,45.0,61.0,-3.2,0.0,Clear,normal
2025-12-16 02:00:00,7.4,120.0,45.0,91.3,-2.5,0.0,Clear,normal
2025-12-16 03:00:00,12.9,6.3,45.0,81.0,1.3,0.0,Clear,normal
2025-12-16 04:00:00,10.8,38.8,45.0,82.7,-7.6,0.0,Cloudy,normal
2025-12-16 05:00:00,17.4,0.0,45.0,71.6,-3.8,0.0,Clear,normal
2025-12-16 06:00:00,18.1,34.7,45.0,74.5,-0.7,0.0,Cloudy,normal
2025-12-16 07:00:00,28.7,0.0,45.0,68.0,-5.7,0.0,Clear,normal
2025-12-16 08:00:00,20.6,9.4,48.8,60.5,-4.5,0.0,Cloudy,normal
2025-12-16 09:00:00,31.3,0.0,45.6,54.8,-3.3,0.0,Clear,normal
2025-12-16 10:00:00,11.6,44.8,46.6,58.4,-3.5,0.0,Snow,normal
2025-12-16 11:00:00,29.8,23.8,45.0,61.5,-0.2,0.0,Clear,peak_solar
2025-12-16 12:00:00,19.7,9.0,54.8,51.1,-2.3,0.0,Cloudy,normal
2025-12-16 13:00:00,22.6,80.3,45.0,72.4,0.0,0.0,Cloudy,normal
2025-12-16 14:00:00,15.5,31.6,45.0,73.2,-3.4,0.0,Snow,normal
2025-12-16 15:00:00,11.9,0.0,48.9,58.4,-3.8,0.0,Snow,normal
2025-12-16 16:00:00,31.9,74.9,49.4,79.5,-2.3,0.0,Clear,peak_solar
2025-12-16 17:00:00,25.8,32.9,45.0,84.6,-4.1,0.0,Clear,peak_solar
2025-12-16 18:00:00,20.2,0.0,45.0,74.7,-0.2,0.0,Clear,normal
2025-12-16 19:00:00,18.7,5.4,45.0,66.3,-2.0,0.0,Clear,normal
2025-12-16 20:00:00,10.7,0.5,45.0,52.8,-2.5,0.0,Cloudy,normal
2025-12-16 21:00:00,7.8,120.0,45.0,83.3,0.0,0.0,Storm,normal
2025-12-16 22:00:00,5.3,0.0,45.0,67.4,-3.8,0.0,Cloudy,normal
2025-12-16 23:00:00,1.7,0.7,45.0,50.4,0.2,0.0,Snow,normal
2025-12-17 00:00:00,0.0,4.0,45.0,34.0,-2.8,0.0,Cloudy,normal
2025-12-17 01:00:00,4.9,7.9,45.0,21.1,0.5,0.0,Clear,normal
2025-12-17 02:00:00,6.5,0.8,45.0,15.0,-3.3,0.0,Cloudy,storm
2025-12-17 03:00:00,7.3,7.2,45.0,15.0,-1.5,0.0,Cloudy,storm
2025-12-17 04:00:00,15.6,25.0,45.0,15.0,-2.8,0.0,Clear,storm
2025-12-17 05:00:00,14.5,0.1,45.0,15.0,-1.9,0.0,Cloudy,storm
2025-12-17 06:00:00,20.1,0.9,45.0,15.0,-3.5,0.0,Clear,storm
2025-12-17 07:00:00,17.6,120.0,45.5,48.9,-7.6,0.0,Storm,normal
2025-12-17 08:00:00,16.3,0.0,45.0,37.4,-1.7,0.0,Cloudy,normal
2025-12-17 09:00:00,20.1,78.3,49.2,55.5,-4.1,0.0,Cloudy,normal
2025-12-17 10:00:00,14.7,73.8,45.0,71.5,-2.0,0.0,Snow,normal
2025-12-17 11:00:00,29.0,0.0,45.0,65.1,-2.0,0.0,Clear,normal
2025-12-17 12:00:00,17.6,120.0,50.2,95.0,-4.9,0.0,Storm,normal
2025-12-17 13:00:00,35.3,3.4,50.4,90.3,-4.9,0.0,Clear,normal
2025-12-17 14:00:00,27.4,96.7,51.5,95.0,-1.0,0.0,Clear,peak_solar
2025-12-17 15:00:00,32.8,9.6,48.5,92.5,-2.7,0.0,Clear,normal
2025-12-17 16:00:00,25.8,0.0,47.6,83.8,0.3,0.0,Clear,normal
2025-12-17 17:00:00,26.3,1.1,45.0,76.8,-1.8,0.0,Clear,normal
2025-12-17 18:00:00,10.3,81.5,45.0,94.0,1.1,0.0,Snow,normal
2025-12-17 19:00:00,14.4,87.2,45.0,95.0,-0.1,0.0,Cloudy,normal
2025-12-17 20:00:00,10.8,11.0,47.6,84.6,-0.3,0.0,Cloudy,normal
2025-12-17 21:00:00,12.6,0.0,45.0,71.7,-1.8,0.0,Clear,normal
2025-12-17 22:00:00,5.0,103.4,45.0,95.0,-0.7,0.0,Cloudy,normal
2025-12-17 23:00:00,3.4,0.1,45.0,78.4,1.2,0.0,Cloudy,normal
2025-12-18 00:00:00,0.0,9.2,45.0,64.1,-1.7,0.0,Snow,normal
2025-12-18 01:00:00,3.2,29.3,45.0,59.1,-0.8,0.0,Cloudy,normal
2025-12-18 02:00:00,6.7,37.9,51.1,56.5,-2.3,0.0,Cloudy,normal
2025-12-18 03:00:00,8.5,26.5,45.0,52.5,-2.5,0.0,Cloudy,normal
2025-12-18 04:00:00,16.4,0.0,45.0,41.0,0.7,0.0,Clear,normal
2025-12-18 05:00:00,13.9,0.6,45.0,28.8,-0.8,0.0,Cloudy,normal
2025-12-18 06:00:00,15.1,0.0,45.0,16.9,-3.5,0.0,Cloudy,normal
2025-12-18 07:00:00,19.3,46.6,45.0,24.6,-3.3,0.0,Cloudy,normal
2025-12-18 08:00:00,23.2,31.9,47.9,27.2,-5.4,0.0,Cloudy,normal
2025-12-18 09:00:00,25.4,0.0,46.4,18.9,-4.2,0.0,Cloudy,normal
2025-12-18 10:00:00,22.4,67.4,52.7,32.6,-3.0,0.0,Cloudy,normal
2025-12-18 11:00:00,19.6,66.4,45.0,47.7,-1.6,0.0,Cloudy,normal
2025-12-18 12:00:00,29.6,120.0,45.0,86.2,-1.5,0.0,Clear,peak_solar
2025-12-18 13:00:00,33.0,28.9,45.0,92.4,-5.2,0.0,Clear,peak_solar
2025-12-18 14:00:00,23.9,34.5,45.0,95.0,-0.2,0.0,Cloudy,peak_solar
2025-12-18 15:00:00,29.3,1.0,48.7,87.6,-2.2,0.0,Clear,normal
2025-12-18 16:00:00,21.4,2.9,45.6,79.1,-3.8,0.0,Cloudy,normal
2025-12-18 17:00:00,10.4,111.5,45.0,95.0,1.6,0.0,Snow,normal
2025-12-18 18:00:00,17.9,0.2,45.0,84.3,2.2,0.0,Cloudy,normal
2025-12-18 19:00:00,12.7,0.0,45.0,71.4,-0.3,0.0,Cloudy,normal
2025-12-18 20:00:00,6.0,35.5,49.3,68.2,0.7,0.0,Snow,normal
2025-12-18 21:00:00,10.1,0.0,45.0,54.3,0.8,0.0,Cloudy,normal
2025-12-18 22:00:00,5.2,0.2,45.0,38.4,2.0,0.0,Cloudy,normal
2025-12-18 23:00:00,2.6,120.0,45.0,67.0,0.3,0.0,Cloudy,normal
2025-12-19 00:00:00,0.0,120.0,45.0,94.6,-4.4,0.0,Storm,normal
2025-12-19 01:00:00,2.4,86.3,45.0,95.0,2.5,0.0,Snow,normal
2025-12-19 02:00:00,2.5,7.8,45.0,81.1,0.1,0.0,Snow,normal
2025-12-19 03:00:00,10.4,0.0,45.0,67.3,-3.8,0.0,Cloudy,normal
2025-12-19 04:00:00,10.0,0.0,45.0,53.3,-5.3,0.0,Cloudy,normal
2025-12-19 05:00:00,17.2,1.4,45.0,42.7,-2.2,0.0,Clear,normal
2025-12-19 06:00:00,26.5,0.0,45.0,35.3,-4.2,0.0,Clear,normal
2025-12-19 07:00:00,18.3,120.0,45.0,69.7,-3.0,0.0,Storm,normal
2025-12-19 08:00:00,20.3,1.1,45.0,60.2,-2.1,0.0,Cloudy,normal
2025-12-19 09:00:00,31.7,1.9,49.1,54.1,-5.0,0.0,Clear,normal
2025-12-19 10:00:00,17.5,56.7,46.9,64.1,-6.0,0.0,Snow,normal
2025-12-19 11:00:00,17.0,0.0,49.2,51.3,-2.5,0.0,Snow,normal
2025-12-19 12:00:00,32.6,2.2,53.3,43.8,-4.2,0.0,Clear,normal
2025-12-19 13:00:00,18.7,5.8,50.1,33.6,-2.3,0.0,Cloudy,normal
2025-12-19 14:00:00,21.5,0.0,48.4,22.8,-5.2,0.0,Cloudy,normal
2025-12-19 15:00:00,17.4,0.0,45.2,15.0,-2.4,0.0,Cloudy,storm
2025-12-19 16:00:00,21.8,0.3,45.0,15.0,0.0,0.0,Cloudy,storm
2025-12-19 17:00:00,19.0,94.4,45.0,40.2,0.1,0.0,Cloudy,normal
2025-12-19 18:00:00,20.3,120.0,49.2,73.7,-2.7,0.0,Storm,normal
2025-12-19 19:00:00,21.5,24.4,45.0,74.0,-3.4,0.0,Clear,normal
2025-12-19 20:00:00,16.6,4.3,45.0,64.4,-0.7,0.0,Clear,normal
2025-12-19 21:00:00,7.7,120.0,45.0,94.8,0.4,0.0,Cloudy,normal
2025-12-19 22:00:00,7.0,67.7,45.0,95.0,-0.1,0.0,Cloudy,normal
2025-12-19 23:00:00,1.9,120.0,45.0,95.0,-2.3,0.0,Storm,normal
2025-12-20 00:00:00,0.0,0.0,45.0,77.0,-0.8,0.0,Cloudy,normal
2025-12-20 01:00:00,3.8,6.5,45.0,63.1,1.5,0.0,Clear,normal
2025-12-20 02:00:00,6.8,0.4,45.0,48.0,-1.7,0.0,Cloudy,normal
2025-12-20 03:00:00,9.7,0.0,45.0,33.9,-6.2,0.0,Cloudy,normal
2025-12-20 04:00:00,13.9,6.7,45.0,24.1,-2.5,0.0,Clear,normal
2025-12-20 05:00:00,15.8,120.0,45.0,57.6,1.3,0.0,Storm,normal
2025-12-20 06:00:00,15.8,0.0,45.0,45.9,-6.3,0.0,Cloudy,normal
2025-12-20 07:00:00,26.4,120.0,45.0,83.2,-3.6,0.0,Storm,peak_solar
2025-12-20 08:00:00,17.5,71.1,45.0,95.0,-4.2,0.0,Cloudy,normal
2025-12-20 09:00:00,17.4,120.0,48.1,95.0,-3.4,0.0,Cloudy,normal
2025-12-20 10:00:00,26.7,120.0,45.0,95.0,-3.1,0.0,Clear,peak_solar
2025-12-20 11:00:00,15.4,24.6,45.8,92.7,-0.7,0.0,Snow,normal
2025-12-20 12:00:00,29.5,1.0,46.4,86.4,-2.7,0.0,Clear,normal
2025-12-20 13:00:00,28.7,0.0,47.1,79.0,0.2,0.0,Clear,normal
2025-12-20 14:00:00,25.5,0.0,45.0,71.2,-2.4,0.0,Cloudy,normal
2025-12-20 15:00:00,28.1,35.2,45.0,77.9,-2.6,0.0,Clear,peak_solar
2025-12-20 16:00:00,17.4,1.2,49.5,65.6,-2.9,0.0,Cloudy,normal
2025-12-20 17:00:00,9.4,0.0,45.4,51.2,-5.1,0.0,Snow,normal
2025-12-20 18:00:00,20.4,14.7,45.0,47.2,-0.3,0.0,Clear,normal
2025-12-20 19:00:00,15.8,20.7,45.1,43.8,3.8,0.0,Cloudy,normal
2025-12-20 20:00:00,11.9,57.0,45.0,52.6,0.3,0.0,Cloudy,normal
2025-12-20 21:00:00,10.7,0.0,45.0,38.8,0.8,0.0,Clear,normal
2025-12-20 22:00:00,7.5,4.2,45.0,25.5,-1.8,0.0,Clear,normal
2025-12-20 23:00:00,3.7,0.1,45.0,15.0,-1.7,0.0,Clear,storm
2025-12-21 00:00:00,0.0,0.0,45.0,15.0,0.8,0.0,Cloudy,storm
2025-12-21 01:00:00,3.4,109.7,45.0,40.1,2.7,0.0,Cloudy,normal
2025-12-21 02:00:00,6.9,93.1,45.0,60.3,1.2,0.0,Cloudy,normal
2025-12-21 03:00:00,6.7,0.0,45.0,45.0,-0.7,0.0,Snow,normal
2025-12-21 04:00:00,17.2,7.9,45.0,37.0,-2.8,0.0,Clear,normal
2025-12-21 05:00:00,21.0,120.0,45.0,72.4,-2.7,0.0,Clear,normal
2025-12-21 06:00:00,26.2,61.7,45.0,88.2,-5.1,0.0,Clear,peak_solar
2025-12-21 07:00:00,23.6,0.0,45.0,79.6,-6.7,0.0,Clear,normal
2025-12-21 08:00:00,11.7,120.0,45.0,95.0,-6.1,0.0,Snow,normal
2025-12-21 09:00:00,15.7,120.0,49.8,95.0,-3.4,0.0,Snow,normal
2025-12-21 10:00:00,21.7,18.5,45.0,93.1,-4.0,0.0,Cloudy,normal
2025-12-21 11:00:00,19.9,2.2,46.5,83.3,-6.4,0.0,Cloudy,normal
2025-12-21 12:00:00,35.6,0.0,45.8,79.2,-2.9,0.0,Clear,normal
2025-12-21 13:00:00,13.8,6.5,45.0,69.3,-3.2,0.0,Snow,normal
2025-12-21 14:00:00,16.3,120.0,45.3,95.0,-4.7,0.0,Storm,normal
2025-12-21 15:00:00,27.3,0.0,45.0,87.9,-2.5,0.0,Clear,normal
2025-12-21 16:00:00,13.5,120.0,45.0,95.0,-2.1,0.0,Storm,normal
2025-12-21 17:00:00,24.6,54.4,45.0,95.0,-2.4,0.0,Clear,peak_solar
2025-12-21 18:00:00,11.5,6.4,45.0,84.2,1.2,0.0,Snow,normal
2025-12-21 19:00:00,16.9,120.0,47.0,95.0,-4.8,0.0,Clear,normal
2025-12-21 20:00:00,8.3,5.8,53.8,79.1,-5.0,0.0,Snow,normal
2025-12-21 21:00:00,8.4,3.1,45.0,65.7,-0.6,0.0,Cloudy,normal
2025-12-21 22:00:00,3.2,98.7,45.0,86.7,-0.6,0.0,Snow,normal
2025-12-21 23:00:00,3.7,0.0,45.0,70.2,-0.1,0.0,Clear,normal
2025-12-22 00:00:00,0.0,7.4,45.0,55.1,-2.4,0.0,Snow,normal
2025-12-22 01:00:00,4.6,5.8,45.0,41.2,-3.6,0.0,Clear,normal
2025-12-22 02:00:00,7.1,0.3,45.0,26.2,-2.0,0.0,Cloudy,normal
2025-12-22 03:00:00,10.6,2.8,45.0,15.0,-3.4,0.0,Clear,storm
2025-12-22 04:00:00,13.5,120.0,45.0,47.6,0.7,0.0,Storm,normal
2025-12-22 05:00:00,15.2,0.0,45.0,35.6,-3.8,0.0,Cloudy,normal
2025-12-22 06:00:00,14.2,0.0,45.0,23.4,-3.4,0.0,Cloudy,normal
2025-12-22 07:00:00,16.8,0.1,45.0,15.0,2.0,0.0,Cloudy,storm
2025-12-22 08:00:00,11.8,4.2,45.3,15.0,-3.9,0.0,Snow,storm
2025-12-22 09:00:00,23.4,2.1,45.0,15.0,-2.2,0.0,Cloudy,storm
2025-12-22 10:00:00,27.2,12.3,45.0,15.0,-1.9,0.0,Clear,storm
2025-12-22 11:00:00,39.0,0.0,51.3,15.0,-1.5,0.0,Clear,storm
2025-12-22 12:00:00,15.7,11.7,45.0,15.0,-2.1,0.0,Snow,storm
2025-12-22 13:00:00,19.0,120.0,49.2,48.0,-2.0,0.0,Storm,normal
2025-12-22 14:00:00,30.2,7.4,46.1,44.7,-1.8,0.0,Clear,normal
2025-12-22 15:00:00,28.9,2.4,48.2,37.9,-2.9,0.0,Clear,normal
2025-12-22 16:00:00,15.6,4.7,45.0,28.0,-0.5,0.0,Snow,normal
2025-12-22 17:00:00,19.6,1.3,45.0,18.4,3.5,0.0,Cloudy,normal
2025-12-22 18:00:00,15.9,53.8,45.0,27.5,2.0,0.0,Cloudy,normal
2025-12-22 19:00:00,14.1,19.0,45.0,22.7,0.1,0.0,Cloudy,normal
2025-12-22 20:00:00,9.2,15.4,45.0,15.0,1.4,0.0,Snow,storm
2025-12-22 21:00:00,8.6,120.0,45.0,45.8,-2.5,0.0,Cloudy,normal
2025-12-22 22:00:00,8.9,55.4,45.0,52.8,-1.3,0.0,Clear,normal
2025-12-22 23:00:00,3.7,0.0,45.0,36.3,1.1,0.0,Clear,normal
2025-12-23 00:00:00,0.0,1.1,45.0,18.8,2.1,0.0,Cloudy,normal
2025-12-23 01:00:00,3.9,0.0,45.0,15.0,-3.2,0.0,Clear,storm
2025-12-23 02:00:00,5.7,0.1,45.0,15.0,-3.0,0.0,Cloudy,storm
2025-12-23 03:00:00,7.8,0.4,45.0,15.0,2.5,0.0,Cloudy,storm
2025-12-23 04:00:00,10.8,0.0,45.0,15.0,-2.5,0.0,Cloudy,storm
2025-12-23 05:00:00,9.9,61.4,45.0,24.7,1.0,0.0,Snow,normal
2025-12-23 06:00:00,19.2,39.7,45.0,29.8,-2.8,0.0,Cloudy,normal
2025-12-23 07:00:00,26.4,1.1,45.0,22.8,-2.8,0.0,Clear,normal
2025-12-23 08:00:00,14.8,35.8,50.5,22.9,-4.1,0.0,Snow,normal
2025-12-23 09:00:00,29.8,24.8,53.8,23.2,-1.3,0.0,Clear,peak_solar
2025-12-23 10:00:00,19.0,9.6,45.0,16.7,-0.2,0.0,Cloudy,normal
2025-12-23 11:00:00,26.4,3.6,58.3,15.0,-5.3,0.0,Cloudy,storm
2025-12-23 12:00:00,21.5,0.0,46.3,15.0,-3.5,0.0,Cloudy,storm
2025-12-23 13:00:00,12.2,79.2,47.2,31.2,-0.3,0.0,Snow,normal
2025-12-23 14:00:00,25.9,5.7,45.0,25.8,-2.2,0.0,Cloudy,normal
2025-12-23 15:00:00,27.2,13.9,45.0,24.3,-2.6,0.0,Clear,normal
2025-12-23 16:00:00,18.1,11.1,45.0,18.0,1.0,0.0,Cloudy,normal
2025-12-23 17:00:00,9.1,0.5,48.2,15.0,1.6,0.0,Snow,storm
2025-12-23 18:00:00,16.3,0.3,45.0,15.0,-1.6,0.0,Cloudy,storm
2025-12-23 19:00:00,20.5,2.8,46.6,15.0,0.0,0.0,Clear,storm
2025-12-23 20:00:00,12.6,58.8,47.5,23.8,-3.1,0.0,Cloudy,normal
2025-12-23 21:00:00,9.1,4.2,45.0,15.0,-2.4,0.0,Cloudy,storm
2025-12-23 22:00:00,7.9,0.0,45.0,15.0,-0.4,0.0,Clear,storm
2025-12-23 23:00:00,1.6,18.6,45.0,15.0,-0.8,0.0,Snow,storm
2025-12-24 00:00:00,0.0,0.6,45.0,15.0,-3.2,0.0,Snow,storm
2025-12-24 01:00:00,4.8,0.0,45.0,15.0,-3.0,0.0,Clear,storm
2025-12-24 02:00:00,6.3,45.6,45.0,17.5,-4.2,0.0,Cloudy,normal
2025-12-24 03:00:00,11.3,44.8,45.0,21.6,-1.2,0.0,Clear,normal
2025-12-24 04:00:00,16.3,9.8,45.0,15.0,-6.9,0.0,Clear,storm
2025-12-24 05:00:00,16.3,2.0,45.0,15.0,-5.1,0.0,Cloudy,storm
2025-12-24 06:00:00,25.5,0.8,45.0,15.0,-7.2,0.0,Clear,storm
2025-12-24 07:00:00,21.2,0.0,45.0,15.0,-2.4,0.0,Cloudy,storm
2025-12-24 08:00:00,28.1,0.0,52.5,15.0,-7.3,0.0,Clear,storm
2025-12-24 09:00:00,26.8,1.1,45.3,15.0,-3.2,0.0,Clear,storm
2025-12-24 10:00:00,27.6,1.2,45.0,15.0,0.5,0.0,Clear,storm
2025-12-24 11:00:00,21.4,120.0,45.3,50.4,0.8,0.0,Storm,normal
2025-12-24 12:00:00,14.5,0.0,48.9,36.6,-6.6,0.0,Snow,normal
2025-12-24 13:00:00,20.2,120.0,45.0,71.6,-1.6,0.0,Cloudy,normal
2025-12-24 14:00:00,23.4,0.5,48.8,61.6,-4.0,0.0,Cloudy,normal
2025-12-24 15:00:00,11.9,9.4,48.1,50.9,-4.1,0.0,Snow,normal
2025-12-24 16:00:00,17.3,17.5,52.4,43.9,-1.3,0.0,Cloudy,normal
2025-12-24 17:00:00,15.5,25.8,46.6,41.8,1.9,0.0,Cloudy,normal
2025-12-24 18:00:00,9.1,0.2,45.0,27.5,0.8,0.0,Snow,normal
2025-12-24 19:00:00,13.1,1.8,46.3,15.0,-2.0,0.0,Cloudy,storm
2025-12-24 20:00:00,15.1,6.7,45.0,15.0,1.2,0.0,Clear,storm
2025-12-24 21:00:00,5.2,0.2,45.0,15.0,-5.3,0.0,Snow,storm
2025-12-24 22:00:00,5.8,120.0,45.0,44.8,-2.2,0.0,Cloudy,normal
2025-12-24 23:00:00,3.0,120.0,45.0,73.5,-2.6,0.0,Storm,normal
2025-12-25 00:00:00,0.0,16.0,45.0,61.8,-0.9,0.0,Snow,normal
2025-12-25 01:00:00,3.0,15.5,45.0,51.2,-1.8,0.0,Cloudy,normal
2025-12-25 02:00:00,8.1,101.4,45.0,75.0,-2.1,0.0,Clear,normal
2025-12-25 03:00:00,13.1,58.8,45.0,84.9,-2.5,0.0,Clear,normal
2025-12-25 04:00:00,13.7,5.6,45.0,74.6,-2.5,0.0,Cloudy,normal
2025-12-25 05:00:00,18.0,120.0,45.0,95.0,-1.6,0.0,Storm,normal
2025-12-25 06:00:00,14.7,0.3,45.0,83.0,-2.7,0.0,Cloudy,normal
2025-12-25 07:00:00,13.9,46.4,45.0,88.6,-3.9,0.0,Snow,normal
2025-12-25 08:00:00,30.5,1.7,45.0,83.5,-2.4,0.0,Clear,normal
2025-12-25 09:00:00,30.6,22.3,50.8,84.3,-1.4,0.0,Clear,peak_solar
2025-12-25 10:00:00,29.9,1.0,52.2,75.7,-4.3,0.0,Clear,normal
2025-12-25 11:00:00,17.4,120.0,48.1,95.0,-3.0,0.0,Storm,normal
2025-12-25 12:00:00,26.4,113.7,45.0,95.0,0.0,0.0,Cloudy,peak_solar
2025-12-25 13:00:00,17.2,19.2,51.9,88.8,-4.6,0.0,Snow,normal
2025-12-25 14:00:00,24.8,61.2,50.6,95.0,2.2,0.0,Cloudy,peak_solar
2025-12-25 15:00:00,22.5,0.0,46.2,85.5,-4.3,0.0,Cloudy,normal
2025-12-25 16:00:00,25.3,0.0,50.6,75.4,-1.8,0.0,Clear,normal
2025-12-25 17:00:00,20.8,0.2,49.8,63.9,-2.8,0.0,Cloudy,normal
2025-12-25 18:00:00,13.5,120.0,48.0,95.0,4.3,0.0,Storm,normal
2025-12-25 19:00:00,13.3,1.0,47.6,81.7,-1.4,0.0,Cloudy,normal
2025-12-25 20:00:00,11.9,71.7,45.0,95.0,-1.4,0.0,Cloudy,normal
2025-12-25 21:00:00,11.6,2.5,45.0,82.6,-1.1,0.0,Clear,normal
2025-12-25 22:00:00,7.4,3.2,45.0,68.8,-0.3,0.0,Clear,normal
2025-12-25 23:00:00,1.6,1.0,45.0,51.9,-1.4,0.0,Snow,normal
2025-12-26 00:00:00,0.0,0.7,45.0,34.2,-1.2,0.0,Snow,normal
2025-12-26 01:00:00,2.4,59.3,45.0,40.3,-9.1,0.0,Snow,normal
2025-12-26 02:00:00,8.6,0.8,45.0,26.1,-1.6,0.0,Clear,normal
2025-12-26 03:00:00,6.6,0.7,45.0,15.0,-2.1,0.0,Snow,storm
2025-12-26 04:00:00,9.4,5.8,45.0,15.0,-0.2,0.0,Cloudy,storm
2025-12-26 05:00:00,20.7,1.7,45.0,15.0,0.1,0.0,Clear,storm
2025-12-26 06:00:00,17.7,0.0,45.0,15.0,-3.4,0.0,Cloudy,storm
2025-12-26 07:00:00,10.0,44.6,45.0,18.5,-1.4,0.0,Snow,normal
2025-12-26 08:00:00,13.6,12.2,47.1,15.0,-5.6,0.0,Snow,storm
2025-12-26 09:00:00,30.6,0.5,45.0,15.0,-1.5,0.0,Clear,storm
2025-12-26 10:00:00,31.8,0.0,46.8,15.0,-4.3,0.0,Clear,storm
2025-12-26 11:00:00,12.3,105.5,51.5,39.4,-5.4,0.0,Snow,normal
2025-12-26 12:00:00,21.9,0.0,46.4,29.6,-2.9,0.0,Cloudy,normal
2025-12-26 13:00:00,32.9,0.0,45.0,24.8,1.0,0.0,Clear,normal
2025-12-26 14:00:00,17.0,31.2,50.7,23.7,-1.3,0.0,Snow,normal
2025-12-26 15:00:00,24.8,0.0,45.0,15.6,2.0,0.0,Cloudy,normal
2025-12-26 16:00:00,26.8,8.2,50.2,15.0,-2.6,0.0,Clear,storm
2025-12-26 17:00:00,20.1,9.0,45.0,15.0,1.7,0.0,Cloudy,storm
2025-12-26 18:00:00,12.9,0.0,54.9,15.0,-1.8,0.0,Snow,storm
2025-12-26 19:00:00,22.8,0.0,45.0,15.0,0.2,0.0,Clear,storm
2025-12-26 20:00:00,7.5,10.1,45.0,15.0,0.3,0.0,Snow,storm
2025-12-26 21:00:00,3.8,0.0,45.0,15.0,1.2,0.0,Snow,storm
2025-12-26 22:00:00,7.3,120.0,45.0,45.3,0.1,0.0,Clear,normal
2025-12-26 23:00:00,4.0,0.6,45.9,28.8,-2.3,0.0,Clear,normal
2025-12-27 00:00:00,0.0,120.0,45.0,56.4,1.1,0.0,Storm,normal
2025-12-27 01:00:00,4.1,120.0,45.0,85.5,2.6,0.0,Clear,normal
2025-12-27 02:00:00,10.0,3.7,45.0,73.0,-2.9,0.0,Clear,normal
2025-12-27 03:00:00,4.9,11.1,45.0,61.4,-6.1,0.0,Snow,normal
2025-12-27 04:00:00,6.4,90.9,45.0,80.6,-1.3,0.0,Snow,normal
2025-12-27 05:00:00,16.9,0.0,45.0,69.4,-3.4,0.0,Clear,normal
2025-12-27 06:00:00,17.2,0.9,45.0,58.6,-3.2,0.0,Cloudy,normal
2025-12-27 07:00:00,20.3,120.0,45.0,93.7,-1.9,0.0,Storm,normal
2025-12-27 08:00:00,26.3,68.2,47.8,95.0,-4.1,0.0,Clear,peak_solar
2025-12-27 09:00:00,14.4,2.2,45.0,83.6,-3.7,0.0,Snow,normal
2025-12-27 10:00:00,32.1,11.4,45.9,82.7,-3.2,0.0,Clear,normal
2025-12-27 11:00:00,34.2,0.2,47.6,77.4,0.5,0.0,Clear,normal
2025-12-27 12:00:00,21.2,1.4,45.0,68.4,-2.3,0.0,Cloudy,normal
2025-12-27 13:00:00,26.9,29.6,51.0,70.5,-4.7,0.0,Cloudy,peak_solar
2025-12-27 14:00:00,32.2,1.5,46.4,65.4,-4.3,0.0,Clear,normal
2025-12-27 15:00:00,25.7,44.6,45.0,74.7,-0.9,0.0,Clear,peak_solar
2025-12-27 16:00:00,10.8,0.0,47.8,59.9,-3.4,0.0,Snow,normal
2025-12-27 17:00:00,23.3,28.8,46.9,61.8,-4.0,0.0,Clear,normal
2025-12-27 18:00:00,12.8,0.0,48.4,47.5,1.1,0.0,Snow,normal
2025-12-27 19:00:00,8.5,3.3,45.0,34.2,1.3,0.0,Snow,normal
2025-12-27 20:00:00,14.9,0.1,49.1,20.6,-0.9,0.0,Clear,normal
2025-12-27 21:00:00,14.4,29.0,45.0,20.0,0.5,0.0,Clear,normal
2025-12-27 22:00:00,6.0,0.0,45.0,15.0,0.1,0.0,Cloudy,storm
2025-12-27 23:00:00,4.1,46.0,45.0,16.9,0.7,0.0,Clear,normal
2025-12-28 00:00:00,0.0,5.6,45.0,15.0,0.5,0.0,Snow,storm
2025-12-28 01:00:00,2.2,2.3,45.7,15.0,-6.9,0.0,Snow,storm
2025-12-28 02:00:00,3.0,0.3,45.0,15.0,-2.1,0.0,Snow,storm
2025-12-28 03:00:00,7.6,0.8,45.0,15.0,-0.8,0.0,Cloudy,storm
2025-12-28 04:00:00,12.9,120.0,45.0,47.3,-3.2,0.0,Cloudy,normal
2025-12-28 05:00:00,14.0,0.2,45.0,35.0,-2.6,0.0,Cloudy,normal
2025-12-28 06:00:00,17.9,120.0,45.0,69.2,-1.2,0.0,Cloudy,normal
2025-12-28 07:00:00,13.2,120.0,45.0,95.0,-2.8,0.0,Storm,normal
2025-12-28 08:00:00,29.1,2.0,45.0,89.4,0.2,0.0,Clear,normal
2025-12-28 09:00:00,15.5,0.0,45.0,77.6,-0.5,0.0,Snow,normal
2025-12-28 10:00:00,12.6,75.8,49.6,91.9,-3.1,0.0,Snow,normal
2025-12-28 11:00:00,17.5,73.6,45.0,95.0,-3.1,0.0,Snow,normal
2025-12-28 12:00:00,20.7,120.0,47.7,95.0,-8.6,0.0,Cloudy,normal
2025-12-28 13:00:00,29.6,4.2,45.0,90.5,-2.7,0.0,Clear,normal
2025-12-28 14:00:00,16.1,15.4,48.6,83.7,-4.5,0.0,Snow,normal
2025-12-28 15:00:00,29.5,0.8,45.0,77.8,-0.7,0.0,Clear,normal
2025-12-28 16:00:00,16.6,0.6,45.0,66.7,-0.5,0.0,Cloudy,normal
2025-12-28 17:00:00,22.0,13.2,45.0,62.8,1.0,0.0,Clear,normal
2025-12-28 18:00:00,25.3,92.2,45.0,89.4,2.8,0.0,Clear,peak_solar
2025-12-28 19:00:00,19.9,52.9,45.0,95.0,-0.2,0.0,Clear,normal
2025-12-28 20:00:00,17.8,6.5,45.0,86.7,4.9,0.0,Clear,normal
2025-12-28 21:00:00,12.0,111.5,45.0,95.0,0.4,0.0,Clear,normal
2025-12-28 22:00:00,2.8,0.0,45.0,78.1,-3.2,0.0,Snow,normal
2025-12-28 23:00:00,2.7,120.0,45.0,95.0,-1.7,0.0,Storm,normal
2025-12-29 00:00:00,0.0,0.0,45.0,77.0,-1.6,0.0,Snow,normal
2025-12-29 01:00:00,5.1,4.8,45.0,62.9,0.2,0.0,Clear,normal
2025-12-29 02:00:00,8.7,12.4,45.0,53.4,-3.6,0.0,Clear,normal
2025-12-29 03:00:00,9.9,14.0,45.0,44.9,-2.6,0.0,Cloudy,normal
2025-12-29 04:00:00,10.0,87.5,45.0,64.3,-2.6,0.0,Cloudy,normal
2025-12-29 05:00:00,16.6,0.0,45.0,52.9,-3.6,0.0,Cloudy,normal
2025-12-29 06:00:00,20.7,17.0,45.0,50.0,-1.0,0.0,Clear,normal
2025-12-29 07:00:00,22.4,42.7,45.0,57.3,-1.5,0.0,Clear,normal
2025-12-29 08:00:00,27.9,120.0,45.0,95.0,-0.4,0.0,Clear,peak_solar
2025-12-29 09:00:00,22.8,1.9,45.2,86.8,-3.7,0.0,Cloudy,normal
2025-12-29 10:00:00,15.3,9.2,51.4,76.1,-0.2,0.0,Snow,normal
2025-12-29 11:00:00,15.5,5.8,49.9,64.6,-5.6,0.0,Snow,normal
2025-12-29 12:00:00,23.6,37.6,50.2,68.7,-5.3,0.0,Cloudy,normal
2025-12-29 13:00:00,35.4,38.3,45.0,79.2,-4.6,0.0,Clear,peak_solar
2025-12-29 14:00:00,28.0,1.6,45.0,73.0,-1.5,0.0,Clear,normal
2025-12-29 15:00:00,29.5,5.4,45.0,69.0,1.5,0.0,Clear,normal
2025-12-29 16:00:00,23.6,7.0,45.0,63.2,-2.1,0.0,Cloudy,normal
2025-12-29 17:00:00,13.4,0.0,45.3,50.4,-1.5,0.0,Snow,normal
2025-12-29 18:00:00,11.6,19.9,45.0,45.0,-0.7,0.0,Snow,normal
2025-12-29 19:00:00,14.6,17.8,45.0,40.0,1.2,0.0,Cloudy,normal
2025-12-29 20:00:00,15.3,0.0,45.0,28.1,-1.1,0.0,Clear,normal
2025-12-29 21:00:00,14.2,23.9,45.0,25.4,-1.2,0.0,Clear,normal
2025-12-29 22:00:00,5.4,120.0,45.0,55.0,-3.2,0.0,Storm,normal
2025-12-29 23:00:00,4.3,0.1,45.0,38.8,-1.7,0.0,Clear,normal
2025-12-30 00:00:00,0.0,0.0,45.0,20.8,1.9,0.0,Clear,normal
2025-12-30 01:00:00,4.1,41.0,45.0,20.8,-0.9,0.0,Clear,normal
2025-12-30 02:00:00,5.7,1.5,45.0,15.0,-3.1,0.0,Cloudy,storm
2025-12-30 03:00:00,10.8,87.8,45.0,34.7,0.9,0.0,Clear,normal
2025-12-30 04:00:00,14.4,4.5,45.0,24.3,-3.5,0.0,Clear,normal
2025-12-30 05:00:00,16.6,0.4,45.0,15.0,0.6,0.0,Cloudy,storm
2025-12-30 06:00:00,13.9,4.2,45.0,15.0,0.3,0.0,Cloudy,storm
2025-12-30 07:00:00,22.9,37.9,45.0,20.8,-2.8,0.0,Clear,normal
2025-12-30 08:00:00,30.7,34.7,52.7,25.5,-6.2,0.0,Clear,peak_solar
2025-12-30 09:00:00,24.2,0.0,45.0,17.2,2.1,0.0,Cloudy,normal
2025-12-30 10:00:00,22.9,37.7,45.0,22.9,-1.9,0.0,Cloudy,normal
2025-12-30 11:00:00,24.9,7.6,45.0,18.0,-3.2,0.0,Cloudy,normal
2025-12-30 12:00:00,15.1,9.9,45.0,15.0,-0.1,0.0,Snow,storm
2025-12-30 13:00:00,23.7,19.8,45.0,15.0,-0.3,0.0,Cloudy,storm
2025-12-30 14:00:00,26.5,0.0,45.0,15.0,1.4,0.0,Cloudy,storm
2025-12-30 15:00:00,25.1,0.0,49.4,15.0,-2.5,0.0,Cloudy,storm
2025-12-30 16:00:00,21.7,0.0,45.0,15.0,0.0,0.0,Cloudy,storm
2025-12-30 17:00:00,27.5,75.8,45.0,36.4,-3.0,0.0,Clear,peak_solar
2025-12-30 18:00:00,12.5,74.4,47.8,50.8,1.3,0.0,Snow,normal
2025-12-30 19:00:00,20.7,0.0,45.0,41.1,-0.1,0.0,Clear,normal
2025-12-30 20:00:00,5.8,5.3,47.6,26.5,0.7,0.0,Snow,normal
2025-12-30 21:00:00,13.8,0.7,45.0,15.0,-0.3,0.0,Clear,storm
2025-12-30 22:00:00,9.2,0.0,45.0,15.0,-0.7,0.0,Clear,storm
2025-12-30 23:00:00,3.1,117.0,45.0,42.6,-2.3,0.0,Cloudy,normal
2025-12-31 00:00:00,0.0,120.0,45.0,70.2,1.1,0.0,Clear,normal
2025-12-31 01:00:00,4.9,11.4,45.0,58.8,2.3,0.0,Clear,normal
2025-12-31 02:00:00,4.4,0.4,45.0,42.7,-2.6,0.0,Snow,normal
2025-12-31 03:00:00,8.3,1.2,45.0,28.5,-0.6,0.0,Cloudy,normal
2025-12-31 04:00:00,8.9,0.0,45.0,15.0,-1.2,0.0,Snow,storm
2025-12-31 05:00:00,22.1,1.1,45.0,15.0,-2.4,0.0,Clear,storm
2025-12-31 06:00:00,19.0,0.0,45.0,15.0,-6.1,0.0,Cloudy,storm
2025-12-31 07:00:00,26.8,120.0,49.4,50.8,-5.7,0.0,Clear,peak_solar
2025-12-31 08:00:00,14.0,0.0,45.0,38.4,-4.6,0.0,Snow,normal
2025-12-31 09:00:00,27.2,57.0,57.1,48.4,-7.6,0.0,Clear,peak_solar
2025-12-31 10:00:00,28.2,0.0,45.0,41.7,0.4,0.0,Clear,normal
2025-12-31 11:00:00,20.1,36.7,46.8,45.4,-1.6,0.0,Cloudy,normal
2025-12-31 12:00:00,38.9,3.6,49.4,42.6,-2.2,0.0,Clear,normal
2025-12-31 13:00:00,28.4,59.0,49.7,56.5,-6.6,0.0,Clear,peak_solar
2025-12-31 14:00:00,28.1,0.0,45.0,49.7,-5.4,0.0,Clear,normal
2025-12-31 15:00:00,32.2,0.3,45.0,44.8,-1.0,0.0,Clear,normal
2025-12-31 16:00:00,20.8,1.6,45.0,35.7,3.7,0.0,Cloudy,normal
2025-12-31 17:00:00,29.1,7.3,48.5,30.9,-1.9,0.0,Clear,normal
2025-12-31 18:00:00,18.3,7.0,45.0,23.0,1.8,0.0,Cloudy,normal
2025-12-31 19:00:00,13.4,0.0,45.0,15.0,-1.0,0.0,Cloudy,storm
2025-12-31 20:00:00,9.5,0.0,45.0,15.0,0.2,0.0,Cloudy,storm
2025-12-31 21:00:00,9.9,2.1,45.0,15.0,2.7,0.0,Cloudy,storm
2025-12-31 22:00:00,3.0,4.6,45.0,15.0,-0.9,0.0,Snow,storm
2025-12-31 23:00:00,3.5,1.6,45.0,15.0,-1.9,0.0,Cloudy,storm
